w_signal,w_4b_cut,seed,signal_ratio,n_3b,noise_scale
0.0,0.0,0,0.01,100000,1.0
0.10124684,0.05,0,0.01,100000,1.0
0.18371902,0.1,0,0.01,100000,1.0
0.27818343,0.15000000000000002,0,0.01,100000,1.0
0.3443158,0.2,0,0.01,100000,1.0
0.43963003,0.25,0,0.01,100000,1.0
0.51396173,0.30000000000000004,0,0.01,100000,1.0
0.5830991,0.35000000000000003,0,0.01,100000,1.0
0.6630878,0.4,0,0.01,100000,1.0
0.71482384,0.45,0,0.01,100000,1.0
0.7603616,0.5,0,0.01,100000,1.0
0.8157805,0.55,0,0.01,100000,1.0
0.8527841,0.6000000000000001,0,0.01,100000,1.0
0.89308244,0.65,0,0.01,100000,1.0
0.92590433,0.7000000000000001,0,0.01,100000,1.0
0.9488218,0.75,0,0.01,100000,1.0
0.96548337,0.8,0,0.01,100000,1.0
0.9810817,0.8500000000000001,0,0.01,100000,1.0
0.9926388,0.9,0,0.01,100000,1.0
0.9983241,0.9500000000000001,0,0.01,100000,1.0
1.0,1.0,0,0.01,100000,1.0
0.0,0.0,0,0.01,100000,2.0
0.038905684,0.05,0,0.01,100000,2.0
0.093806975,0.1,0,0.01,100000,2.0
0.1524014,0.15000000000000002,0,0.01,100000,2.0
0.20689853,0.2,0,0.01,100000,2.0
0.27915686,0.25,0,0.01,100000,2.0
0.35714912,0.30000000000000004,0,0.01,100000,2.0
0.42010397,0.35000000000000003,0,0.01,100000,2.0
0.50098133,0.4,0,0.01,100000,2.0
0.5738432,0.45,0,0.01,100000,2.0
0.64966,0.5,0,0.01,100000,2.0
0.7133899,0.55,0,0.01,100000,2.0
0.7801667,0.6000000000000001,0,0.01,100000,2.0
0.8537926,0.65,0,0.01,100000,2.0
0.8998891,0.7000000000000001,0,0.01,100000,2.0
0.9344125,0.75,0,0.01,100000,2.0
0.95706135,0.8,0,0.01,100000,2.0
0.9816976,0.8500000000000001,0,0.01,100000,2.0
0.9910757,0.9,0,0.01,100000,2.0
0.99641794,0.9500000000000001,0,0.01,100000,2.0
1.0,1.0,0,0.01,100000,2.0
0.0,0.0,0,0.01,100000,3.0
0.010862921,0.05,0,0.01,100000,3.0
0.02809045,0.1,0,0.01,100000,3.0
0.051504366,0.15000000000000002,0,0.01,100000,3.0
0.07473149,0.2,0,0.01,100000,3.0
0.11882124,0.25,0,0.01,100000,3.0
0.17976259,0.30000000000000004,0,0.01,100000,3.0
0.26043975,0.35000000000000003,0,0.01,100000,3.0
0.3652365,0.4,0,0.01,100000,3.0
0.49248877,0.45,0,0.01,100000,3.0
0.5832247,0.5,0,0.01,100000,3.0
0.6875204,0.55,0,0.01,100000,3.0
0.7795792,0.6000000000000001,0,0.01,100000,3.0
0.8419719,0.65,0,0.01,100000,3.0
0.8846163,0.7000000000000001,0,0.01,100000,3.0
0.9247434,0.75,0,0.01,100000,3.0
0.95495003,0.8,0,0.01,100000,3.0
0.979893,0.8500000000000001,0,0.01,100000,3.0
0.99108064,0.9,0,0.01,100000,3.0
0.99663395,0.9500000000000001,0,0.01,100000,3.0
1.0,1.0,0,0.01,100000,3.0
0.0,0.0,1,0.01,100000,1.0
0.0017650746,0.05,1,0.01,100000,1.0
0.005154729,0.1,1,0.01,100000,1.0
0.005154729,0.15000000000000002,1,0.01,100000,1.0
0.008616039,0.2,1,0.01,100000,1.0
0.020233784,0.25,1,0.01,100000,1.0
0.053099256,0.30000000000000004,1,0.01,100000,1.0
0.10343756,0.35000000000000003,1,0.01,100000,1.0
0.17342389,0.4,1,0.01,100000,1.0
0.25429258,0.45,1,0.01,100000,1.0
0.33599937,0.5,1,0.01,100000,1.0
0.44945735,0.55,1,0.01,100000,1.0
0.52938366,0.6000000000000001,1,0.01,100000,1.0
0.63641006,0.65,1,0.01,100000,1.0
0.7121853,0.7000000000000001,1,0.01,100000,1.0
0.7906114,0.75,1,0.01,100000,1.0
0.8593927,0.8,1,0.01,100000,1.0
0.9199031,0.8500000000000001,1,0.01,100000,1.0
0.97934157,0.9,1,0.01,100000,1.0
0.9915822,0.9500000000000001,1,0.01,100000,1.0
1.0,1.0,1,0.01,100000,1.0
0.0,0.0,1,0.01,100000,2.0
0.0,0.05,1,0.01,100000,2.0
0.0033896544,0.1,1,0.01,100000,2.0
0.0033896544,0.15000000000000002,1,0.01,100000,2.0
0.007125499,0.2,1,0.01,100000,2.0
0.015166613,0.25,1,0.01,100000,2.0
0.05420558,0.30000000000000004,1,0.01,100000,2.0
0.12739418,0.35000000000000003,1,0.01,100000,2.0
0.25156948,0.4,1,0.01,100000,2.0
0.4070616,0.45,1,0.01,100000,2.0
0.5501929,0.5,1,0.01,100000,2.0
0.6637035,0.55,1,0.01,100000,2.0
0.7374778,0.6000000000000001,1,0.01,100000,2.0
0.8310632,0.65,1,0.01,100000,2.0
0.9057865,0.7000000000000001,1,0.01,100000,2.0
0.94405514,0.75,1,0.01,100000,2.0
0.9759331,0.8,1,0.01,100000,2.0
0.98284715,0.8500000000000001,1,0.01,100000,2.0
0.99492794,0.9,1,0.01,100000,2.0
0.9983758,0.9500000000000001,1,0.01,100000,2.0
1.0,1.0,1,0.01,100000,2.0
0.0,0.0,1,0.01,100000,3.0
0.0,0.05,1,0.01,100000,3.0
0.0033896544,0.1,1,0.01,100000,3.0
0.0033896544,0.15000000000000002,1,0.01,100000,3.0
0.007125499,0.2,1,0.01,100000,3.0
0.015178362,0.25,1,0.01,100000,3.0
0.0560837,0.30000000000000004,1,0.01,100000,3.0
0.12718566,0.35000000000000003,1,0.01,100000,3.0
0.25994104,0.4,1,0.01,100000,3.0
0.41654786,0.45,1,0.01,100000,3.0
0.5319213,0.5,1,0.01,100000,3.0
0.6616788,0.55,1,0.01,100000,3.0
0.74287605,0.6000000000000001,1,0.01,100000,3.0
0.83813703,0.65,1,0.01,100000,3.0
0.91239744,0.7000000000000001,1,0.01,100000,3.0
0.94752383,0.75,1,0.01,100000,3.0
0.9777067,0.8,1,0.01,100000,3.0
0.9862404,0.8500000000000001,1,0.01,100000,3.0
0.9966966,0.9,1,0.01,100000,3.0
0.99832094,0.9500000000000001,1,0.01,100000,3.0
1.0,1.0,1,0.01,100000,3.0
0.0,0.0,2,0.01,100000,1.0
0.21363437,0.05,2,0.01,100000,1.0
0.32918274,0.1,2,0.01,100000,1.0
0.42490467,0.15000000000000002,2,0.01,100000,1.0
0.492192,0.2,2,0.01,100000,1.0
0.54504925,0.25,2,0.01,100000,1.0
0.5784465,0.30000000000000004,2,0.01,100000,1.0
0.6176817,0.35000000000000003,2,0.01,100000,1.0
0.6504275,0.4,2,0.01,100000,1.0
0.676155,0.45,2,0.01,100000,1.0
0.708365,0.5,2,0.01,100000,1.0
0.73396087,0.55,2,0.01,100000,1.0
0.77189726,0.6000000000000001,2,0.01,100000,1.0
0.8027689,0.65,2,0.01,100000,1.0
0.85461366,0.7000000000000001,2,0.01,100000,1.0
0.89120597,0.75,2,0.01,100000,1.0
0.93426937,0.8,2,0.01,100000,1.0
0.96244127,0.8500000000000001,2,0.01,100000,1.0
0.9730166,0.9,2,0.01,100000,1.0
0.9894809,0.9500000000000001,2,0.01,100000,1.0
1.0,1.0,2,0.01,100000,1.0
0.0,0.0,2,0.01,100000,2.0
0.03936213,0.05,2,0.01,100000,2.0
0.10524665,0.1,2,0.01,100000,2.0
0.12824568,0.15000000000000002,2,0.01,100000,2.0
0.20223868,0.2,2,0.01,100000,2.0
0.25477293,0.25,2,0.01,100000,2.0
0.30964452,0.30000000000000004,2,0.01,100000,2.0
0.40116686,0.35000000000000003,2,0.01,100000,2.0
0.47847474,0.4,2,0.01,100000,2.0
0.5747739,0.45,2,0.01,100000,2.0
0.6554878,0.5,2,0.01,100000,2.0
0.74144274,0.55,2,0.01,100000,2.0
0.8047206,0.6000000000000001,2,0.01,100000,2.0
0.84193337,0.65,2,0.01,100000,2.0
0.8848814,0.7000000000000001,2,0.01,100000,2.0
0.9242639,0.75,2,0.01,100000,2.0
0.9654935,0.8,2,0.01,100000,2.0
0.9828088,0.8500000000000001,2,0.01,100000,2.0
0.99327517,0.9,2,0.01,100000,2.0
1.0,0.9500000000000001,2,0.01,100000,2.0
1.0,1.0,2,0.01,100000,2.0
0.0,0.0,2,0.01,100000,3.0
0.009545664,0.05,2,0.01,100000,3.0
0.043201663,0.1,2,0.01,100000,3.0
0.075985186,0.15000000000000002,2,0.01,100000,3.0
0.11063369,0.2,2,0.01,100000,3.0
0.16234662,0.25,2,0.01,100000,3.0
0.2309071,0.30000000000000004,2,0.01,100000,3.0
0.2942404,0.35000000000000003,2,0.01,100000,3.0
0.402671,0.4,2,0.01,100000,3.0
0.51173884,0.45,2,0.01,100000,3.0
0.6238205,0.5,2,0.01,100000,3.0
0.72115046,0.55,2,0.01,100000,3.0
0.7921352,0.6000000000000001,2,0.01,100000,3.0
0.84394014,0.65,2,0.01,100000,3.0
0.88996345,0.7000000000000001,2,0.01,100000,3.0
0.927877,0.75,2,0.01,100000,3.0
0.9633005,0.8,2,0.01,100000,3.0
0.9862104,0.8500000000000001,2,0.01,100000,3.0
0.9950234,0.9,2,0.01,100000,3.0
1.0,0.9500000000000001,2,0.01,100000,3.0
1.0,1.0,2,0.01,100000,3.0
0.0,0.0,3,0.01,100000,1.0
0.043485116,0.05,3,0.01,100000,1.0
0.10842573,0.1,3,0.01,100000,1.0
0.17185688,0.15000000000000002,3,0.01,100000,1.0
0.24127401,0.2,3,0.01,100000,1.0
0.32112724,0.25,3,0.01,100000,1.0
0.37490603,0.30000000000000004,3,0.01,100000,1.0
0.43478552,0.35000000000000003,3,0.01,100000,1.0
0.517457,0.4,3,0.01,100000,1.0
0.5800518,0.45,3,0.01,100000,1.0
0.64402944,0.5,3,0.01,100000,1.0
0.69565094,0.55,3,0.01,100000,1.0
0.76130086,0.6000000000000001,3,0.01,100000,1.0
0.8249756,0.65,3,0.01,100000,1.0
0.8753062,0.7000000000000001,3,0.01,100000,1.0
0.9102727,0.75,3,0.01,100000,1.0
0.941992,0.8,3,0.01,100000,1.0
0.9676704,0.8500000000000001,3,0.01,100000,1.0
0.9895935,0.9,3,0.01,100000,1.0
1.0,0.9500000000000001,3,0.01,100000,1.0
1.0,1.0,3,0.01,100000,1.0
0.0,0.0,3,0.01,100000,2.0
0.006250472,0.05,3,0.01,100000,2.0
0.038594108,0.1,3,0.01,100000,2.0
0.09406326,0.15000000000000002,3,0.01,100000,2.0
0.15528648,0.2,3,0.01,100000,2.0
0.20682617,0.25,3,0.01,100000,2.0
0.28490368,0.30000000000000004,3,0.01,100000,2.0
0.3872756,0.35000000000000003,3,0.01,100000,2.0
0.4881732,0.4,3,0.01,100000,2.0
0.5675525,0.45,3,0.01,100000,2.0
0.6550715,0.5,3,0.01,100000,2.0
0.74291337,0.55,3,0.01,100000,2.0
0.81652224,0.6000000000000001,3,0.01,100000,2.0
0.8768201,0.65,3,0.01,100000,2.0
0.9247203,0.7000000000000001,3,0.01,100000,2.0
0.95004934,0.75,3,0.01,100000,2.0
0.9789119,0.8,3,0.01,100000,2.0
0.98956984,0.8500000000000001,3,0.01,100000,2.0
0.9949514,0.9,3,0.01,100000,2.0
0.99827117,0.9500000000000001,3,0.01,100000,2.0
1.0,1.0,3,0.01,100000,2.0
0.0,0.0,3,0.01,100000,3.0
0.0,0.05,3,0.01,100000,3.0
0.0,0.1,3,0.01,100000,3.0
0.0,0.15000000000000002,3,0.01,100000,3.0
0.012312932,0.2,3,0.01,100000,3.0
0.05275404,0.25,3,0.01,100000,3.0
0.1430701,0.30000000000000004,3,0.01,100000,3.0
0.23037717,0.35000000000000003,3,0.01,100000,3.0
0.37727934,0.4,3,0.01,100000,3.0
0.51827055,0.45,3,0.01,100000,3.0
0.6307049,0.5,3,0.01,100000,3.0
0.7491128,0.55,3,0.01,100000,3.0
0.8184757,0.6000000000000001,3,0.01,100000,3.0
0.875493,0.65,3,0.01,100000,3.0
0.9229797,0.7000000000000001,3,0.01,100000,3.0
0.95408326,0.75,3,0.01,100000,3.0
0.97712964,0.8,3,0.01,100000,3.0
0.9896081,0.8500000000000001,3,0.01,100000,3.0
0.9947156,0.9,3,0.01,100000,3.0
0.99827117,0.9500000000000001,3,0.01,100000,3.0
1.0,1.0,3,0.01,100000,3.0
0.0,0.0,4,0.01,100000,1.0
0.0,0.05,4,0.01,100000,1.0
0.009806419,0.1,4,0.01,100000,1.0
0.015260146,0.15000000000000002,4,0.01,100000,1.0
0.029626546,0.2,4,0.01,100000,1.0
0.051155947,0.25,4,0.01,100000,1.0
0.067052774,0.30000000000000004,4,0.01,100000,1.0
0.087040335,0.35000000000000003,4,0.01,100000,1.0
0.101099685,0.4,4,0.01,100000,1.0
0.12146855,0.45,4,0.01,100000,1.0
0.1559392,0.5,4,0.01,100000,1.0
0.17963463,0.55,4,0.01,100000,1.0
0.2213592,0.6000000000000001,4,0.01,100000,1.0
0.27543825,0.65,4,0.01,100000,1.0
0.33176628,0.7000000000000001,4,0.01,100000,1.0
0.40929767,0.75,4,0.01,100000,1.0
0.49476817,0.8,4,0.01,100000,1.0
0.61916953,0.8500000000000001,4,0.01,100000,1.0
0.77788067,0.9,4,0.01,100000,1.0
0.9272288,0.9500000000000001,4,0.01,100000,1.0
1.0,1.0,4,0.01,100000,1.0
0.0,0.0,4,0.01,100000,2.0
0.0021347892,0.05,4,0.01,100000,2.0
0.0021347892,0.1,4,0.01,100000,2.0
0.012548666,0.15000000000000002,4,0.01,100000,2.0
0.028626012,0.2,4,0.01,100000,2.0
0.049084973,0.25,4,0.01,100000,2.0
0.084452674,0.30000000000000004,4,0.01,100000,2.0
0.15165175,0.35000000000000003,4,0.01,100000,2.0
0.21280079,0.4,4,0.01,100000,2.0
0.31355184,0.45,4,0.01,100000,2.0
0.41770908,0.5,4,0.01,100000,2.0
0.51170206,0.55,4,0.01,100000,2.0
0.5787619,0.6000000000000001,4,0.01,100000,2.0
0.6702289,0.65,4,0.01,100000,2.0
0.74685806,0.7000000000000001,4,0.01,100000,2.0
0.80899704,0.75,4,0.01,100000,2.0
0.8655566,0.8,4,0.01,100000,2.0
0.9098427,0.8500000000000001,4,0.01,100000,2.0
0.94951224,0.9,4,0.01,100000,2.0
0.9886946,0.9500000000000001,4,0.01,100000,2.0
1.0,1.0,4,0.01,100000,2.0
0.0,0.0,4,0.01,100000,3.0
0.0021347892,0.05,4,0.01,100000,3.0
0.0021347892,0.1,4,0.01,100000,3.0
0.010635416,0.15000000000000002,4,0.01,100000,3.0
0.021031732,0.2,4,0.01,100000,3.0
0.044150464,0.25,4,0.01,100000,3.0
0.09826633,0.30000000000000004,4,0.01,100000,3.0
0.1725602,0.35000000000000003,4,0.01,100000,3.0
0.32438233,0.4,4,0.01,100000,3.0
0.46619898,0.45,4,0.01,100000,3.0
0.6074335,0.5,4,0.01,100000,3.0
0.71522236,0.55,4,0.01,100000,3.0
0.81770635,0.6000000000000001,4,0.01,100000,3.0
0.86622506,0.65,4,0.01,100000,3.0
0.90814155,0.7000000000000001,4,0.01,100000,3.0
0.9307407,0.75,4,0.01,100000,3.0
0.94803524,0.8,4,0.01,100000,3.0
0.9609111,0.8500000000000001,4,0.01,100000,3.0
0.9872027,0.9,4,0.01,100000,3.0
0.99449664,0.9500000000000001,4,0.01,100000,3.0
1.0,1.0,4,0.01,100000,3.0
0.0,0.0,5,0.01,100000,1.0
0.0036791747,0.05,5,0.01,100000,1.0
0.01260537,0.1,5,0.01,100000,1.0
0.02349856,0.15000000000000002,5,0.01,100000,1.0
0.044143364,0.2,5,0.01,100000,1.0
0.085230805,0.25,5,0.01,100000,1.0
0.11091922,0.30000000000000004,5,0.01,100000,1.0
0.15765613,0.35000000000000003,5,0.01,100000,1.0
0.24782352,0.4,5,0.01,100000,1.0
0.34913635,0.45,5,0.01,100000,1.0
0.46366668,0.5,5,0.01,100000,1.0
0.6130809,0.55,5,0.01,100000,1.0
0.7412218,0.6000000000000001,5,0.01,100000,1.0
0.834805,0.65,5,0.01,100000,1.0
0.92209977,0.7000000000000001,5,0.01,100000,1.0
0.94533235,0.75,5,0.01,100000,1.0
0.97036296,0.8,5,0.01,100000,1.0
0.981022,0.8500000000000001,5,0.01,100000,1.0
0.98779154,0.9,5,0.01,100000,1.0
0.99474835,0.9500000000000001,5,0.01,100000,1.0
1.0,1.0,5,0.01,100000,1.0
0.0,0.0,5,0.01,100000,2.0
0.001769033,0.05,5,0.01,100000,2.0
0.0035137061,0.1,5,0.01,100000,2.0
0.005237511,0.15000000000000002,5,0.01,100000,2.0
0.005237511,0.2,5,0.01,100000,2.0
0.008834795,0.25,5,0.01,100000,2.0
0.01274054,0.30000000000000004,5,0.01,100000,2.0
0.045655984,0.35000000000000003,5,0.01,100000,2.0
0.12324695,0.4,5,0.01,100000,2.0
0.2866924,0.45,5,0.01,100000,2.0
0.5031106,0.5,5,0.01,100000,2.0
0.6751287,0.55,5,0.01,100000,2.0
0.82821846,0.6000000000000001,5,0.01,100000,2.0
0.90143174,0.65,5,0.01,100000,2.0
0.94950753,0.7000000000000001,5,0.01,100000,2.0
0.97082293,0.75,5,0.01,100000,2.0
0.98109895,0.8,5,0.01,100000,2.0
0.99319464,0.8500000000000001,5,0.01,100000,2.0
0.99659944,0.9,5,0.01,100000,2.0
1.0,0.9500000000000001,5,0.01,100000,2.0
1.0,1.0,5,0.01,100000,2.0
0.0,0.0,5,0.01,100000,3.0
0.0,0.05,5,0.01,100000,3.0
0.001769033,0.1,5,0.01,100000,3.0
0.005237511,0.15000000000000002,5,0.01,100000,3.0
0.005237511,0.2,5,0.01,100000,3.0
0.005237511,0.25,5,0.01,100000,3.0
0.0069619003,0.30000000000000004,5,0.01,100000,3.0
0.03441392,0.35000000000000003,5,0.01,100000,3.0
0.12825088,0.4,5,0.01,100000,3.0
0.31122994,0.45,5,0.01,100000,3.0
0.49466652,0.5,5,0.01,100000,3.0
0.65492237,0.55,5,0.01,100000,3.0
0.8135618,0.6000000000000001,5,0.01,100000,3.0
0.8976256,0.65,5,0.01,100000,3.0
0.94565827,0.7000000000000001,5,0.01,100000,3.0
0.97225106,0.75,5,0.01,100000,3.0
0.97942173,0.8,5,0.01,100000,3.0
0.99319464,0.8500000000000001,5,0.01,100000,3.0
0.99659944,0.9,5,0.01,100000,3.0
1.0,0.9500000000000001,5,0.01,100000,3.0
1.0,1.0,5,0.01,100000,3.0
0.0,0.0,6,0.01,100000,1.0
0.023854932,0.05,6,0.01,100000,1.0
0.055329498,0.1,6,0.01,100000,1.0
0.088507906,0.15000000000000002,6,0.01,100000,1.0
0.12148577,0.2,6,0.01,100000,1.0
0.17361674,0.25,6,0.01,100000,1.0
0.23040831,0.30000000000000004,6,0.01,100000,1.0
0.29354954,0.35000000000000003,6,0.01,100000,1.0
0.34531042,0.4,6,0.01,100000,1.0
0.4093497,0.45,6,0.01,100000,1.0
0.46493834,0.5,6,0.01,100000,1.0
0.54305714,0.55,6,0.01,100000,1.0
0.60725665,0.6000000000000001,6,0.01,100000,1.0
0.677016,0.65,6,0.01,100000,1.0
0.7360059,0.7000000000000001,6,0.01,100000,1.0
0.8090158,0.75,6,0.01,100000,1.0
0.86325306,0.8,6,0.01,100000,1.0
0.9124959,0.8500000000000001,6,0.01,100000,1.0
0.95316166,0.9,6,0.01,100000,1.0
0.9811023,0.9500000000000001,6,0.01,100000,1.0
1.0,1.0,6,0.01,100000,1.0
0.0,0.0,6,0.01,100000,2.0
0.003696639,0.05,6,0.01,100000,2.0
0.011142474,0.1,6,0.01,100000,2.0
0.03212007,0.15000000000000002,6,0.01,100000,2.0
0.056885753,0.2,6,0.01,100000,2.0
0.09164642,0.25,6,0.01,100000,2.0
0.17365468,0.30000000000000004,6,0.01,100000,2.0
0.25911418,0.35000000000000003,6,0.01,100000,2.0
0.35938063,0.4,6,0.01,100000,2.0
0.44985014,0.45,6,0.01,100000,2.0
0.53221464,0.5,6,0.01,100000,2.0
0.6137582,0.55,6,0.01,100000,2.0
0.7242721,0.6000000000000001,6,0.01,100000,2.0
0.8010683,0.65,6,0.01,100000,2.0
0.87309456,0.7000000000000001,6,0.01,100000,2.0
0.91783714,0.75,6,0.01,100000,2.0
0.95658773,0.8,6,0.01,100000,2.0
0.9826373,0.8500000000000001,6,0.01,100000,2.0
0.99659634,0.9,6,0.01,100000,2.0
0.9983363,0.9500000000000001,6,0.01,100000,2.0
1.0,1.0,6,0.01,100000,2.0
0.0,0.0,6,0.01,100000,3.0
0.0,0.05,6,0.01,100000,3.0
0.0,0.1,6,0.01,100000,3.0
0.0,0.15000000000000002,6,0.01,100000,3.0
0.01933253,0.2,6,0.01,100000,3.0
0.044501532,0.25,6,0.01,100000,3.0
0.093456954,0.30000000000000004,6,0.01,100000,3.0
0.1818656,0.35000000000000003,6,0.01,100000,3.0
0.2789823,0.4,6,0.01,100000,3.0
0.3951531,0.45,6,0.01,100000,3.0
0.53764147,0.5,6,0.01,100000,3.0
0.60279477,0.55,6,0.01,100000,3.0
0.72032833,0.6000000000000001,6,0.01,100000,3.0
0.81279075,0.65,6,0.01,100000,3.0
0.8724878,0.7000000000000001,6,0.01,100000,3.0
0.9241163,0.75,6,0.01,100000,3.0
0.9674862,0.8,6,0.01,100000,3.0
0.9930873,0.8500000000000001,6,0.01,100000,3.0
0.9982919,0.9,6,0.01,100000,3.0
1.0,0.9500000000000001,6,0.01,100000,3.0
1.0,1.0,6,0.01,100000,3.0
0.0,0.0,7,0.01,100000,1.0
0.03526408,0.05,7,0.01,100000,1.0
0.081914164,0.1,7,0.01,100000,1.0
0.15736003,0.15000000000000002,7,0.01,100000,1.0
0.2245989,0.2,7,0.01,100000,1.0
0.3058695,0.25,7,0.01,100000,1.0
0.39268193,0.30000000000000004,7,0.01,100000,1.0
0.45036924,0.35000000000000003,7,0.01,100000,1.0
0.5128672,0.4,7,0.01,100000,1.0
0.57960796,0.45,7,0.01,100000,1.0
0.63384897,0.5,7,0.01,100000,1.0
0.6893504,0.55,7,0.01,100000,1.0
0.72297096,0.6000000000000001,7,0.01,100000,1.0
0.7757579,0.65,7,0.01,100000,1.0
0.8095811,0.7000000000000001,7,0.01,100000,1.0
0.83395714,0.75,7,0.01,100000,1.0
0.8689288,0.8,7,0.01,100000,1.0
0.8970899,0.8500000000000001,7,0.01,100000,1.0
0.94272894,0.9,7,0.01,100000,1.0
0.9802378,0.9500000000000001,7,0.01,100000,1.0
1.0,1.0,7,0.01,100000,1.0
0.0,0.0,7,0.01,100000,2.0
0.015054452,0.05,7,0.01,100000,2.0
0.038211312,0.1,7,0.01,100000,2.0
0.07077327,0.15000000000000002,7,0.01,100000,2.0
0.1238,0.2,7,0.01,100000,2.0
0.1843009,0.25,7,0.01,100000,2.0
0.26194084,0.30000000000000004,7,0.01,100000,2.0
0.36375928,0.35000000000000003,7,0.01,100000,2.0
0.4619263,0.4,7,0.01,100000,2.0
0.53551126,0.45,7,0.01,100000,2.0
0.61613595,0.5,7,0.01,100000,2.0
0.6949829,0.55,7,0.01,100000,2.0
0.76611614,0.6000000000000001,7,0.01,100000,2.0
0.82760936,0.65,7,0.01,100000,2.0
0.8639726,0.7000000000000001,7,0.01,100000,2.0
0.89410114,0.75,7,0.01,100000,2.0
0.91749334,0.8,7,0.01,100000,2.0
0.9301233,0.8500000000000001,7,0.01,100000,2.0
0.94828206,0.9,7,0.01,100000,2.0
0.97296196,0.9500000000000001,7,0.01,100000,2.0
1.0,1.0,7,0.01,100000,2.0
0.0,0.0,7,0.01,100000,3.0
0.0,0.05,7,0.01,100000,3.0
0.0040978454,0.1,7,0.01,100000,3.0
0.013703902,0.15000000000000002,7,0.01,100000,3.0
0.03542518,0.2,7,0.01,100000,3.0
0.056735314,0.25,7,0.01,100000,3.0
0.11881204,0.30000000000000004,7,0.01,100000,3.0
0.20529188,0.35000000000000003,7,0.01,100000,3.0
0.3116523,0.4,7,0.01,100000,3.0
0.42081928,0.45,7,0.01,100000,3.0
0.5743846,0.5,7,0.01,100000,3.0
0.67858666,0.55,7,0.01,100000,3.0
0.752569,0.6000000000000001,7,0.01,100000,3.0
0.82234347,0.65,7,0.01,100000,3.0
0.8654317,0.7000000000000001,7,0.01,100000,3.0
0.8871803,0.75,7,0.01,100000,3.0
0.91390985,0.8,7,0.01,100000,3.0
0.9410513,0.8500000000000001,7,0.01,100000,3.0
0.9625388,0.9,7,0.01,100000,3.0
0.9929517,0.9500000000000001,7,0.01,100000,3.0
1.0,1.0,7,0.01,100000,3.0
0.0,0.0,8,0.01,100000,1.0
0.15398374,0.05,8,0.01,100000,1.0
0.22589734,0.1,8,0.01,100000,1.0
0.30606055,0.15000000000000002,8,0.01,100000,1.0
0.38109726,0.2,8,0.01,100000,1.0
0.45818684,0.25,8,0.01,100000,1.0
0.5381045,0.30000000000000004,8,0.01,100000,1.0
0.58781797,0.35000000000000003,8,0.01,100000,1.0
0.67382693,0.4,8,0.01,100000,1.0
0.7172681,0.45,8,0.01,100000,1.0
0.78352886,0.5,8,0.01,100000,1.0
0.83694583,0.55,8,0.01,100000,1.0
0.8616316,0.6000000000000001,8,0.01,100000,1.0
0.8966895,0.65,8,0.01,100000,1.0
0.91428953,0.7000000000000001,8,0.01,100000,1.0
0.93303406,0.75,8,0.01,100000,1.0
0.95031774,0.8,8,0.01,100000,1.0
0.9624686,0.8500000000000001,8,0.01,100000,1.0
0.98126924,0.9,8,0.01,100000,1.0
0.9897219,0.9500000000000001,8,0.01,100000,1.0
1.0,1.0,8,0.01,100000,1.0
0.0,0.0,8,0.01,100000,2.0
0.0017361777,0.05,8,0.01,100000,2.0
0.0017361777,0.1,8,0.01,100000,2.0
0.013420234,0.15000000000000002,8,0.01,100000,2.0
0.06585848,0.2,8,0.01,100000,2.0
0.15680434,0.25,8,0.01,100000,2.0
0.2395833,0.30000000000000004,8,0.01,100000,2.0
0.35375524,0.35000000000000003,8,0.01,100000,2.0
0.45376167,0.4,8,0.01,100000,2.0
0.59218866,0.45,8,0.01,100000,2.0
0.6933901,0.5,8,0.01,100000,2.0
0.7792948,0.55,8,0.01,100000,2.0
0.84004635,0.6000000000000001,8,0.01,100000,2.0
0.8882211,0.65,8,0.01,100000,2.0
0.9143865,0.7000000000000001,8,0.01,100000,2.0
0.94368863,0.75,8,0.01,100000,2.0
0.96939653,0.8,8,0.01,100000,2.0
0.9796218,0.8500000000000001,8,0.01,100000,2.0
0.99503064,0.9,8,0.01,100000,2.0
1.0,0.9500000000000001,8,0.01,100000,2.0
1.0,1.0,8,0.01,100000,2.0
0.0,0.0,8,0.01,100000,3.0
0.0017361777,0.05,8,0.01,100000,3.0
0.0017361777,0.1,8,0.01,100000,3.0
0.0017361777,0.15000000000000002,8,0.01,100000,3.0
0.029053908,0.2,8,0.01,100000,3.0
0.09858639,0.25,8,0.01,100000,3.0
0.20430714,0.30000000000000004,8,0.01,100000,3.0
0.31008306,0.35000000000000003,8,0.01,100000,3.0
0.430057,0.4,8,0.01,100000,3.0
0.546717,0.45,8,0.01,100000,3.0
0.65864074,0.5,8,0.01,100000,3.0
0.75679713,0.55,8,0.01,100000,3.0
0.8260502,0.6000000000000001,8,0.01,100000,3.0
0.8814651,0.65,8,0.01,100000,3.0
0.924721,0.7000000000000001,8,0.01,100000,3.0
0.9574912,0.75,8,0.01,100000,3.0
0.9712439,0.8,8,0.01,100000,3.0
0.98650396,0.8500000000000001,8,0.01,100000,3.0
0.9982235,0.9,8,0.01,100000,3.0
1.0,0.9500000000000001,8,0.01,100000,3.0
1.0,1.0,8,0.01,100000,3.0
0.0,0.0,9,0.01,100000,1.0
0.0097058825,0.05,9,0.01,100000,1.0
0.015159611,0.1,9,0.01,100000,1.0
0.02399547,0.15000000000000002,9,0.01,100000,1.0
0.031663373,0.2,9,0.01,100000,1.0
0.062271245,0.25,9,0.01,100000,1.0
0.09319934,0.30000000000000004,9,0.01,100000,1.0
0.1498444,0.35000000000000003,9,0.01,100000,1.0
0.22321995,0.4,9,0.01,100000,1.0
0.26761118,0.45,9,0.01,100000,1.0
0.3536493,0.5,9,0.01,100000,1.0
0.42886278,0.55,9,0.01,100000,1.0
0.50638646,0.6000000000000001,9,0.01,100000,1.0
0.60148835,0.65,9,0.01,100000,1.0
0.70830387,0.7000000000000001,9,0.01,100000,1.0
0.81248486,0.75,9,0.01,100000,1.0
0.8796979,0.8,9,0.01,100000,1.0
0.9381295,0.8500000000000001,9,0.01,100000,1.0
0.9769708,0.9,9,0.01,100000,1.0
0.99449366,0.9500000000000001,9,0.01,100000,1.0
1.0,1.0,9,0.01,100000,1.0
0.0,0.0,9,0.01,100000,2.0
0.008483469,0.05,9,0.01,100000,2.0
0.04923003,0.1,9,0.01,100000,2.0
0.08990274,0.15000000000000002,9,0.01,100000,2.0
0.14521512,0.2,9,0.01,100000,2.0
0.19763131,0.25,9,0.01,100000,2.0
0.27371195,0.30000000000000004,9,0.01,100000,2.0
0.36979577,0.35000000000000003,9,0.01,100000,2.0
0.4572198,0.4,9,0.01,100000,2.0
0.53694105,0.45,9,0.01,100000,2.0
0.6351182,0.5,9,0.01,100000,2.0
0.71868634,0.55,9,0.01,100000,2.0
0.7758328,0.6000000000000001,9,0.01,100000,2.0
0.839189,0.65,9,0.01,100000,2.0
0.88946575,0.7000000000000001,9,0.01,100000,2.0
0.9236561,0.75,9,0.01,100000,2.0
0.9467063,0.8,9,0.01,100000,2.0
0.9679074,0.8500000000000001,9,0.01,100000,2.0
0.98417157,0.9,9,0.01,100000,2.0
1.0,0.9500000000000001,9,0.01,100000,2.0
1.0,1.0,9,0.01,100000,2.0
0.0,0.0,9,0.01,100000,3.0
0.011520247,0.05,9,0.01,100000,3.0
0.060362544,0.1,9,0.01,100000,3.0
0.09565084,0.15000000000000002,9,0.01,100000,3.0
0.16028012,0.2,9,0.01,100000,3.0
0.22136141,0.25,9,0.01,100000,3.0
0.31272957,0.30000000000000004,9,0.01,100000,3.0
0.38874465,0.35000000000000003,9,0.01,100000,3.0
0.48156044,0.4,9,0.01,100000,3.0
0.5811948,0.45,9,0.01,100000,3.0
0.66579175,0.5,9,0.01,100000,3.0
0.73945606,0.55,9,0.01,100000,3.0
0.8068478,0.6000000000000001,9,0.01,100000,3.0
0.8628309,0.65,9,0.01,100000,3.0
0.91623235,0.7000000000000001,9,0.01,100000,3.0
0.9377583,0.75,9,0.01,100000,3.0
0.95540076,0.8,9,0.01,100000,3.0
0.9768712,0.8500000000000001,9,0.01,100000,3.0
0.99632597,0.9,9,0.01,100000,3.0
1.0,0.9500000000000001,9,0.01,100000,3.0
1.0,1.0,9,0.01,100000,3.0
0.0,0.0,0,0.02,100000,1.0
0.021792905,0.05,0,0.02,100000,1.0
0.054463875,0.1,0,0.02,100000,1.0
0.08728585,0.15000000000000002,0,0.02,100000,1.0
0.12863617,0.2,0,0.02,100000,1.0
0.20299776,0.25,0,0.02,100000,1.0
0.27444008,0.30000000000000004,0,0.02,100000,1.0
0.34153852,0.35000000000000003,0,0.02,100000,1.0
0.4094132,0.4,0,0.02,100000,1.0
0.48229596,0.45,0,0.02,100000,1.0
0.5705501,0.5,0,0.02,100000,1.0
0.650852,0.55,0,0.02,100000,1.0
0.7117041,0.6000000000000001,0,0.02,100000,1.0
0.76639587,0.65,0,0.02,100000,1.0
0.8237468,0.7000000000000001,0,0.02,100000,1.0
0.87546444,0.75,0,0.02,100000,1.0
0.9235807,0.8,0,0.02,100000,1.0
0.962115,0.8500000000000001,0,0.02,100000,1.0
0.97447383,0.9,0,0.02,100000,1.0
0.9896902,0.9500000000000001,0,0.02,100000,1.0
1.0,1.0,0,0.02,100000,1.0
0.0,0.0,0,0.02,100000,2.0
0.011333029,0.05,0,0.02,100000,2.0
0.07407234,0.1,0,0.02,100000,2.0
0.17543201,0.15000000000000002,0,0.02,100000,2.0
0.29177377,0.2,0,0.02,100000,2.0
0.3818607,0.25,0,0.02,100000,2.0
0.47450483,0.30000000000000004,0,0.02,100000,2.0
0.5463806,0.35000000000000003,0,0.02,100000,2.0
0.6276934,0.4,0,0.02,100000,2.0
0.6952458,0.45,0,0.02,100000,2.0
0.74292135,0.5,0,0.02,100000,2.0
0.7952653,0.55,0,0.02,100000,2.0
0.83979464,0.6000000000000001,0,0.02,100000,2.0
0.88449675,0.65,0,0.02,100000,2.0
0.9284128,0.7000000000000001,0,0.02,100000,2.0
0.96279854,0.75,0,0.02,100000,2.0
0.97845185,0.8,0,0.02,100000,2.0
0.99207234,0.8500000000000001,0,0.02,100000,2.0
0.9974093,0.9,0,0.02,100000,2.0
1.0,0.9500000000000001,0,0.02,100000,2.0
1.0,1.0,0,0.02,100000,2.0
0.0,0.0,0,0.02,100000,3.0
0.012440074,0.05,0,0.02,100000,3.0
0.06256803,0.1,0,0.02,100000,3.0
0.14310768,0.15000000000000002,0,0.02,100000,3.0
0.22206557,0.2,0,0.02,100000,3.0
0.31002071,0.25,0,0.02,100000,3.0
0.40052152,0.30000000000000004,0,0.02,100000,3.0
0.4993754,0.35000000000000003,0,0.02,100000,3.0
0.60279346,0.4,0,0.02,100000,3.0
0.70386213,0.45,0,0.02,100000,3.0
0.7677606,0.5,0,0.02,100000,3.0
0.8206564,0.55,0,0.02,100000,3.0
0.8565813,0.6000000000000001,0,0.02,100000,3.0
0.89778286,0.65,0,0.02,100000,3.0
0.9358371,0.7000000000000001,0,0.02,100000,3.0
0.96090317,0.75,0,0.02,100000,3.0
0.97845185,0.8,0,0.02,100000,3.0
0.99207234,0.8500000000000001,0,0.02,100000,3.0
0.9983057,0.9,0,0.02,100000,3.0
0.9991779,0.9500000000000001,0,0.02,100000,3.0
1.0,1.0,0,0.02,100000,3.0
0.0,0.0,1,0.02,100000,1.0
0.08849604,0.05,1,0.02,100000,1.0
0.18760887,0.1,1,0.02,100000,1.0
0.2672398,0.15000000000000002,1,0.02,100000,1.0
0.32419968,0.2,1,0.02,100000,1.0
0.37810478,0.25,1,0.02,100000,1.0
0.412093,0.30000000000000004,1,0.02,100000,1.0
0.44126534,0.35000000000000003,1,0.02,100000,1.0
0.46276248,0.4,1,0.02,100000,1.0
0.49563852,0.45,1,0.02,100000,1.0
0.54281294,0.5,1,0.02,100000,1.0
0.59131265,0.55,1,0.02,100000,1.0
0.63700795,0.6000000000000001,1,0.02,100000,1.0
0.69964576,0.65,1,0.02,100000,1.0
0.74979204,0.7000000000000001,1,0.02,100000,1.0
0.8074064,0.75,1,0.02,100000,1.0
0.8555981,0.8,1,0.02,100000,1.0
0.8958588,0.8500000000000001,1,0.02,100000,1.0
0.9435483,0.9,1,0.02,100000,1.0
0.9835659,0.9500000000000001,1,0.02,100000,1.0
1.0,1.0,1,0.02,100000,1.0
0.0,0.0,1,0.02,100000,2.0
0.12229477,0.05,1,0.02,100000,2.0
0.20371914,0.1,1,0.02,100000,2.0
0.25192237,0.15000000000000002,1,0.02,100000,2.0
0.2951539,0.2,1,0.02,100000,2.0
0.35200596,0.25,1,0.02,100000,2.0
0.3937058,0.30000000000000004,1,0.02,100000,2.0
0.43053243,0.35000000000000003,1,0.02,100000,2.0
0.48435953,0.4,1,0.02,100000,2.0
0.5387035,0.45,1,0.02,100000,2.0
0.6069903,0.5,1,0.02,100000,2.0
0.6557504,0.55,1,0.02,100000,2.0
0.72711897,0.6000000000000001,1,0.02,100000,2.0
0.79790336,0.65,1,0.02,100000,2.0
0.8702802,0.7000000000000001,1,0.02,100000,2.0
0.91509944,0.75,1,0.02,100000,2.0
0.952561,0.8,1,0.02,100000,2.0
0.9792619,0.8500000000000001,1,0.02,100000,2.0
0.99233353,0.9,1,0.02,100000,2.0
0.9974067,0.9500000000000001,1,0.02,100000,2.0
1.0,1.0,1,0.02,100000,2.0
0.0,0.0,1,0.02,100000,3.0
0.0147558125,0.05,1,0.02,100000,3.0
0.03458785,0.1,1,0.02,100000,3.0
0.07788994,0.15000000000000002,1,0.02,100000,3.0
0.10921269,0.2,1,0.02,100000,3.0
0.15437374,0.25,1,0.02,100000,3.0
0.21167442,0.30000000000000004,1,0.02,100000,3.0
0.26736313,0.35000000000000003,1,0.02,100000,3.0
0.34158537,0.4,1,0.02,100000,3.0
0.4400225,0.45,1,0.02,100000,3.0
0.5447374,0.5,1,0.02,100000,3.0
0.6511161,0.55,1,0.02,100000,3.0
0.7419148,0.6000000000000001,1,0.02,100000,3.0
0.83610415,0.65,1,0.02,100000,3.0
0.89818656,0.7000000000000001,1,0.02,100000,3.0
0.9438374,0.75,1,0.02,100000,3.0
0.97132164,0.8,1,0.02,100000,3.0
0.9871251,0.8500000000000001,1,0.02,100000,3.0
0.99655646,0.9,1,0.02,100000,3.0
0.9982842,0.9500000000000001,1,0.02,100000,3.0
1.0,1.0,1,0.02,100000,3.0
0.0,0.0,2,0.02,100000,1.0
0.44981524,0.05,2,0.02,100000,1.0
0.57448065,0.1,2,0.02,100000,1.0
0.6404539,0.15000000000000002,2,0.02,100000,1.0
0.68635315,0.2,2,0.02,100000,1.0
0.7241765,0.25,2,0.02,100000,1.0
0.7668909,0.30000000000000004,2,0.02,100000,1.0
0.7943697,0.35000000000000003,2,0.02,100000,1.0
0.82075596,0.4,2,0.02,100000,1.0
0.8408635,0.45,2,0.02,100000,1.0
0.85969555,0.5,2,0.02,100000,1.0
0.8786256,0.55,2,0.02,100000,1.0
0.8936038,0.6000000000000001,2,0.02,100000,1.0
0.9159336,0.65,2,0.02,100000,1.0
0.93553156,0.7000000000000001,2,0.02,100000,1.0
0.9503542,0.75,2,0.02,100000,1.0
0.97156644,0.8,2,0.02,100000,1.0
0.98249984,0.8500000000000001,2,0.02,100000,1.0
0.99815786,0.9,2,0.02,100000,1.0
1.0,0.9500000000000001,2,0.02,100000,1.0
1.0,1.0,2,0.02,100000,1.0
0.0,0.0,2,0.02,100000,2.0
0.36850828,0.05,2,0.02,100000,2.0
0.4677859,0.1,2,0.02,100000,2.0
0.52188975,0.15000000000000002,2,0.02,100000,2.0
0.5793937,0.2,2,0.02,100000,2.0
0.6178819,0.25,2,0.02,100000,2.0
0.67614347,0.30000000000000004,2,0.02,100000,2.0
0.72759986,0.35000000000000003,2,0.02,100000,2.0
0.77207905,0.4,2,0.02,100000,2.0
0.81459105,0.45,2,0.02,100000,2.0
0.84853,0.5,2,0.02,100000,2.0
0.88217556,0.55,2,0.02,100000,2.0
0.89793736,0.6000000000000001,2,0.02,100000,2.0
0.9137321,0.65,2,0.02,100000,2.0
0.9351736,0.7000000000000001,2,0.02,100000,2.0
0.95527697,0.75,2,0.02,100000,2.0
0.9790083,0.8,2,0.02,100000,2.0
0.99464715,0.8500000000000001,2,0.02,100000,2.0
0.99732226,0.9,2,0.02,100000,2.0
1.0,0.9500000000000001,2,0.02,100000,2.0
1.0,1.0,2,0.02,100000,2.0
0.0,0.0,2,0.02,100000,3.0
0.30625576,0.05,2,0.02,100000,3.0
0.41188794,0.1,2,0.02,100000,3.0
0.46148345,0.15000000000000002,2,0.02,100000,3.0
0.52303225,0.2,2,0.02,100000,3.0
0.5788061,0.25,2,0.02,100000,3.0
0.6346294,0.30000000000000004,2,0.02,100000,3.0
0.7050388,0.35000000000000003,2,0.02,100000,3.0
0.74592996,0.4,2,0.02,100000,3.0
0.79920965,0.45,2,0.02,100000,3.0
0.8331345,0.5,2,0.02,100000,3.0
0.86952233,0.55,2,0.02,100000,3.0
0.893471,0.6000000000000001,2,0.02,100000,3.0
0.9157487,0.65,2,0.02,100000,3.0
0.94159615,0.7000000000000001,2,0.02,100000,3.0
0.9627004,0.75,2,0.02,100000,3.0
0.97904956,0.8,2,0.02,100000,3.0
0.9902324,0.8500000000000001,2,0.02,100000,3.0
0.99732226,0.9,2,0.02,100000,3.0
1.0,0.9500000000000001,2,0.02,100000,3.0
1.0,1.0,2,0.02,100000,3.0
0.0,0.0,3,0.02,100000,1.0
0.13708812,0.05,3,0.02,100000,1.0
0.32236034,0.1,3,0.02,100000,1.0
0.46071795,0.15000000000000002,3,0.02,100000,1.0
0.5413256,0.2,3,0.02,100000,1.0
0.5996021,0.25,3,0.02,100000,1.0
0.6545344,0.30000000000000004,3,0.02,100000,1.0
0.71717983,0.35000000000000003,3,0.02,100000,1.0
0.7487154,0.4,3,0.02,100000,1.0
0.7840326,0.45,3,0.02,100000,1.0
0.80800897,0.5,3,0.02,100000,1.0
0.8382144,0.55,3,0.02,100000,1.0
0.8671907,0.6000000000000001,3,0.02,100000,1.0
0.89270973,0.65,3,0.02,100000,1.0
0.913543,0.7000000000000001,3,0.02,100000,1.0
0.93085235,0.75,3,0.02,100000,1.0
0.94868547,0.8,3,0.02,100000,1.0
0.972916,0.8500000000000001,3,0.02,100000,1.0
0.98625946,0.9,3,0.02,100000,1.0
0.99597216,0.9500000000000001,3,0.02,100000,1.0
1.0,1.0,3,0.02,100000,1.0
0.0,0.0,3,0.02,100000,2.0
0.3289502,0.05,3,0.02,100000,2.0
0.45810267,0.1,3,0.02,100000,2.0
0.5428853,0.15000000000000002,3,0.02,100000,2.0
0.613269,0.2,3,0.02,100000,2.0
0.6662714,0.25,3,0.02,100000,2.0
0.7034959,0.30000000000000004,3,0.02,100000,2.0
0.7338873,0.35000000000000003,3,0.02,100000,2.0
0.7613536,0.4,3,0.02,100000,2.0
0.7918821,0.45,3,0.02,100000,2.0
0.8173478,0.5,3,0.02,100000,2.0
0.84099746,0.55,3,0.02,100000,2.0
0.8646501,0.6000000000000001,3,0.02,100000,2.0
0.8908615,0.65,3,0.02,100000,2.0
0.92011714,0.7000000000000001,3,0.02,100000,2.0
0.9390105,0.75,3,0.02,100000,2.0
0.96121293,0.8,3,0.02,100000,2.0
0.98125446,0.8500000000000001,3,0.02,100000,2.0
0.99511725,0.9,3,0.02,100000,2.0
0.9992702,0.9500000000000001,3,0.02,100000,2.0
1.0,1.0,3,0.02,100000,2.0
0.0,0.0,3,0.02,100000,3.0
0.15237266,0.05,3,0.02,100000,3.0
0.26291266,0.1,3,0.02,100000,3.0
0.33667105,0.15000000000000002,3,0.02,100000,3.0
0.40675855,0.2,3,0.02,100000,3.0
0.46882024,0.25,3,0.02,100000,3.0
0.5301598,0.30000000000000004,3,0.02,100000,3.0
0.5862253,0.35000000000000003,3,0.02,100000,3.0
0.6432748,0.4,3,0.02,100000,3.0
0.68306977,0.45,3,0.02,100000,3.0
0.7364418,0.5,3,0.02,100000,3.0
0.79252803,0.55,3,0.02,100000,3.0
0.83225363,0.6000000000000001,3,0.02,100000,3.0
0.86944634,0.65,3,0.02,100000,3.0
0.9100715,0.7000000000000001,3,0.02,100000,3.0
0.9422379,0.75,3,0.02,100000,3.0
0.96443737,0.8,3,0.02,100000,3.0
0.9826944,0.8500000000000001,3,0.02,100000,3.0
0.9966345,0.9,3,0.02,100000,3.0
0.9991085,0.9500000000000001,3,0.02,100000,3.0
1.0,1.0,3,0.02,100000,3.0
0.0,0.0,4,0.02,100000,1.0
0.02980646,0.05,4,0.02,100000,1.0
0.06893799,0.1,4,0.02,100000,1.0
0.13122076,0.15000000000000002,4,0.02,100000,1.0
0.18978396,0.2,4,0.02,100000,1.0
0.2513249,0.25,4,0.02,100000,1.0
0.31231654,0.30000000000000004,4,0.02,100000,1.0
0.38131955,0.35000000000000003,4,0.02,100000,1.0
0.44181362,0.4,4,0.02,100000,1.0
0.50918084,0.45,4,0.02,100000,1.0
0.5700944,0.5,4,0.02,100000,1.0
0.62672687,0.55,4,0.02,100000,1.0
0.68592006,0.6000000000000001,4,0.02,100000,1.0
0.7411517,0.65,4,0.02,100000,1.0
0.78458554,0.7000000000000001,4,0.02,100000,1.0
0.83138627,0.75,4,0.02,100000,1.0
0.88190025,0.8,4,0.02,100000,1.0
0.9105132,0.8500000000000001,4,0.02,100000,1.0
0.950194,0.9,4,0.02,100000,1.0
0.9826245,0.9500000000000001,4,0.02,100000,1.0
1.0,1.0,4,0.02,100000,1.0
0.0,0.0,4,0.02,100000,2.0
0.0019937358,0.05,4,0.02,100000,2.0
0.00605057,0.1,4,0.02,100000,2.0
0.02239617,0.15000000000000002,4,0.02,100000,2.0
0.04674397,0.2,4,0.02,100000,2.0
0.08018828,0.25,4,0.02,100000,2.0
0.13318221,0.30000000000000004,4,0.02,100000,2.0
0.1988199,0.35000000000000003,4,0.02,100000,2.0
0.3026069,0.4,4,0.02,100000,2.0
0.41275606,0.45,4,0.02,100000,2.0
0.53567415,0.5,4,0.02,100000,2.0
0.62812155,0.55,4,0.02,100000,2.0
0.7186037,0.6000000000000001,4,0.02,100000,2.0
0.80086774,0.65,4,0.02,100000,2.0
0.85292196,0.7000000000000001,4,0.02,100000,2.0
0.9111452,0.75,4,0.02,100000,2.0
0.95772624,0.8,4,0.02,100000,2.0
0.9840441,0.8500000000000001,4,0.02,100000,2.0
0.9939745,0.9,4,0.02,100000,2.0
0.99749005,0.9500000000000001,4,0.02,100000,2.0
1.0,1.0,4,0.02,100000,2.0
0.0,0.0,4,0.02,100000,3.0
0.0009812976,0.05,4,0.02,100000,3.0
0.0019937358,0.1,4,0.02,100000,3.0
0.009929953,0.15000000000000002,4,0.02,100000,3.0
0.019522524,0.2,4,0.02,100000,3.0
0.034206003,0.25,4,0.02,100000,3.0
0.08390401,0.30000000000000004,4,0.02,100000,3.0
0.16259266,0.35000000000000003,4,0.02,100000,3.0
0.28057045,0.4,4,0.02,100000,3.0
0.4180826,0.45,4,0.02,100000,3.0
0.5240477,0.5,4,0.02,100000,3.0
0.6407404,0.55,4,0.02,100000,3.0
0.75445926,0.6000000000000001,4,0.02,100000,3.0
0.83391017,0.65,4,0.02,100000,3.0
0.91180325,0.7000000000000001,4,0.02,100000,3.0
0.95632327,0.75,4,0.02,100000,3.0
0.9779851,0.8,4,0.02,100000,3.0
0.9877347,0.8500000000000001,4,0.02,100000,3.0
0.99400014,0.9,4,0.02,100000,3.0
0.9983034,0.9500000000000001,4,0.02,100000,3.0
1.0,1.0,4,0.02,100000,3.0
0.0,0.0,5,0.02,100000,1.0
0.073071904,0.05,5,0.02,100000,1.0
0.14814837,0.1,5,0.02,100000,1.0
0.23090525,0.15000000000000002,5,0.02,100000,1.0
0.301778,0.2,5,0.02,100000,1.0
0.35910404,0.25,5,0.02,100000,1.0
0.42730942,0.30000000000000004,5,0.02,100000,1.0
0.47126693,0.35000000000000003,5,0.02,100000,1.0
0.5112495,0.4,5,0.02,100000,1.0
0.55820614,0.45,5,0.02,100000,1.0
0.60536057,0.5,5,0.02,100000,1.0
0.65437824,0.55,5,0.02,100000,1.0
0.71082306,0.6000000000000001,5,0.02,100000,1.0
0.77066916,0.65,5,0.02,100000,1.0
0.82897246,0.7000000000000001,5,0.02,100000,1.0
0.8687619,0.75,5,0.02,100000,1.0
0.9062961,0.8,5,0.02,100000,1.0
0.93710905,0.8500000000000001,5,0.02,100000,1.0
0.96318996,0.9,5,0.02,100000,1.0
0.9853745,0.9500000000000001,5,0.02,100000,1.0
1.0,1.0,5,0.02,100000,1.0
0.0,0.0,5,0.02,100000,2.0
0.16020222,0.05,5,0.02,100000,2.0
0.27982774,0.1,5,0.02,100000,2.0
0.3760629,0.15000000000000002,5,0.02,100000,2.0
0.45045564,0.2,5,0.02,100000,2.0
0.5268751,0.25,5,0.02,100000,2.0
0.5640624,0.30000000000000004,5,0.02,100000,2.0
0.59434384,0.35000000000000003,5,0.02,100000,2.0
0.62738097,0.4,5,0.02,100000,2.0
0.65389276,0.45,5,0.02,100000,2.0
0.6904283,0.5,5,0.02,100000,2.0
0.7453097,0.55,5,0.02,100000,2.0
0.80916214,0.6000000000000001,5,0.02,100000,2.0
0.87210476,0.65,5,0.02,100000,2.0
0.92006576,0.7000000000000001,5,0.02,100000,2.0
0.9578464,0.75,5,0.02,100000,2.0
0.9794103,0.8,5,0.02,100000,2.0
0.9892467,0.8500000000000001,5,0.02,100000,2.0
0.9964206,0.9,5,0.02,100000,2.0
1.0,0.9500000000000001,5,0.02,100000,2.0
1.0,1.0,5,0.02,100000,2.0
0.0,0.0,5,0.02,100000,3.0
0.023853436,0.05,5,0.02,100000,3.0
0.041077144,0.1,5,0.02,100000,3.0
0.0680449,0.15000000000000002,5,0.02,100000,3.0
0.11881316,0.2,5,0.02,100000,3.0
0.19694528,0.25,5,0.02,100000,3.0
0.28005794,0.30000000000000004,5,0.02,100000,3.0
0.3552279,0.35000000000000003,5,0.02,100000,3.0
0.45759082,0.4,5,0.02,100000,3.0
0.5548302,0.45,5,0.02,100000,3.0
0.65582854,0.5,5,0.02,100000,3.0
0.7405473,0.55,5,0.02,100000,3.0
0.81326723,0.6000000000000001,5,0.02,100000,3.0
0.8702524,0.65,5,0.02,100000,3.0
0.9173084,0.7000000000000001,5,0.02,100000,3.0
0.948298,0.75,5,0.02,100000,3.0
0.97662485,0.8,5,0.02,100000,3.0
0.9884671,0.8500000000000001,5,0.02,100000,3.0
0.99740875,0.9,5,0.02,100000,3.0
1.0,0.9500000000000001,5,0.02,100000,3.0
1.0,1.0,5,0.02,100000,3.0
0.0,0.0,6,0.02,100000,1.0
0.0042109713,0.05,6,0.02,100000,1.0
0.015493654,0.1,6,0.02,100000,1.0
0.039811067,0.15000000000000002,6,0.02,100000,1.0
0.07721435,0.2,6,0.02,100000,1.0
0.11971901,0.25,6,0.02,100000,1.0
0.19855824,0.30000000000000004,6,0.02,100000,1.0
0.31862834,0.35000000000000003,6,0.02,100000,1.0
0.4248289,0.4,6,0.02,100000,1.0
0.52396196,0.45,6,0.02,100000,1.0
0.61440474,0.5,6,0.02,100000,1.0
0.70093393,0.55,6,0.02,100000,1.0
0.7735639,0.6000000000000001,6,0.02,100000,1.0
0.8216899,0.65,6,0.02,100000,1.0
0.8615964,0.7000000000000001,6,0.02,100000,1.0
0.9028445,0.75,6,0.02,100000,1.0
0.9311618,0.8,6,0.02,100000,1.0
0.9565095,0.8500000000000001,6,0.02,100000,1.0
0.97189975,0.9,6,0.02,100000,1.0
0.9915796,0.9500000000000001,6,0.02,100000,1.0
1.0,1.0,6,0.02,100000,1.0
0.0,0.0,6,0.02,100000,2.0
0.0077272733,0.05,6,0.02,100000,2.0
0.019304974,0.1,6,0.02,100000,2.0
0.05275945,0.15000000000000002,6,0.02,100000,2.0
0.089333735,0.2,6,0.02,100000,2.0
0.14386125,0.25,6,0.02,100000,2.0
0.21709388,0.30000000000000004,6,0.02,100000,2.0
0.30370125,0.35000000000000003,6,0.02,100000,2.0
0.41014975,0.4,6,0.02,100000,2.0
0.5311364,0.45,6,0.02,100000,2.0
0.61761653,0.5,6,0.02,100000,2.0
0.7228175,0.55,6,0.02,100000,2.0
0.8099368,0.6000000000000001,6,0.02,100000,2.0
0.87293434,0.65,6,0.02,100000,2.0
0.9168817,0.7000000000000001,6,0.02,100000,2.0
0.95252794,0.75,6,0.02,100000,2.0
0.9754904,0.8,6,0.02,100000,2.0
0.98525304,0.8500000000000001,6,0.02,100000,2.0
0.99742484,0.9,6,0.02,100000,2.0
1.0,0.9500000000000001,6,0.02,100000,2.0
1.0,1.0,6,0.02,100000,2.0
0.0,0.0,6,0.02,100000,3.0
0.00086900056,0.05,6,0.02,100000,3.0
0.00086900056,0.1,6,0.02,100000,3.0
0.00186917,0.15000000000000002,6,0.02,100000,3.0
0.01780321,0.2,6,0.02,100000,3.0
0.056540884,0.25,6,0.02,100000,3.0
0.13103087,0.30000000000000004,6,0.02,100000,3.0
0.24491231,0.35000000000000003,6,0.02,100000,3.0
0.37715504,0.4,6,0.02,100000,3.0
0.5167543,0.45,6,0.02,100000,3.0
0.62466437,0.5,6,0.02,100000,3.0
0.73049295,0.55,6,0.02,100000,3.0
0.8113164,0.6000000000000001,6,0.02,100000,3.0
0.874269,0.65,6,0.02,100000,3.0
0.9182392,0.7000000000000001,6,0.02,100000,3.0
0.9486171,0.75,6,0.02,100000,3.0
0.973283,0.8,6,0.02,100000,3.0
0.98900914,0.8500000000000001,6,0.02,100000,3.0
0.99586356,0.9,6,0.02,100000,3.0
1.0,0.9500000000000001,6,0.02,100000,3.0
1.0,1.0,6,0.02,100000,3.0
0.0,0.0,7,0.02,100000,1.0
0.0009497262,0.05,7,0.02,100000,1.0
0.009989806,0.1,7,0.02,100000,1.0
0.03607276,0.15000000000000002,7,0.02,100000,1.0
0.08322555,0.2,7,0.02,100000,1.0
0.12041806,0.25,7,0.02,100000,1.0
0.19421105,0.30000000000000004,7,0.02,100000,1.0
0.28278184,0.35000000000000003,7,0.02,100000,1.0
0.36190745,0.4,7,0.02,100000,1.0
0.4395523,0.45,7,0.02,100000,1.0
0.50093323,0.5,7,0.02,100000,1.0
0.5721738,0.55,7,0.02,100000,1.0
0.61703086,0.6000000000000001,7,0.02,100000,1.0
0.665898,0.65,7,0.02,100000,1.0
0.7206072,0.7000000000000001,7,0.02,100000,1.0
0.7700663,0.75,7,0.02,100000,1.0
0.80584335,0.8,7,0.02,100000,1.0
0.8618568,0.8500000000000001,7,0.02,100000,1.0
0.9206441,0.9,7,0.02,100000,1.0
0.95896256,0.9500000000000001,7,0.02,100000,1.0
1.0,1.0,7,0.02,100000,1.0
0.0,0.0,7,0.02,100000,2.0
0.0,0.05,7,0.02,100000,2.0
0.00086013373,0.1,7,0.02,100000,2.0
0.009235813,0.15000000000000002,7,0.02,100000,2.0
0.03538107,0.2,7,0.02,100000,2.0
0.08503447,0.25,7,0.02,100000,2.0
0.16689415,0.30000000000000004,7,0.02,100000,2.0
0.25976628,0.35000000000000003,7,0.02,100000,2.0
0.38343343,0.4,7,0.02,100000,2.0
0.49638706,0.45,7,0.02,100000,2.0
0.60948735,0.5,7,0.02,100000,2.0
0.7241359,0.55,7,0.02,100000,2.0
0.8029611,0.6000000000000001,7,0.02,100000,2.0
0.865095,0.65,7,0.02,100000,2.0
0.9010939,0.7000000000000001,7,0.02,100000,2.0
0.94158626,0.75,7,0.02,100000,2.0
0.96090555,0.8,7,0.02,100000,2.0
0.9750546,0.8500000000000001,7,0.02,100000,2.0
0.9871619,0.9,7,0.02,100000,2.0
0.9957006,0.9500000000000001,7,0.02,100000,2.0
1.0,1.0,7,0.02,100000,2.0
0.0,0.0,7,0.02,100000,3.0
0.0,0.05,7,0.02,100000,3.0
0.00086013373,0.1,7,0.02,100000,3.0
0.009653226,0.15000000000000002,7,0.02,100000,3.0
0.034127153,0.2,7,0.02,100000,3.0
0.078730136,0.25,7,0.02,100000,3.0
0.15200971,0.30000000000000004,7,0.02,100000,3.0
0.26241657,0.35000000000000003,7,0.02,100000,3.0
0.37763354,0.4,7,0.02,100000,3.0
0.485706,0.45,7,0.02,100000,3.0
0.605293,0.5,7,0.02,100000,3.0
0.729734,0.55,7,0.02,100000,3.0
0.80731595,0.6000000000000001,7,0.02,100000,3.0
0.8653317,0.65,7,0.02,100000,3.0
0.9083052,0.7000000000000001,7,0.02,100000,3.0
0.9436627,0.75,7,0.02,100000,3.0
0.96903753,0.8,7,0.02,100000,3.0
0.98466325,0.8500000000000001,7,0.02,100000,3.0
0.9940102,0.9,7,0.02,100000,3.0
0.9974315,0.9500000000000001,7,0.02,100000,3.0
1.0,1.0,7,0.02,100000,3.0
0.0,0.0,8,0.02,100000,1.0
0.012012255,0.05,8,0.02,100000,1.0
0.019048903,0.1,8,0.02,100000,1.0
0.033063143,0.15000000000000002,8,0.02,100000,1.0
0.06416735,0.2,8,0.02,100000,1.0
0.10534232,0.25,8,0.02,100000,1.0
0.18153149,0.30000000000000004,8,0.02,100000,1.0
0.30386013,0.35000000000000003,8,0.02,100000,1.0
0.42822972,0.4,8,0.02,100000,1.0
0.5513624,0.45,8,0.02,100000,1.0
0.6695561,0.5,8,0.02,100000,1.0
0.7518747,0.55,8,0.02,100000,1.0
0.8244202,0.6000000000000001,8,0.02,100000,1.0
0.8725738,0.65,8,0.02,100000,1.0
0.917444,0.7000000000000001,8,0.02,100000,1.0
0.9430951,0.75,8,0.02,100000,1.0
0.9657195,0.8,8,0.02,100000,1.0
0.9793714,0.8500000000000001,8,0.02,100000,1.0
0.9896285,0.9,8,0.02,100000,1.0
0.9974759,0.9500000000000001,8,0.02,100000,1.0
1.0,1.0,8,0.02,100000,1.0
0.0,0.0,8,0.02,100000,2.0
0.0017005103,0.05,8,0.02,100000,2.0
0.0051984536,0.1,8,0.02,100000,2.0
0.006163786,0.15000000000000002,8,0.02,100000,2.0
0.022203531,0.2,8,0.02,100000,2.0
0.052933108,0.25,8,0.02,100000,2.0
0.13129407,0.30000000000000004,8,0.02,100000,2.0
0.25995493,0.35000000000000003,8,0.02,100000,2.0
0.42281497,0.4,8,0.02,100000,2.0
0.6043888,0.45,8,0.02,100000,2.0
0.72627187,0.5,8,0.02,100000,2.0
0.8149607,0.55,8,0.02,100000,2.0
0.8849053,0.6000000000000001,8,0.02,100000,2.0
0.93159026,0.65,8,0.02,100000,2.0
0.9556276,0.7000000000000001,8,0.02,100000,2.0
0.97180355,0.75,8,0.02,100000,2.0
0.9805238,0.8,8,0.02,100000,2.0
0.9890629,0.8500000000000001,8,0.02,100000,2.0
0.9924421,0.9,8,0.02,100000,2.0
0.9974759,0.9500000000000001,8,0.02,100000,2.0
1.0,1.0,8,0.02,100000,2.0
0.0,0.0,8,0.02,100000,3.0
0.0,0.05,8,0.02,100000,3.0
0.0016854552,0.1,8,0.02,100000,3.0
0.0016854552,0.15000000000000002,8,0.02,100000,3.0
0.011426292,0.2,8,0.02,100000,3.0
0.033495422,0.25,8,0.02,100000,3.0
0.112791866,0.30000000000000004,8,0.02,100000,3.0
0.24320695,0.35000000000000003,8,0.02,100000,3.0
0.41540092,0.4,8,0.02,100000,3.0
0.5893516,0.45,8,0.02,100000,3.0
0.7111294,0.5,8,0.02,100000,3.0
0.8207641,0.55,8,0.02,100000,3.0
0.87845165,0.6000000000000001,8,0.02,100000,3.0
0.92253804,0.65,8,0.02,100000,3.0
0.9517536,0.7000000000000001,8,0.02,100000,3.0
0.9671387,0.75,8,0.02,100000,3.0
0.98322266,0.8,8,0.02,100000,3.0
0.99007064,0.8500000000000001,8,0.02,100000,3.0
0.9960694,0.9,8,0.02,100000,3.0
0.9985008,0.9500000000000001,8,0.02,100000,3.0
1.0,1.0,8,0.02,100000,3.0
0.0,0.0,9,0.02,100000,1.0
0.007958135,0.05,9,0.02,100000,1.0
0.048170764,0.1,9,0.02,100000,1.0
0.093610644,0.15000000000000002,9,0.02,100000,1.0
0.12467047,0.2,9,0.02,100000,1.0
0.15173069,0.25,9,0.02,100000,1.0
0.18940035,0.30000000000000004,9,0.02,100000,1.0
0.22339183,0.35000000000000003,9,0.02,100000,1.0
0.2822384,0.4,9,0.02,100000,1.0
0.3278715,0.45,9,0.02,100000,1.0
0.38544074,0.5,9,0.02,100000,1.0
0.42253113,0.55,9,0.02,100000,1.0
0.4746198,0.6000000000000001,9,0.02,100000,1.0
0.5362847,0.65,9,0.02,100000,1.0
0.60600984,0.7000000000000001,9,0.02,100000,1.0
0.66245574,0.75,9,0.02,100000,1.0
0.73493224,0.8,9,0.02,100000,1.0
0.7962226,0.8500000000000001,9,0.02,100000,1.0
0.8728112,0.9,9,0.02,100000,1.0
0.9471059,0.9500000000000001,9,0.02,100000,1.0
1.0,1.0,9,0.02,100000,1.0
0.0,0.0,9,0.02,100000,2.0
0.017748414,0.05,9,0.02,100000,2.0
0.0683154,0.1,9,0.02,100000,2.0
0.10153217,0.15000000000000002,9,0.02,100000,2.0
0.13968518,0.2,9,0.02,100000,2.0
0.19439282,0.25,9,0.02,100000,2.0
0.25319362,0.30000000000000004,9,0.02,100000,2.0
0.31048173,0.35000000000000003,9,0.02,100000,2.0
0.37953004,0.4,9,0.02,100000,2.0
0.45064217,0.45,9,0.02,100000,2.0
0.5324254,0.5,9,0.02,100000,2.0
0.6124359,0.55,9,0.02,100000,2.0
0.69925886,0.6000000000000001,9,0.02,100000,2.0
0.77970916,0.65,9,0.02,100000,2.0
0.85773116,0.7000000000000001,9,0.02,100000,2.0
0.91687715,0.75,9,0.02,100000,2.0
0.9657265,0.8,9,0.02,100000,2.0
0.9885192,0.8500000000000001,9,0.02,100000,2.0
0.99473643,0.9,9,0.02,100000,2.0
1.0,0.9500000000000001,9,0.02,100000,2.0
1.0,1.0,9,0.02,100000,2.0
0.0,0.0,9,0.02,100000,3.0
0.023255683,0.05,9,0.02,100000,3.0
0.067133985,0.1,9,0.02,100000,3.0
0.10176606,0.15000000000000002,9,0.02,100000,3.0
0.14987697,0.2,9,0.02,100000,3.0
0.19770706,0.25,9,0.02,100000,3.0
0.27054718,0.30000000000000004,9,0.02,100000,3.0
0.344615,0.35000000000000003,9,0.02,100000,3.0
0.425059,0.4,9,0.02,100000,3.0
0.52165776,0.45,9,0.02,100000,3.0
0.6329975,0.5,9,0.02,100000,3.0
0.7222414,0.55,9,0.02,100000,3.0
0.81423384,0.6000000000000001,9,0.02,100000,3.0
0.88647,0.65,9,0.02,100000,3.0
0.93175423,0.7000000000000001,9,0.02,100000,3.0
0.9619288,0.75,9,0.02,100000,3.0
0.98510826,0.8,9,0.02,100000,3.0
0.9956432,0.8500000000000001,9,0.02,100000,3.0
0.9991414,0.9,9,0.02,100000,3.0
1.0,0.9500000000000001,9,0.02,100000,3.0
1.0,1.0,9,0.02,100000,3.0
0.0,0.0,0,0.03,100000,1.0
0.0032805044,0.05,0,0.03,100000,1.0
0.014972667,0.1,0,0.03,100000,1.0
0.038349435,0.15000000000000002,0,0.03,100000,1.0
0.076023646,0.2,0,0.03,100000,1.0
0.115963176,0.25,0,0.03,100000,1.0
0.16082378,0.30000000000000004,0,0.03,100000,1.0
0.2175312,0.35000000000000003,0,0.03,100000,1.0
0.28044218,0.4,0,0.03,100000,1.0
0.37343732,0.45,0,0.03,100000,1.0
0.46673572,0.5,0,0.03,100000,1.0
0.5694669,0.55,0,0.03,100000,1.0
0.6536124,0.6000000000000001,0,0.03,100000,1.0
0.7185358,0.65,0,0.03,100000,1.0
0.7762983,0.7000000000000001,0,0.03,100000,1.0
0.82533306,0.75,0,0.03,100000,1.0
0.8765182,0.8,0,0.03,100000,1.0
0.91692734,0.8500000000000001,0,0.03,100000,1.0
0.9471045,0.9,0,0.03,100000,1.0
0.9697792,0.9500000000000001,0,0.03,100000,1.0
1.0,1.0,0,0.03,100000,1.0
0.0,0.0,0,0.03,100000,2.0
0.0013249408,0.05,0,0.03,100000,2.0
0.0081834765,0.1,0,0.03,100000,2.0
0.032048203,0.15000000000000002,0,0.03,100000,2.0
0.09449318,0.2,0,0.03,100000,2.0
0.19083245,0.25,0,0.03,100000,2.0
0.27689362,0.30000000000000004,0,0.03,100000,2.0
0.35968825,0.35000000000000003,0,0.03,100000,2.0
0.44872782,0.4,0,0.03,100000,2.0
0.5447603,0.45,0,0.03,100000,2.0
0.64236456,0.5,0,0.03,100000,2.0
0.7249736,0.55,0,0.03,100000,2.0
0.78823966,0.6000000000000001,0,0.03,100000,2.0
0.8398571,0.65,0,0.03,100000,2.0
0.8883301,0.7000000000000001,0,0.03,100000,2.0
0.9224718,0.75,0,0.03,100000,2.0
0.9503694,0.8,0,0.03,100000,2.0
0.9670371,0.8500000000000001,0,0.03,100000,2.0
0.98336625,0.9,0,0.03,100000,2.0
0.9929378,0.9500000000000001,0,0.03,100000,2.0
1.0,1.0,0,0.03,100000,2.0
0.0,0.0,0,0.03,100000,3.0
0.008371169,0.05,0,0.03,100000,3.0
0.055242352,0.1,0,0.03,100000,3.0
0.10820223,0.15000000000000002,0,0.03,100000,3.0
0.16635463,0.2,0,0.03,100000,3.0
0.22359844,0.25,0,0.03,100000,3.0
0.29112408,0.30000000000000004,0,0.03,100000,3.0
0.3828038,0.35000000000000003,0,0.03,100000,3.0
0.47687888,0.4,0,0.03,100000,3.0
0.5791294,0.45,0,0.03,100000,3.0
0.672056,0.5,0,0.03,100000,3.0
0.75254285,0.55,0,0.03,100000,3.0
0.81673855,0.6000000000000001,0,0.03,100000,3.0
0.8684909,0.65,0,0.03,100000,3.0
0.90732306,0.7000000000000001,0,0.03,100000,3.0
0.93815064,0.75,0,0.03,100000,3.0
0.9565539,0.8,0,0.03,100000,3.0
0.97617304,0.8500000000000001,0,0.03,100000,3.0
0.9923277,0.9,0,0.03,100000,3.0
0.99885136,0.9500000000000001,0,0.03,100000,3.0
1.0,1.0,0,0.03,100000,3.0
0.0,0.0,1,0.03,100000,1.0
0.010562171,0.05,1,0.03,100000,1.0
0.026698722,0.1,1,0.03,100000,1.0
0.054461863,0.15000000000000002,1,0.03,100000,1.0
0.09203662,0.2,1,0.03,100000,1.0
0.1348532,0.25,1,0.03,100000,1.0
0.1786266,0.30000000000000004,1,0.03,100000,1.0
0.21712239,0.35000000000000003,1,0.03,100000,1.0
0.26406944,0.4,1,0.03,100000,1.0
0.3129211,0.45,1,0.03,100000,1.0
0.37444314,0.5,1,0.03,100000,1.0
0.44277167,0.55,1,0.03,100000,1.0
0.5121564,0.6000000000000001,1,0.03,100000,1.0
0.57519156,0.65,1,0.03,100000,1.0
0.6428598,0.7000000000000001,1,0.03,100000,1.0
0.7376528,0.75,1,0.03,100000,1.0
0.8167432,0.8,1,0.03,100000,1.0
0.893731,0.8500000000000001,1,0.03,100000,1.0
0.96498746,0.9,1,0.03,100000,1.0
0.9901409,0.9500000000000001,1,0.03,100000,1.0
1.0,1.0,1,0.03,100000,1.0
0.0,0.0,1,0.03,100000,2.0
0.034673307,0.05,1,0.03,100000,2.0
0.06906934,0.1,1,0.03,100000,2.0
0.108842134,0.15000000000000002,1,0.03,100000,2.0
0.16419162,0.2,1,0.03,100000,2.0
0.23726168,0.25,1,0.03,100000,2.0
0.31971073,0.30000000000000004,1,0.03,100000,2.0
0.4150941,0.35000000000000003,1,0.03,100000,2.0
0.52379656,0.4,1,0.03,100000,2.0
0.6131223,0.45,1,0.03,100000,2.0
0.70279723,0.5,1,0.03,100000,2.0
0.7823829,0.55,1,0.03,100000,2.0
0.8507561,0.6000000000000001,1,0.03,100000,2.0
0.89760834,0.65,1,0.03,100000,2.0
0.93260187,0.7000000000000001,1,0.03,100000,2.0
0.9587227,0.75,1,0.03,100000,2.0
0.973122,0.8,1,0.03,100000,2.0
0.9842699,0.8500000000000001,1,0.03,100000,2.0
0.99016947,0.9,1,0.03,100000,2.0
0.99480677,0.9500000000000001,1,0.03,100000,2.0
1.0,1.0,1,0.03,100000,2.0
0.0,0.0,1,0.03,100000,3.0
0.0316009,0.05,1,0.03,100000,3.0
0.06834157,0.1,1,0.03,100000,3.0
0.1069784,0.15000000000000002,1,0.03,100000,3.0
0.16287866,0.2,1,0.03,100000,3.0
0.24574141,0.25,1,0.03,100000,3.0
0.3342572,0.30000000000000004,1,0.03,100000,3.0
0.44531077,0.35000000000000003,1,0.03,100000,3.0
0.5492019,0.4,1,0.03,100000,3.0
0.6421066,0.45,1,0.03,100000,3.0
0.73968005,0.5,1,0.03,100000,3.0
0.8103533,0.55,1,0.03,100000,3.0
0.8723514,0.6000000000000001,1,0.03,100000,3.0
0.90744674,0.65,1,0.03,100000,3.0
0.9385406,0.7000000000000001,1,0.03,100000,3.0
0.96353865,0.75,1,0.03,100000,3.0
0.97776985,0.8,1,0.03,100000,3.0
0.98659825,0.8500000000000001,1,0.03,100000,3.0
0.9936027,0.9,1,0.03,100000,3.0
0.99769455,0.9500000000000001,1,0.03,100000,3.0
1.0,1.0,1,0.03,100000,3.0
0.0,0.0,2,0.03,100000,1.0
0.25086102,0.05,2,0.03,100000,1.0
0.32998633,0.1,2,0.03,100000,1.0
0.3940411,0.15000000000000002,2,0.03,100000,1.0
0.44695613,0.2,2,0.03,100000,1.0
0.4838922,0.25,2,0.03,100000,1.0
0.5138073,0.30000000000000004,2,0.03,100000,1.0
0.5390344,0.35000000000000003,2,0.03,100000,1.0
0.560017,0.4,2,0.03,100000,1.0
0.581787,0.45,2,0.03,100000,1.0
0.6082347,0.5,2,0.03,100000,1.0
0.6411855,0.55,2,0.03,100000,1.0
0.6657756,0.6000000000000001,2,0.03,100000,1.0
0.69808793,0.65,2,0.03,100000,1.0
0.723458,0.7000000000000001,2,0.03,100000,1.0
0.74862015,0.75,2,0.03,100000,1.0
0.7834075,0.8,2,0.03,100000,1.0
0.819479,0.8500000000000001,2,0.03,100000,1.0
0.8608869,0.9,2,0.03,100000,1.0
0.905935,0.9500000000000001,2,0.03,100000,1.0
1.0,1.0,2,0.03,100000,1.0
0.0,0.0,2,0.03,100000,2.0
0.45402095,0.05,2,0.03,100000,2.0
0.5395008,0.1,2,0.03,100000,2.0
0.5914723,0.15000000000000002,2,0.03,100000,2.0
0.6272945,0.2,2,0.03,100000,2.0
0.65629417,0.25,2,0.03,100000,2.0
0.6851698,0.30000000000000004,2,0.03,100000,2.0
0.71612895,0.35000000000000003,2,0.03,100000,2.0
0.7467742,0.4,2,0.03,100000,2.0
0.7794011,0.45,2,0.03,100000,2.0
0.8128931,0.5,2,0.03,100000,2.0
0.85072196,0.55,2,0.03,100000,2.0
0.8776841,0.6000000000000001,2,0.03,100000,2.0
0.89840525,0.65,2,0.03,100000,2.0
0.92092204,0.7000000000000001,2,0.03,100000,2.0
0.9396304,0.75,2,0.03,100000,2.0
0.95692104,0.8,2,0.03,100000,2.0
0.96795267,0.8500000000000001,2,0.03,100000,2.0
0.9807111,0.9,2,0.03,100000,2.0
0.98601735,0.9500000000000001,2,0.03,100000,2.0
1.0,1.0,2,0.03,100000,2.0
0.0,0.0,2,0.03,100000,3.0
0.6916638,0.05,2,0.03,100000,3.0
0.7186711,0.1,2,0.03,100000,3.0
0.7372833,0.15000000000000002,2,0.03,100000,3.0
0.7509841,0.2,2,0.03,100000,3.0
0.76691633,0.25,2,0.03,100000,3.0
0.77990204,0.30000000000000004,2,0.03,100000,3.0
0.7912559,0.35000000000000003,2,0.03,100000,3.0
0.806022,0.4,2,0.03,100000,3.0
0.8282451,0.45,2,0.03,100000,3.0
0.85540384,0.5,2,0.03,100000,3.0
0.8841255,0.55,2,0.03,100000,3.0
0.9095544,0.6000000000000001,2,0.03,100000,3.0
0.93280625,0.65,2,0.03,100000,3.0
0.95451134,0.7000000000000001,2,0.03,100000,3.0
0.9717316,0.75,2,0.03,100000,3.0
0.9817626,0.8,2,0.03,100000,3.0
0.9859572,0.8500000000000001,2,0.03,100000,3.0
0.99245065,0.9,2,0.03,100000,3.0
0.99941176,0.9500000000000001,2,0.03,100000,3.0
1.0,1.0,2,0.03,100000,3.0
0.0,0.0,3,0.03,100000,1.0
0.09788032,0.05,3,0.03,100000,1.0
0.21873789,0.1,3,0.03,100000,1.0
0.3153038,0.15000000000000002,3,0.03,100000,1.0
0.39796558,0.2,3,0.03,100000,1.0
0.46463236,0.25,3,0.03,100000,1.0
0.5365197,0.30000000000000004,3,0.03,100000,1.0
0.5977376,0.35000000000000003,3,0.03,100000,1.0
0.6559545,0.4,3,0.03,100000,1.0
0.70654404,0.45,3,0.03,100000,1.0
0.7588605,0.5,3,0.03,100000,1.0
0.79836655,0.55,3,0.03,100000,1.0
0.8398192,0.6000000000000001,3,0.03,100000,1.0
0.8705733,0.65,3,0.03,100000,1.0
0.8939829,0.7000000000000001,3,0.03,100000,1.0
0.9210112,0.75,3,0.03,100000,1.0
0.9375217,0.8,3,0.03,100000,1.0
0.9547792,0.8500000000000001,3,0.03,100000,1.0
0.9726182,0.9,3,0.03,100000,1.0
0.9873721,0.9500000000000001,3,0.03,100000,1.0
1.0,1.0,3,0.03,100000,1.0
0.0,0.0,3,0.03,100000,2.0
0.036339708,0.05,3,0.03,100000,2.0
0.0929437,0.1,3,0.03,100000,2.0
0.172773,0.15000000000000002,3,0.03,100000,2.0
0.24632344,0.2,3,0.03,100000,2.0
0.33424127,0.25,3,0.03,100000,2.0
0.4246575,0.30000000000000004,3,0.03,100000,2.0
0.53047407,0.35000000000000003,3,0.03,100000,2.0
0.6215894,0.4,3,0.03,100000,2.0
0.69164604,0.45,3,0.03,100000,2.0
0.74805677,0.5,3,0.03,100000,2.0
0.8004046,0.55,3,0.03,100000,2.0
0.84701055,0.6000000000000001,3,0.03,100000,2.0
0.8875135,0.65,3,0.03,100000,2.0
0.91899145,0.7000000000000001,3,0.03,100000,2.0
0.9432882,0.75,3,0.03,100000,2.0
0.9615529,0.8,3,0.03,100000,2.0
0.9814461,0.8500000000000001,3,0.03,100000,2.0
0.9959942,0.9,3,0.03,100000,2.0
0.99941146,0.9500000000000001,3,0.03,100000,2.0
1.0,1.0,3,0.03,100000,2.0
0.0,0.0,3,0.03,100000,3.0
0.014542041,0.05,3,0.03,100000,3.0
0.0367753,0.1,3,0.03,100000,3.0
0.0945664,0.15000000000000002,3,0.03,100000,3.0
0.1546935,0.2,3,0.03,100000,3.0
0.23706578,0.25,3,0.03,100000,3.0
0.33897683,0.30000000000000004,3,0.03,100000,3.0
0.44927624,0.35000000000000003,3,0.03,100000,3.0
0.5640784,0.4,3,0.03,100000,3.0
0.6462789,0.45,3,0.03,100000,3.0
0.7216195,0.5,3,0.03,100000,3.0
0.78193516,0.55,3,0.03,100000,3.0
0.8403413,0.6000000000000001,3,0.03,100000,3.0
0.8839298,0.65,3,0.03,100000,3.0
0.9257607,0.7000000000000001,3,0.03,100000,3.0
0.9498688,0.75,3,0.03,100000,3.0
0.96809924,0.8,3,0.03,100000,3.0
0.98370486,0.8500000000000001,3,0.03,100000,3.0
0.9982943,0.9,3,0.03,100000,3.0
0.99941146,0.9500000000000001,3,0.03,100000,3.0
1.0,1.0,3,0.03,100000,3.0
0.0,0.0,4,0.03,100000,1.0
0.40730286,0.05,4,0.03,100000,1.0
0.5469651,0.1,4,0.03,100000,1.0
0.62149405,0.15000000000000002,4,0.03,100000,1.0
0.6825363,0.2,4,0.03,100000,1.0
0.7214621,0.25,4,0.03,100000,1.0
0.75527185,0.30000000000000004,4,0.03,100000,1.0
0.78049535,0.35000000000000003,4,0.03,100000,1.0
0.8111201,0.4,4,0.03,100000,1.0
0.84436196,0.45,4,0.03,100000,1.0
0.8643469,0.5,4,0.03,100000,1.0
0.8888124,0.55,4,0.03,100000,1.0
0.9065533,0.6000000000000001,4,0.03,100000,1.0
0.92087144,0.65,4,0.03,100000,1.0
0.9381921,0.7000000000000001,4,0.03,100000,1.0
0.9525319,0.75,4,0.03,100000,1.0
0.9732181,0.8,4,0.03,100000,1.0
0.9832546,0.8500000000000001,4,0.03,100000,1.0
0.99197185,0.9,4,0.03,100000,1.0
0.9971838,0.9500000000000001,4,0.03,100000,1.0
1.0,1.0,4,0.03,100000,1.0
0.0,0.0,4,0.03,100000,2.0
0.5025263,0.05,4,0.03,100000,2.0
0.5704253,0.1,4,0.03,100000,2.0
0.61498576,0.15000000000000002,4,0.03,100000,2.0
0.6479574,0.2,4,0.03,100000,2.0
0.6734517,0.25,4,0.03,100000,2.0
0.7053826,0.30000000000000004,4,0.03,100000,2.0
0.7391285,0.35000000000000003,4,0.03,100000,2.0
0.76563615,0.4,4,0.03,100000,2.0
0.7910248,0.45,4,0.03,100000,2.0
0.82721204,0.5,4,0.03,100000,2.0
0.8616711,0.55,4,0.03,100000,2.0
0.8886173,0.6000000000000001,4,0.03,100000,2.0
0.91938615,0.65,4,0.03,100000,2.0
0.94386154,0.7000000000000001,4,0.03,100000,2.0
0.9575421,0.75,4,0.03,100000,2.0
0.9751385,0.8,4,0.03,100000,2.0
0.98796314,0.8500000000000001,4,0.03,100000,2.0
0.9954727,0.9,4,0.03,100000,2.0
0.99943924,0.9500000000000001,4,0.03,100000,2.0
1.0,1.0,4,0.03,100000,2.0
0.0,0.0,4,0.03,100000,3.0
0.49317482,0.05,4,0.03,100000,3.0
0.5601586,0.1,4,0.03,100000,3.0
0.60201806,0.15000000000000002,4,0.03,100000,3.0
0.64012945,0.2,4,0.03,100000,3.0
0.66368914,0.25,4,0.03,100000,3.0
0.6978225,0.30000000000000004,4,0.03,100000,3.0
0.73145324,0.35000000000000003,4,0.03,100000,3.0
0.760454,0.4,4,0.03,100000,3.0
0.790717,0.45,4,0.03,100000,3.0
0.82721484,0.5,4,0.03,100000,3.0
0.8653207,0.55,4,0.03,100000,3.0
0.89968395,0.6000000000000001,4,0.03,100000,3.0
0.9273009,0.65,4,0.03,100000,3.0
0.9533194,0.7000000000000001,4,0.03,100000,3.0
0.97163624,0.75,4,0.03,100000,3.0
0.9884292,0.8,4,0.03,100000,3.0
0.9943103,0.8500000000000001,4,0.03,100000,3.0
0.99777436,0.9,4,0.03,100000,3.0
0.9989047,0.9500000000000001,4,0.03,100000,3.0
1.0,1.0,4,0.03,100000,3.0
0.0,0.0,5,0.03,100000,1.0
0.2160387,0.05,5,0.03,100000,1.0
0.29753464,0.1,5,0.03,100000,1.0
0.37154186,0.15000000000000002,5,0.03,100000,1.0
0.4307146,0.2,5,0.03,100000,1.0
0.47234735,0.25,5,0.03,100000,1.0
0.5165962,0.30000000000000004,5,0.03,100000,1.0
0.56135714,0.35000000000000003,5,0.03,100000,1.0
0.602646,0.4,5,0.03,100000,1.0
0.64181536,0.45,5,0.03,100000,1.0
0.6820861,0.5,5,0.03,100000,1.0
0.71334654,0.55,5,0.03,100000,1.0
0.7563651,0.6000000000000001,5,0.03,100000,1.0
0.7904938,0.65,5,0.03,100000,1.0
0.82465404,0.7000000000000001,5,0.03,100000,1.0
0.8633776,0.75,5,0.03,100000,1.0
0.8930634,0.8,5,0.03,100000,1.0
0.9122097,0.8500000000000001,5,0.03,100000,1.0
0.9451577,0.9,5,0.03,100000,1.0
0.97282594,0.9500000000000001,5,0.03,100000,1.0
1.0,1.0,5,0.03,100000,1.0
0.0,0.0,5,0.03,100000,2.0
0.15696992,0.05,5,0.03,100000,2.0
0.24196257,0.1,5,0.03,100000,2.0
0.31197068,0.15000000000000002,5,0.03,100000,2.0
0.3689763,0.2,5,0.03,100000,2.0
0.43028715,0.25,5,0.03,100000,2.0
0.4899257,0.30000000000000004,5,0.03,100000,2.0
0.54490787,0.35000000000000003,5,0.03,100000,2.0
0.59774977,0.4,5,0.03,100000,2.0
0.6437601,0.45,5,0.03,100000,2.0
0.69731253,0.5,5,0.03,100000,2.0
0.7473805,0.55,5,0.03,100000,2.0
0.79463816,0.6000000000000001,5,0.03,100000,2.0
0.8368561,0.65,5,0.03,100000,2.0
0.8751167,0.7000000000000001,5,0.03,100000,2.0
0.91328543,0.75,5,0.03,100000,2.0
0.93433887,0.8,5,0.03,100000,2.0
0.95465165,0.8500000000000001,5,0.03,100000,2.0
0.977782,0.9,5,0.03,100000,2.0
0.99422157,0.9500000000000001,5,0.03,100000,2.0
1.0,1.0,5,0.03,100000,2.0
0.0,0.0,5,0.03,100000,3.0
0.09969345,0.05,5,0.03,100000,3.0
0.17222637,0.1,5,0.03,100000,3.0
0.25504214,0.15000000000000002,5,0.03,100000,3.0
0.32288003,0.2,5,0.03,100000,3.0
0.38401508,0.25,5,0.03,100000,3.0
0.4483871,0.30000000000000004,5,0.03,100000,3.0
0.5221678,0.35000000000000003,5,0.03,100000,3.0
0.5850049,0.4,5,0.03,100000,3.0
0.64643544,0.45,5,0.03,100000,3.0
0.7148844,0.5,5,0.03,100000,3.0
0.76857966,0.55,5,0.03,100000,3.0
0.8169941,0.6000000000000001,5,0.03,100000,3.0
0.86699927,0.65,5,0.03,100000,3.0
0.9081847,0.7000000000000001,5,0.03,100000,3.0
0.93192804,0.75,5,0.03,100000,3.0
0.9544789,0.8,5,0.03,100000,3.0
0.9772327,0.8500000000000001,5,0.03,100000,3.0
0.9918434,0.9,5,0.03,100000,3.0
0.99827015,0.9500000000000001,5,0.03,100000,3.0
1.0,1.0,5,0.03,100000,3.0
0.0,0.0,6,0.03,100000,1.0
0.12221927,0.05,6,0.03,100000,1.0
0.1615436,0.1,6,0.03,100000,1.0
0.20555425,0.15000000000000002,6,0.03,100000,1.0
0.23651297,0.2,6,0.03,100000,1.0
0.2532444,0.25,6,0.03,100000,1.0
0.27679056,0.30000000000000004,6,0.03,100000,1.0
0.29844952,0.35000000000000003,6,0.03,100000,1.0
0.32047594,0.4,6,0.03,100000,1.0
0.3405619,0.45,6,0.03,100000,1.0
0.372068,0.5,6,0.03,100000,1.0
0.40190628,0.55,6,0.03,100000,1.0
0.42999807,0.6000000000000001,6,0.03,100000,1.0
0.46807754,0.65,6,0.03,100000,1.0
0.4931328,0.7000000000000001,6,0.03,100000,1.0
0.53510666,0.75,6,0.03,100000,1.0
0.57066256,0.8,6,0.03,100000,1.0
0.628347,0.8500000000000001,6,0.03,100000,1.0
0.68644285,0.9,6,0.03,100000,1.0
0.7576481,0.9500000000000001,6,0.03,100000,1.0
0.9995119,1.0,6,0.03,100000,1.0
0.0,0.0,6,0.03,100000,2.0
0.23409274,0.05,6,0.03,100000,2.0
0.28298324,0.1,6,0.03,100000,2.0
0.3167169,0.15000000000000002,6,0.03,100000,2.0
0.34224734,0.2,6,0.03,100000,2.0
0.36705747,0.25,6,0.03,100000,2.0
0.39186224,0.30000000000000004,6,0.03,100000,2.0
0.41406137,0.35000000000000003,6,0.03,100000,2.0
0.44451672,0.4,6,0.03,100000,2.0
0.4744466,0.45,6,0.03,100000,2.0
0.50128835,0.5,6,0.03,100000,2.0
0.52924794,0.55,6,0.03,100000,2.0
0.5634467,0.6000000000000001,6,0.03,100000,2.0
0.59470904,0.65,6,0.03,100000,2.0
0.6377404,0.7000000000000001,6,0.03,100000,2.0
0.6723936,0.75,6,0.03,100000,2.0
0.70624775,0.8,6,0.03,100000,2.0
0.7418854,0.8500000000000001,6,0.03,100000,2.0
0.78669983,0.9,6,0.03,100000,2.0
0.8268977,0.9500000000000001,6,0.03,100000,2.0
1.0,1.0,6,0.03,100000,2.0
0.0,0.0,6,0.03,100000,3.0
0.34311068,0.05,6,0.03,100000,3.0
0.40337357,0.1,6,0.03,100000,3.0
0.43559727,0.15000000000000002,6,0.03,100000,3.0
0.46194747,0.2,6,0.03,100000,3.0
0.49395233,0.25,6,0.03,100000,3.0
0.5207796,0.30000000000000004,6,0.03,100000,3.0
0.5521169,0.35000000000000003,6,0.03,100000,3.0
0.57900214,0.4,6,0.03,100000,3.0
0.61261183,0.45,6,0.03,100000,3.0
0.64169955,0.5,6,0.03,100000,3.0
0.67332435,0.55,6,0.03,100000,3.0
0.70123494,0.6000000000000001,6,0.03,100000,3.0
0.7413352,0.65,6,0.03,100000,3.0
0.7769331,0.7000000000000001,6,0.03,100000,3.0
0.80864847,0.75,6,0.03,100000,3.0
0.84794694,0.8,6,0.03,100000,3.0
0.89452887,0.8500000000000001,6,0.03,100000,3.0
0.9364879,0.9,6,0.03,100000,3.0
0.9789706,0.9500000000000001,6,0.03,100000,3.0
1.0,1.0,6,0.03,100000,3.0
0.0,0.0,7,0.03,100000,1.0
0.011181614,0.05,7,0.03,100000,1.0
0.020114066,0.1,7,0.03,100000,1.0
0.05251253,0.15000000000000002,7,0.03,100000,1.0
0.10665762,0.2,7,0.03,100000,1.0
0.19529146,0.25,7,0.03,100000,1.0
0.3035684,0.30000000000000004,7,0.03,100000,1.0
0.41385162,0.35000000000000003,7,0.03,100000,1.0
0.50457776,0.4,7,0.03,100000,1.0
0.5803088,0.45,7,0.03,100000,1.0
0.6612337,0.5,7,0.03,100000,1.0
0.71634454,0.55,7,0.03,100000,1.0
0.7779111,0.6000000000000001,7,0.03,100000,1.0
0.8191277,0.65,7,0.03,100000,1.0
0.8652437,0.7000000000000001,7,0.03,100000,1.0
0.897344,0.75,7,0.03,100000,1.0
0.92538923,0.8,7,0.03,100000,1.0
0.9465531,0.8500000000000001,7,0.03,100000,1.0
0.9646791,0.9,7,0.03,100000,1.0
0.98174196,0.9500000000000001,7,0.03,100000,1.0
1.0,1.0,7,0.03,100000,1.0
0.0,0.0,7,0.03,100000,2.0
0.010348427,0.05,7,0.03,100000,2.0
0.038336296,0.1,7,0.03,100000,2.0
0.12921882,0.15000000000000002,7,0.03,100000,2.0
0.28201112,0.2,7,0.03,100000,2.0
0.40573668,0.25,7,0.03,100000,2.0
0.5188608,0.30000000000000004,7,0.03,100000,2.0
0.61458576,0.35000000000000003,7,0.03,100000,2.0
0.67738885,0.4,7,0.03,100000,2.0
0.7299958,0.45,7,0.03,100000,2.0
0.7675701,0.5,7,0.03,100000,2.0
0.81575817,0.55,7,0.03,100000,2.0
0.84953153,0.6000000000000001,7,0.03,100000,2.0
0.8801763,0.65,7,0.03,100000,2.0
0.90087855,0.7000000000000001,7,0.03,100000,2.0
0.9273086,0.75,7,0.03,100000,2.0
0.94947207,0.8,7,0.03,100000,2.0
0.9731998,0.8500000000000001,7,0.03,100000,2.0
0.98352367,0.9,7,0.03,100000,2.0
0.9967936,0.9500000000000001,7,0.03,100000,2.0
1.0,1.0,7,0.03,100000,2.0
0.0,0.0,7,0.03,100000,3.0
0.0033120485,0.05,7,0.03,100000,3.0
0.021608401,0.1,7,0.03,100000,3.0
0.07247297,0.15000000000000002,7,0.03,100000,3.0
0.15952553,0.2,7,0.03,100000,3.0
0.2668743,0.25,7,0.03,100000,3.0
0.39303422,0.30000000000000004,7,0.03,100000,3.0
0.5159567,0.35000000000000003,7,0.03,100000,3.0
0.6184147,0.4,7,0.03,100000,3.0
0.708215,0.45,7,0.03,100000,3.0
0.7811395,0.5,7,0.03,100000,3.0
0.83390856,0.55,7,0.03,100000,3.0
0.8740609,0.6000000000000001,7,0.03,100000,3.0
0.9010318,0.65,7,0.03,100000,3.0
0.9273693,0.7000000000000001,7,0.03,100000,3.0
0.95076805,0.75,7,0.03,100000,3.0
0.96871436,0.8,7,0.03,100000,3.0
0.983359,0.8500000000000001,7,0.03,100000,3.0
0.9939149,0.9,7,0.03,100000,3.0
0.9984189,0.9500000000000001,7,0.03,100000,3.0
1.0,1.0,7,0.03,100000,3.0
0.0,0.0,8,0.03,100000,1.0
0.20418936,0.05,8,0.03,100000,1.0
0.30411795,0.1,8,0.03,100000,1.0
0.39714718,0.15000000000000002,8,0.03,100000,1.0
0.46281916,0.2,8,0.03,100000,1.0
0.52380615,0.25,8,0.03,100000,1.0
0.58195096,0.30000000000000004,8,0.03,100000,1.0
0.6346746,0.35000000000000003,8,0.03,100000,1.0
0.6881238,0.4,8,0.03,100000,1.0
0.7272494,0.45,8,0.03,100000,1.0
0.7611392,0.5,8,0.03,100000,1.0
0.79697484,0.55,8,0.03,100000,1.0
0.8317112,0.6000000000000001,8,0.03,100000,1.0
0.8644851,0.65,8,0.03,100000,1.0
0.88630265,0.7000000000000001,8,0.03,100000,1.0
0.90331197,0.75,8,0.03,100000,1.0
0.9210667,0.8,8,0.03,100000,1.0
0.95328796,0.8500000000000001,8,0.03,100000,1.0
0.97278225,0.9,8,0.03,100000,1.0
0.992309,0.9500000000000001,8,0.03,100000,1.0
1.0,1.0,8,0.03,100000,1.0
0.0,0.0,8,0.03,100000,2.0
0.21346162,0.05,8,0.03,100000,2.0
0.3476658,0.1,8,0.03,100000,2.0
0.44250584,0.15000000000000002,8,0.03,100000,2.0
0.51384807,0.2,8,0.03,100000,2.0
0.5757195,0.25,8,0.03,100000,2.0
0.6311831,0.30000000000000004,8,0.03,100000,2.0
0.675488,0.35000000000000003,8,0.03,100000,2.0
0.7205928,0.4,8,0.03,100000,2.0
0.76218295,0.45,8,0.03,100000,2.0
0.79682827,0.5,8,0.03,100000,2.0
0.8299194,0.55,8,0.03,100000,2.0
0.86247844,0.6000000000000001,8,0.03,100000,2.0
0.88805145,0.65,8,0.03,100000,2.0
0.9136158,0.7000000000000001,8,0.03,100000,2.0
0.9488116,0.75,8,0.03,100000,2.0
0.9651228,0.8,8,0.03,100000,2.0
0.9867738,0.8500000000000001,8,0.03,100000,2.0
0.99620426,0.9,8,0.03,100000,2.0
1.0,0.9500000000000001,8,0.03,100000,2.0
1.0,1.0,8,0.03,100000,2.0
0.0,0.0,8,0.03,100000,3.0
0.18862973,0.05,8,0.03,100000,3.0
0.31155083,0.1,8,0.03,100000,3.0
0.4093161,0.15000000000000002,8,0.03,100000,3.0
0.48826236,0.2,8,0.03,100000,3.0
0.5566504,0.25,8,0.03,100000,3.0
0.60885364,0.30000000000000004,8,0.03,100000,3.0
0.65304893,0.35000000000000003,8,0.03,100000,3.0
0.70289594,0.4,8,0.03,100000,3.0
0.7464795,0.45,8,0.03,100000,3.0
0.7979899,0.5,8,0.03,100000,3.0
0.8382702,0.55,8,0.03,100000,3.0
0.8671072,0.6000000000000001,8,0.03,100000,3.0
0.89973396,0.65,8,0.03,100000,3.0
0.9381216,0.7000000000000001,8,0.03,100000,3.0
0.9594247,0.75,8,0.03,100000,3.0
0.9797993,0.8,8,0.03,100000,3.0
0.9921766,0.8500000000000001,8,0.03,100000,3.0
0.9977603,0.9,8,0.03,100000,3.0
1.0,0.9500000000000001,8,0.03,100000,3.0
1.0,1.0,8,0.03,100000,3.0
0.0,0.0,9,0.03,100000,1.0
0.7071945,0.05,9,0.03,100000,1.0
0.7855147,0.1,9,0.03,100000,1.0
0.8124917,0.15000000000000002,9,0.03,100000,1.0
0.8342591,0.2,9,0.03,100000,1.0
0.8518418,0.25,9,0.03,100000,1.0
0.8719186,0.30000000000000004,9,0.03,100000,1.0
0.8855909,0.35000000000000003,9,0.03,100000,1.0
0.8952268,0.4,9,0.03,100000,1.0
0.90650755,0.45,9,0.03,100000,1.0
0.9197113,0.5,9,0.03,100000,1.0
0.9327109,0.55,9,0.03,100000,1.0
0.9442434,0.6000000000000001,9,0.03,100000,1.0
0.9550598,0.65,9,0.03,100000,1.0
0.9621998,0.7000000000000001,9,0.03,100000,1.0
0.98175955,0.75,9,0.03,100000,1.0
0.9888323,0.8,9,0.03,100000,1.0
0.9942079,0.8500000000000001,9,0.03,100000,1.0
0.99645305,0.9,9,0.03,100000,1.0
1.0,0.9500000000000001,9,0.03,100000,1.0
1.0,1.0,9,0.03,100000,1.0
0.0,0.0,9,0.03,100000,2.0
0.7014354,0.05,9,0.03,100000,2.0
0.7774633,0.1,9,0.03,100000,2.0
0.8035553,0.15000000000000002,9,0.03,100000,2.0
0.81955826,0.2,9,0.03,100000,2.0
0.8324236,0.25,9,0.03,100000,2.0
0.85063684,0.30000000000000004,9,0.03,100000,2.0
0.86379915,0.35000000000000003,9,0.03,100000,2.0
0.88364446,0.4,9,0.03,100000,2.0
0.8968397,0.45,9,0.03,100000,2.0
0.9110725,0.5,9,0.03,100000,2.0
0.9254981,0.55,9,0.03,100000,2.0
0.9339576,0.6000000000000001,9,0.03,100000,2.0
0.9525348,0.65,9,0.03,100000,2.0
0.96732754,0.7000000000000001,9,0.03,100000,2.0
0.9808321,0.75,9,0.03,100000,2.0
0.9890022,0.8,9,0.03,100000,2.0
0.99376905,0.8500000000000001,9,0.03,100000,2.0
0.99835134,0.9,9,0.03,100000,2.0
1.0,0.9500000000000001,9,0.03,100000,2.0
1.0,1.0,9,0.03,100000,2.0
0.0006971735,0.0,9,0.03,100000,3.0
0.7059773,0.05,9,0.03,100000,3.0
0.7463309,0.1,9,0.03,100000,3.0
0.7685961,0.15000000000000002,9,0.03,100000,3.0
0.79054385,0.2,9,0.03,100000,3.0
0.8088785,0.25,9,0.03,100000,3.0
0.82897764,0.30000000000000004,9,0.03,100000,3.0
0.8417381,0.35000000000000003,9,0.03,100000,3.0
0.85627306,0.4,9,0.03,100000,3.0
0.8714432,0.45,9,0.03,100000,3.0
0.88524187,0.5,9,0.03,100000,3.0
0.9055556,0.55,9,0.03,100000,3.0
0.922137,0.6000000000000001,9,0.03,100000,3.0
0.9429551,0.65,9,0.03,100000,3.0
0.96185076,0.7000000000000001,9,0.03,100000,3.0
0.97018844,0.75,9,0.03,100000,3.0
0.98444414,0.8,9,0.03,100000,3.0
0.99487084,0.8500000000000001,9,0.03,100000,3.0
0.9988462,0.9,9,0.03,100000,3.0
1.0,0.9500000000000001,9,0.03,100000,3.0
1.0,1.0,9,0.03,100000,3.0
0.0,0.0,0,0.04,100000,1.0
0.4377592,0.05,0,0.04,100000,1.0
0.53226167,0.1,0,0.04,100000,1.0
0.59532917,0.15000000000000002,0,0.04,100000,1.0
0.6443868,0.2,0,0.04,100000,1.0
0.68392646,0.25,0,0.04,100000,1.0
0.71698266,0.30000000000000004,0,0.04,100000,1.0
0.7530705,0.35000000000000003,0,0.04,100000,1.0
0.7766455,0.4,0,0.04,100000,1.0
0.80396104,0.45,0,0.04,100000,1.0
0.828012,0.5,0,0.04,100000,1.0
0.85669523,0.55,0,0.04,100000,1.0
0.8802641,0.6000000000000001,0,0.04,100000,1.0
0.9013345,0.65,0,0.04,100000,1.0
0.92065746,0.7000000000000001,0,0.04,100000,1.0
0.9370225,0.75,0,0.04,100000,1.0
0.9539068,0.8,0,0.04,100000,1.0
0.96801686,0.8500000000000001,0,0.04,100000,1.0
0.97981095,0.9,0,0.04,100000,1.0
0.99243665,0.9500000000000001,0,0.04,100000,1.0
1.0,1.0,0,0.04,100000,1.0
0.00049353816,0.0,0,0.04,100000,2.0
0.7483219,0.05,0,0.04,100000,2.0
0.77504027,0.1,0,0.04,100000,2.0
0.7851172,0.15000000000000002,0,0.04,100000,2.0
0.7968891,0.2,0,0.04,100000,2.0
0.8053815,0.25,0,0.04,100000,2.0
0.81755054,0.30000000000000004,0,0.04,100000,2.0
0.8231227,0.35000000000000003,0,0.04,100000,2.0
0.837696,0.4,0,0.04,100000,2.0
0.8495182,0.45,0,0.04,100000,2.0
0.86689115,0.5,0,0.04,100000,2.0
0.8851298,0.55,0,0.04,100000,2.0
0.9077622,0.6000000000000001,0,0.04,100000,2.0
0.9268672,0.65,0,0.04,100000,2.0
0.9471114,0.7000000000000001,0,0.04,100000,2.0
0.9667355,0.75,0,0.04,100000,2.0
0.98403883,0.8,0,0.04,100000,2.0
0.992965,0.8500000000000001,0,0.04,100000,2.0
0.99689424,0.9,0,0.04,100000,2.0
0.99910253,0.9500000000000001,0,0.04,100000,2.0
1.0,1.0,0,0.04,100000,2.0
0.00052699517,0.0,0,0.04,100000,3.0
0.7116179,0.05,0,0.04,100000,3.0
0.73212653,0.1,0,0.04,100000,3.0
0.74551094,0.15000000000000002,0,0.04,100000,3.0
0.7603114,0.2,0,0.04,100000,3.0
0.7731907,0.25,0,0.04,100000,3.0
0.78644145,0.30000000000000004,0,0.04,100000,3.0
0.80346066,0.35000000000000003,0,0.04,100000,3.0
0.81999964,0.4,0,0.04,100000,3.0
0.8392429,0.45,0,0.04,100000,3.0
0.8576364,0.5,0,0.04,100000,3.0
0.87731785,0.55,0,0.04,100000,3.0
0.90707123,0.6000000000000001,0,0.04,100000,3.0
0.92690736,0.65,0,0.04,100000,3.0
0.9467016,0.7000000000000001,0,0.04,100000,3.0
0.9684771,0.75,0,0.04,100000,3.0
0.9835013,0.8,0,0.04,100000,3.0
0.99510837,0.8500000000000001,0,0.04,100000,3.0
0.9986692,0.9,0,0.04,100000,3.0
0.9995497,0.9500000000000001,0,0.04,100000,3.0
1.0,1.0,0,0.04,100000,3.0
0.0,0.0,1,0.04,100000,1.0
0.6203052,0.05,1,0.04,100000,1.0
0.7621375,0.1,1,0.04,100000,1.0
0.82692426,0.15000000000000002,1,0.04,100000,1.0
0.8573021,0.2,1,0.04,100000,1.0
0.88346875,0.25,1,0.04,100000,1.0
0.9017077,0.30000000000000004,1,0.04,100000,1.0
0.9168724,0.35000000000000003,1,0.04,100000,1.0
0.9264641,0.4,1,0.04,100000,1.0
0.93743914,0.45,1,0.04,100000,1.0
0.94284964,0.5,1,0.04,100000,1.0
0.94778234,0.55,1,0.04,100000,1.0
0.9567294,0.6000000000000001,1,0.04,100000,1.0
0.959921,0.65,1,0.04,100000,1.0
0.96349347,0.7000000000000001,1,0.04,100000,1.0
0.97061807,0.75,1,0.04,100000,1.0
0.97677076,0.8,1,0.04,100000,1.0
0.9843443,0.8500000000000001,1,0.04,100000,1.0
0.99176276,0.9,1,0.04,100000,1.0
0.9956926,0.9500000000000001,1,0.04,100000,1.0
1.0,1.0,1,0.04,100000,1.0
0.00047643343,0.0,1,0.04,100000,2.0
0.7125785,0.05,1,0.04,100000,2.0
0.81950593,0.1,1,0.04,100000,2.0
0.85528666,0.15000000000000002,1,0.04,100000,2.0
0.87762886,0.2,1,0.04,100000,2.0
0.89486134,0.25,1,0.04,100000,2.0
0.90800995,0.30000000000000004,1,0.04,100000,2.0
0.9140257,0.35000000000000003,1,0.04,100000,2.0
0.9225493,0.4,1,0.04,100000,2.0
0.9305676,0.45,1,0.04,100000,2.0
0.9400133,0.5,1,0.04,100000,2.0
0.9440536,0.55,1,0.04,100000,2.0
0.95115376,0.6000000000000001,1,0.04,100000,2.0
0.95598125,0.65,1,0.04,100000,2.0
0.9612434,0.7000000000000001,1,0.04,100000,2.0
0.96920085,0.75,1,0.04,100000,2.0
0.97714365,0.8,1,0.04,100000,2.0
0.98556864,0.8500000000000001,1,0.04,100000,2.0
0.9935026,0.9,1,0.04,100000,2.0
0.9978911,0.9500000000000001,1,0.04,100000,2.0
1.0,1.0,1,0.04,100000,2.0
0.00048799522,0.0,1,0.04,100000,3.0
0.71807706,0.05,1,0.04,100000,3.0
0.80467457,0.1,1,0.04,100000,3.0
0.83188397,0.15000000000000002,1,0.04,100000,3.0
0.848736,0.2,1,0.04,100000,3.0
0.86281985,0.25,1,0.04,100000,3.0
0.87518895,0.30000000000000004,1,0.04,100000,3.0
0.88561505,0.35000000000000003,1,0.04,100000,3.0
0.8960936,0.4,1,0.04,100000,3.0
0.90774506,0.45,1,0.04,100000,3.0
0.9204111,0.5,1,0.04,100000,3.0
0.92936724,0.55,1,0.04,100000,3.0
0.9361389,0.6000000000000001,1,0.04,100000,3.0
0.94901574,0.65,1,0.04,100000,3.0
0.9587809,0.7000000000000001,1,0.04,100000,3.0
0.9688297,0.75,1,0.04,100000,3.0
0.9797637,0.8,1,0.04,100000,3.0
0.98910224,0.8500000000000001,1,0.04,100000,3.0
0.99613124,0.9,1,0.04,100000,3.0
0.9987256,0.9500000000000001,1,0.04,100000,3.0
1.0,1.0,1,0.04,100000,3.0
0.0,0.0,2,0.04,100000,1.0
0.1226263,0.05,2,0.04,100000,1.0
0.17910108,0.1,2,0.04,100000,1.0
0.21708705,0.15000000000000002,2,0.04,100000,1.0
0.24474633,0.2,2,0.04,100000,1.0
0.2564183,0.25,2,0.04,100000,1.0
0.27792153,0.30000000000000004,2,0.04,100000,1.0
0.29552996,0.35000000000000003,2,0.04,100000,1.0
0.31298062,0.4,2,0.04,100000,1.0
0.32733375,0.45,2,0.04,100000,1.0
0.34278983,0.5,2,0.04,100000,1.0
0.36462107,0.55,2,0.04,100000,1.0
0.38802192,0.6000000000000001,2,0.04,100000,1.0
0.42035526,0.65,2,0.04,100000,1.0
0.45308304,0.7000000000000001,2,0.04,100000,1.0
0.4985536,0.75,2,0.04,100000,1.0
0.55881536,0.8,2,0.04,100000,1.0
0.64029217,0.8500000000000001,2,0.04,100000,1.0
0.7545421,0.9,2,0.04,100000,1.0
0.87482417,0.9500000000000001,2,0.04,100000,1.0
1.0,1.0,2,0.04,100000,1.0
0.0,0.0,2,0.04,100000,2.0
0.15743099,0.05,2,0.04,100000,2.0
0.2108934,0.1,2,0.04,100000,2.0
0.24497472,0.15000000000000002,2,0.04,100000,2.0
0.2691473,0.2,2,0.04,100000,2.0
0.29774162,0.25,2,0.04,100000,2.0
0.31246907,0.30000000000000004,2,0.04,100000,2.0
0.33234087,0.35000000000000003,2,0.04,100000,2.0
0.3551732,0.4,2,0.04,100000,2.0
0.37686422,0.45,2,0.04,100000,2.0
0.40307298,0.5,2,0.04,100000,2.0
0.42688262,0.55,2,0.04,100000,2.0
0.45102745,0.6000000000000001,2,0.04,100000,2.0
0.48139346,0.65,2,0.04,100000,2.0
0.52277213,0.7000000000000001,2,0.04,100000,2.0
0.5831359,0.75,2,0.04,100000,2.0
0.656232,0.8,2,0.04,100000,2.0
0.7508719,0.8500000000000001,2,0.04,100000,2.0
0.8639335,0.9,2,0.04,100000,2.0
0.9713539,0.9500000000000001,2,0.04,100000,2.0
1.0,1.0,2,0.04,100000,2.0
0.0,0.0,2,0.04,100000,3.0
0.39851344,0.05,2,0.04,100000,3.0
0.4586034,0.1,2,0.04,100000,3.0
0.49654076,0.15000000000000002,2,0.04,100000,3.0
0.5213048,0.2,2,0.04,100000,3.0
0.548069,0.25,2,0.04,100000,3.0
0.5734711,0.30000000000000004,2,0.04,100000,3.0
0.60258853,0.35000000000000003,2,0.04,100000,3.0
0.63376546,0.4,2,0.04,100000,3.0
0.6772497,0.45,2,0.04,100000,3.0
0.7178549,0.5,2,0.04,100000,3.0
0.7581036,0.55,2,0.04,100000,3.0
0.8098348,0.6000000000000001,2,0.04,100000,3.0
0.85949636,0.65,2,0.04,100000,3.0
0.89435303,0.7000000000000001,2,0.04,100000,3.0
0.9304457,0.75,2,0.04,100000,3.0
0.9584812,0.8,2,0.04,100000,3.0
0.9823947,0.8500000000000001,2,0.04,100000,3.0
0.9947372,0.9,2,0.04,100000,3.0
1.0,0.9500000000000001,2,0.04,100000,3.0
1.0,1.0,2,0.04,100000,3.0
0.0005075959,0.0,3,0.04,100000,1.0
0.6821408,0.05,3,0.04,100000,1.0
0.7877692,0.1,3,0.04,100000,1.0
0.8272282,0.15000000000000002,3,0.04,100000,1.0
0.86535984,0.2,3,0.04,100000,1.0
0.8999312,0.25,3,0.04,100000,1.0
0.92433685,0.30000000000000004,3,0.04,100000,1.0
0.93874216,0.35000000000000003,3,0.04,100000,1.0
0.9496815,0.4,3,0.04,100000,1.0
0.9604212,0.45,3,0.04,100000,1.0
0.9687676,0.5,3,0.04,100000,1.0
0.97722256,0.55,3,0.04,100000,1.0
0.9816637,0.6000000000000001,3,0.04,100000,1.0
0.9856004,0.65,3,0.04,100000,1.0
0.98688763,0.7000000000000001,3,0.04,100000,1.0
0.9903528,0.75,3,0.04,100000,1.0
0.99428153,0.8,3,0.04,100000,1.0
0.9973933,0.8500000000000001,3,0.04,100000,1.0
0.9978053,0.9,3,0.04,100000,1.0
0.99956584,0.9500000000000001,3,0.04,100000,1.0
1.0,1.0,3,0.04,100000,1.0
0.0005075959,0.0,3,0.04,100000,2.0
0.7131477,0.05,3,0.04,100000,2.0
0.7960147,0.1,3,0.04,100000,2.0
0.8298765,0.15000000000000002,3,0.04,100000,2.0
0.848468,0.2,3,0.04,100000,2.0
0.8617213,0.25,3,0.04,100000,2.0
0.874114,0.30000000000000004,3,0.04,100000,2.0
0.88271546,0.35000000000000003,3,0.04,100000,2.0
0.8961936,0.4,3,0.04,100000,2.0
0.9065154,0.45,3,0.04,100000,2.0
0.91944534,0.5,3,0.04,100000,2.0
0.93284297,0.55,3,0.04,100000,2.0
0.94442195,0.6000000000000001,3,0.04,100000,2.0
0.95946944,0.65,3,0.04,100000,2.0
0.9763032,0.7000000000000001,3,0.04,100000,2.0
0.98866415,0.75,3,0.04,100000,2.0
0.99351174,0.8,3,0.04,100000,2.0
0.9978628,0.8500000000000001,3,0.04,100000,2.0
0.99912107,0.9,3,0.04,100000,2.0
1.0,0.9500000000000001,3,0.04,100000,2.0
1.0,1.0,3,0.04,100000,2.0
0.0,0.0,3,0.04,100000,3.0
0.6745714,0.05,3,0.04,100000,3.0
0.73585725,0.1,3,0.04,100000,3.0
0.7617719,0.15000000000000002,3,0.04,100000,3.0
0.78809583,0.2,3,0.04,100000,3.0
0.8092833,0.25,3,0.04,100000,3.0
0.83354104,0.30000000000000004,3,0.04,100000,3.0
0.8517773,0.35000000000000003,3,0.04,100000,3.0
0.8716257,0.4,3,0.04,100000,3.0
0.8886533,0.45,3,0.04,100000,3.0
0.9125877,0.5,3,0.04,100000,3.0
0.9323921,0.55,3,0.04,100000,3.0
0.9453478,0.6000000000000001,3,0.04,100000,3.0
0.9624766,0.65,3,0.04,100000,3.0
0.9758767,0.7000000000000001,3,0.04,100000,3.0
0.98649687,0.75,3,0.04,100000,3.0
0.99305,0.8,3,0.04,100000,3.0
0.99743867,0.8500000000000001,3,0.04,100000,3.0
0.998712,0.9,3,0.04,100000,3.0
1.0,0.9500000000000001,3,0.04,100000,3.0
1.0,1.0,3,0.04,100000,3.0
0.0,0.0,4,0.04,100000,1.0
0.64376837,0.05,4,0.04,100000,1.0
0.6823938,0.1,4,0.04,100000,1.0
0.7100732,0.15000000000000002,4,0.04,100000,1.0
0.7308207,0.2,4,0.04,100000,1.0
0.75184345,0.25,4,0.04,100000,1.0
0.7690131,0.30000000000000004,4,0.04,100000,1.0
0.7879962,0.35000000000000003,4,0.04,100000,1.0
0.80960065,0.4,4,0.04,100000,1.0
0.83076984,0.45,4,0.04,100000,1.0
0.849236,0.5,4,0.04,100000,1.0
0.87040836,0.55,4,0.04,100000,1.0
0.8899221,0.6000000000000001,4,0.04,100000,1.0
0.90667224,0.65,4,0.04,100000,1.0
0.92688745,0.7000000000000001,4,0.04,100000,1.0
0.9478218,0.75,4,0.04,100000,1.0
0.9642754,0.8,4,0.04,100000,1.0
0.97864205,0.8500000000000001,4,0.04,100000,1.0
0.99336284,0.9,4,0.04,100000,1.0
0.99958056,0.9500000000000001,4,0.04,100000,1.0
1.0,1.0,4,0.04,100000,1.0
0.0,0.0,4,0.04,100000,2.0
0.6539238,0.05,4,0.04,100000,2.0
0.70227945,0.1,4,0.04,100000,2.0
0.72511697,0.15000000000000002,4,0.04,100000,2.0
0.74959457,0.2,4,0.04,100000,2.0
0.7628868,0.25,4,0.04,100000,2.0
0.784405,0.30000000000000004,4,0.04,100000,2.0
0.8017806,0.35000000000000003,4,0.04,100000,2.0
0.8195791,0.4,4,0.04,100000,2.0
0.83816326,0.45,4,0.04,100000,2.0
0.86118966,0.5,4,0.04,100000,2.0
0.8916776,0.55,4,0.04,100000,2.0
0.915939,0.6000000000000001,4,0.04,100000,2.0
0.9403769,0.65,4,0.04,100000,2.0
0.96188897,0.7000000000000001,4,0.04,100000,2.0
0.9737379,0.75,4,0.04,100000,2.0
0.98430425,0.8,4,0.04,100000,2.0
0.9922158,0.8500000000000001,4,0.04,100000,2.0
0.99787337,0.9,4,0.04,100000,2.0
0.99958056,0.9500000000000001,4,0.04,100000,2.0
1.0,1.0,4,0.04,100000,2.0
0.0,0.0,4,0.04,100000,3.0
0.65723014,0.05,4,0.04,100000,3.0
0.70159364,0.1,4,0.04,100000,3.0
0.7230575,0.15000000000000002,4,0.04,100000,3.0
0.7466597,0.2,4,0.04,100000,3.0
0.7639632,0.25,4,0.04,100000,3.0
0.7849786,0.30000000000000004,4,0.04,100000,3.0
0.7996028,0.35000000000000003,4,0.04,100000,3.0
0.8196959,0.4,4,0.04,100000,3.0
0.8386446,0.45,4,0.04,100000,3.0
0.86345327,0.5,4,0.04,100000,3.0
0.894398,0.55,4,0.04,100000,3.0
0.91955304,0.6000000000000001,4,0.04,100000,3.0
0.94705284,0.65,4,0.04,100000,3.0
0.9630291,0.7000000000000001,4,0.04,100000,3.0
0.97792184,0.75,4,0.04,100000,3.0
0.9871195,0.8,4,0.04,100000,3.0
0.9958231,0.8500000000000001,4,0.04,100000,3.0
0.99831533,0.9,4,0.04,100000,3.0
0.9991659,0.9500000000000001,4,0.04,100000,3.0
1.0,1.0,4,0.04,100000,3.0
0.0,0.0,5,0.04,100000,1.0
0.060305316,0.05,5,0.04,100000,1.0
0.11032548,0.1,5,0.04,100000,1.0
0.17297836,0.15000000000000002,5,0.04,100000,1.0
0.2303454,0.2,5,0.04,100000,1.0
0.29611978,0.25,5,0.04,100000,1.0
0.36211032,0.30000000000000004,5,0.04,100000,1.0
0.44302934,0.35000000000000003,5,0.04,100000,1.0
0.5187576,0.4,5,0.04,100000,1.0
0.5941944,0.45,5,0.04,100000,1.0
0.6560893,0.5,5,0.04,100000,1.0
0.71296287,0.55,5,0.04,100000,1.0
0.7673248,0.6000000000000001,5,0.04,100000,1.0
0.81574553,0.65,5,0.04,100000,1.0
0.8585583,0.7000000000000001,5,0.04,100000,1.0
0.88625854,0.75,5,0.04,100000,1.0
0.9176236,0.8,5,0.04,100000,1.0
0.94322,0.8500000000000001,5,0.04,100000,1.0
0.96337265,0.9,5,0.04,100000,1.0
0.9830497,0.9500000000000001,5,0.04,100000,1.0
1.0,1.0,5,0.04,100000,1.0
0.0,0.0,5,0.04,100000,2.0
0.043331906,0.05,5,0.04,100000,2.0
0.097386815,0.1,5,0.04,100000,2.0
0.15814427,0.15000000000000002,5,0.04,100000,2.0
0.22897623,0.2,5,0.04,100000,2.0
0.3034732,0.25,5,0.04,100000,2.0
0.39818427,0.30000000000000004,5,0.04,100000,2.0
0.49498874,0.35000000000000003,5,0.04,100000,2.0
0.59216756,0.4,5,0.04,100000,2.0
0.6819122,0.45,5,0.04,100000,2.0
0.76019484,0.5,5,0.04,100000,2.0
0.824051,0.55,5,0.04,100000,2.0
0.8765163,0.6000000000000001,5,0.04,100000,2.0
0.90714425,0.65,5,0.04,100000,2.0
0.938968,0.7000000000000001,5,0.04,100000,2.0
0.95335835,0.75,5,0.04,100000,2.0
0.9641407,0.8,5,0.04,100000,2.0
0.97748554,0.8500000000000001,5,0.04,100000,2.0
0.98996055,0.9,5,0.04,100000,2.0
0.9961123,0.9500000000000001,5,0.04,100000,2.0
1.0,1.0,5,0.04,100000,2.0
0.0,0.0,5,0.04,100000,3.0
0.034300063,0.05,5,0.04,100000,3.0
0.07339171,0.1,5,0.04,100000,3.0
0.1251044,0.15000000000000002,5,0.04,100000,3.0
0.1990743,0.2,5,0.04,100000,3.0
0.27856508,0.25,5,0.04,100000,3.0
0.36936846,0.30000000000000004,5,0.04,100000,3.0
0.4693497,0.35000000000000003,5,0.04,100000,3.0
0.56564367,0.4,5,0.04,100000,3.0
0.65280205,0.45,5,0.04,100000,3.0
0.7287043,0.5,5,0.04,100000,3.0
0.8021127,0.55,5,0.04,100000,3.0
0.85351443,0.6000000000000001,5,0.04,100000,3.0
0.89851725,0.65,5,0.04,100000,3.0
0.9280337,0.7000000000000001,5,0.04,100000,3.0
0.9547855,0.75,5,0.04,100000,3.0
0.974831,0.8,5,0.04,100000,3.0
0.9876888,0.8500000000000001,5,0.04,100000,3.0
0.99610525,0.9,5,0.04,100000,3.0
0.99915147,0.9500000000000001,5,0.04,100000,3.0
1.0,1.0,5,0.04,100000,3.0
0.0,0.0,6,0.04,100000,1.0
0.2666352,0.05,6,0.04,100000,1.0
0.31905156,0.1,6,0.04,100000,1.0
0.3553692,0.15000000000000002,6,0.04,100000,1.0
0.38914362,0.2,6,0.04,100000,1.0
0.4200962,0.25,6,0.04,100000,1.0
0.4510069,0.30000000000000004,6,0.04,100000,1.0
0.4827068,0.35000000000000003,6,0.04,100000,1.0
0.51486385,0.4,6,0.04,100000,1.0
0.5428578,0.45,6,0.04,100000,1.0
0.56954783,0.5,6,0.04,100000,1.0
0.6011345,0.55,6,0.04,100000,1.0
0.635808,0.6000000000000001,6,0.04,100000,1.0
0.6675327,0.65,6,0.04,100000,1.0
0.70539075,0.7000000000000001,6,0.04,100000,1.0
0.7575483,0.75,6,0.04,100000,1.0
0.8066462,0.8,6,0.04,100000,1.0
0.8614276,0.8500000000000001,6,0.04,100000,1.0
0.91119295,0.9,6,0.04,100000,1.0
0.95843774,0.9500000000000001,6,0.04,100000,1.0
0.99963653,1.0,6,0.04,100000,1.0
0.0,0.0,6,0.04,100000,2.0
0.63272476,0.05,6,0.04,100000,2.0
0.67373675,0.1,6,0.04,100000,2.0
0.69358224,0.15000000000000002,6,0.04,100000,2.0
0.7126266,0.2,6,0.04,100000,2.0
0.7247182,0.25,6,0.04,100000,2.0
0.74876034,0.30000000000000004,6,0.04,100000,2.0
0.76998717,0.35000000000000003,6,0.04,100000,2.0
0.789816,0.4,6,0.04,100000,2.0
0.8124193,0.45,6,0.04,100000,2.0
0.8319791,0.5,6,0.04,100000,2.0
0.85333306,0.55,6,0.04,100000,2.0
0.873295,0.6000000000000001,6,0.04,100000,2.0
0.8918552,0.65,6,0.04,100000,2.0
0.9120832,0.7000000000000001,6,0.04,100000,2.0
0.9313173,0.75,6,0.04,100000,2.0
0.9492151,0.8,6,0.04,100000,2.0
0.9651996,0.8500000000000001,6,0.04,100000,2.0
0.98017555,0.9,6,0.04,100000,2.0
0.9911411,0.9500000000000001,6,0.04,100000,2.0
1.0,1.0,6,0.04,100000,2.0
0.0,0.0,6,0.04,100000,3.0
0.6330304,0.05,6,0.04,100000,3.0
0.66664743,0.1,6,0.04,100000,3.0
0.6829069,0.15000000000000002,6,0.04,100000,3.0
0.697078,0.2,6,0.04,100000,3.0
0.7101323,0.25,6,0.04,100000,3.0
0.72492087,0.30000000000000004,6,0.04,100000,3.0
0.74161166,0.35000000000000003,6,0.04,100000,3.0
0.7587168,0.4,6,0.04,100000,3.0
0.77982825,0.45,6,0.04,100000,3.0
0.806912,0.5,6,0.04,100000,3.0
0.82743466,0.55,6,0.04,100000,3.0
0.8556416,0.6000000000000001,6,0.04,100000,3.0
0.88188267,0.65,6,0.04,100000,3.0
0.9070753,0.7000000000000001,6,0.04,100000,3.0
0.93174803,0.75,6,0.04,100000,3.0
0.9523355,0.8,6,0.04,100000,3.0
0.973992,0.8500000000000001,6,0.04,100000,3.0
0.9868238,0.9,6,0.04,100000,3.0
0.9965876,0.9500000000000001,6,0.04,100000,3.0
1.0,1.0,6,0.04,100000,3.0
0.0,0.0,7,0.04,100000,1.0
0.5583477,0.05,7,0.04,100000,1.0
0.6007551,0.1,7,0.04,100000,1.0
0.6316387,0.15000000000000002,7,0.04,100000,1.0
0.66400427,0.2,7,0.04,100000,1.0
0.68699056,0.25,7,0.04,100000,1.0
0.70513135,0.30000000000000004,7,0.04,100000,1.0
0.7246112,0.35000000000000003,7,0.04,100000,1.0
0.73773295,0.4,7,0.04,100000,1.0
0.7517949,0.45,7,0.04,100000,1.0
0.76979053,0.5,7,0.04,100000,1.0
0.7863541,0.55,7,0.04,100000,1.0
0.803423,0.6000000000000001,7,0.04,100000,1.0
0.8236182,0.65,7,0.04,100000,1.0
0.84375423,0.7000000000000001,7,0.04,100000,1.0
0.86930025,0.75,7,0.04,100000,1.0
0.89575225,0.8,7,0.04,100000,1.0
0.91616404,0.8500000000000001,7,0.04,100000,1.0
0.94167465,0.9,7,0.04,100000,1.0
0.9689218,0.9500000000000001,7,0.04,100000,1.0
1.0,1.0,7,0.04,100000,1.0
0.0,0.0,7,0.04,100000,2.0
0.5918067,0.05,7,0.04,100000,2.0
0.6177827,0.1,7,0.04,100000,2.0
0.6343642,0.15000000000000002,7,0.04,100000,2.0
0.6617674,0.2,7,0.04,100000,2.0
0.6844623,0.25,7,0.04,100000,2.0
0.7055546,0.30000000000000004,7,0.04,100000,2.0
0.72580534,0.35000000000000003,7,0.04,100000,2.0
0.74885213,0.4,7,0.04,100000,2.0
0.7766701,0.45,7,0.04,100000,2.0
0.8043008,0.5,7,0.04,100000,2.0
0.8367267,0.55,7,0.04,100000,2.0
0.8653034,0.6000000000000001,7,0.04,100000,2.0
0.89141065,0.65,7,0.04,100000,2.0
0.9130319,0.7000000000000001,7,0.04,100000,2.0
0.93543285,0.75,7,0.04,100000,2.0
0.9539121,0.8,7,0.04,100000,2.0
0.9701482,0.8500000000000001,7,0.04,100000,2.0
0.9828034,0.9,7,0.04,100000,2.0
0.9927094,0.9500000000000001,7,0.04,100000,2.0
1.0,1.0,7,0.04,100000,2.0
0.0,0.0,7,0.04,100000,3.0
0.5987171,0.05,7,0.04,100000,3.0
0.6186096,0.1,7,0.04,100000,3.0
0.63569224,0.15000000000000002,7,0.04,100000,3.0
0.65529954,0.2,7,0.04,100000,3.0
0.6811639,0.25,7,0.04,100000,3.0
0.6983578,0.30000000000000004,7,0.04,100000,3.0
0.7197109,0.35000000000000003,7,0.04,100000,3.0
0.74377334,0.4,7,0.04,100000,3.0
0.7696713,0.45,7,0.04,100000,3.0
0.79956424,0.5,7,0.04,100000,3.0
0.8320306,0.55,7,0.04,100000,3.0
0.864604,0.6000000000000001,7,0.04,100000,3.0
0.8923656,0.65,7,0.04,100000,3.0
0.9280407,0.7000000000000001,7,0.04,100000,3.0
0.95025796,0.75,7,0.04,100000,3.0
0.96818465,0.8,7,0.04,100000,3.0
0.9833494,0.8500000000000001,7,0.04,100000,3.0
0.99183404,0.9,7,0.04,100000,3.0
0.9983192,0.9500000000000001,7,0.04,100000,3.0
1.0,1.0,7,0.04,100000,3.0
0.0004929833,0.0,8,0.04,100000,1.0
0.70099,0.05,8,0.04,100000,1.0
0.7503859,0.1,8,0.04,100000,1.0
0.771382,0.15000000000000002,8,0.04,100000,1.0
0.7875492,0.2,8,0.04,100000,1.0
0.8044598,0.25,8,0.04,100000,1.0
0.8196226,0.30000000000000004,8,0.04,100000,1.0
0.8296575,0.35000000000000003,8,0.04,100000,1.0
0.84441745,0.4,8,0.04,100000,1.0
0.8553517,0.45,8,0.04,100000,1.0
0.86735934,0.5,8,0.04,100000,1.0
0.8818744,0.55,8,0.04,100000,1.0
0.8942266,0.6000000000000001,8,0.04,100000,1.0
0.9082147,0.65,8,0.04,100000,1.0
0.918241,0.7000000000000001,8,0.04,100000,1.0
0.9256638,0.75,8,0.04,100000,1.0
0.93963456,0.8,8,0.04,100000,1.0
0.95130664,0.8500000000000001,8,0.04,100000,1.0
0.96685064,0.9,8,0.04,100000,1.0
0.98066443,0.9500000000000001,8,0.04,100000,1.0
1.0,1.0,8,0.04,100000,1.0
0.0,0.0,8,0.04,100000,2.0
0.7066967,0.05,8,0.04,100000,2.0
0.753635,0.1,8,0.04,100000,2.0
0.7734289,0.15000000000000002,8,0.04,100000,2.0
0.7923342,0.2,8,0.04,100000,2.0
0.81248474,0.25,8,0.04,100000,2.0
0.8236541,0.30000000000000004,8,0.04,100000,2.0
0.83764017,0.35000000000000003,8,0.04,100000,2.0
0.8543183,0.4,8,0.04,100000,2.0
0.869869,0.45,8,0.04,100000,2.0
0.8837727,0.5,8,0.04,100000,2.0
0.9013316,0.55,8,0.04,100000,2.0
0.9170583,0.6000000000000001,8,0.04,100000,2.0
0.92750174,0.65,8,0.04,100000,2.0
0.9429536,0.7000000000000001,8,0.04,100000,2.0
0.95066726,0.75,8,0.04,100000,2.0
0.96159434,0.8,8,0.04,100000,2.0
0.97227913,0.8500000000000001,8,0.04,100000,2.0
0.9795928,0.9,8,0.04,100000,2.0
0.9888212,0.9500000000000001,8,0.04,100000,2.0
1.0,1.0,8,0.04,100000,2.0
0.0,0.0,8,0.04,100000,3.0
0.70271736,0.05,8,0.04,100000,3.0
0.7466705,0.1,8,0.04,100000,3.0
0.7713721,0.15000000000000002,8,0.04,100000,3.0
0.7924527,0.2,8,0.04,100000,3.0
0.80947,0.25,8,0.04,100000,3.0
0.82199085,0.30000000000000004,8,0.04,100000,3.0
0.83768654,0.35000000000000003,8,0.04,100000,3.0
0.8550338,0.4,8,0.04,100000,3.0
0.8709654,0.45,8,0.04,100000,3.0
0.88980657,0.5,8,0.04,100000,3.0
0.9120073,0.55,8,0.04,100000,3.0
0.9309991,0.6000000000000001,8,0.04,100000,3.0
0.943592,0.65,8,0.04,100000,3.0
0.95753527,0.7000000000000001,8,0.04,100000,3.0
0.9733219,0.75,8,0.04,100000,3.0
0.98315203,0.8,8,0.04,100000,3.0
0.9903293,0.8500000000000001,8,0.04,100000,3.0
0.9963035,0.9,8,0.04,100000,3.0
0.9988289,0.9500000000000001,8,0.04,100000,3.0
1.0,1.0,8,0.04,100000,3.0
0.0004714292,0.0,9,0.04,100000,1.0
0.6415182,0.05,9,0.04,100000,1.0
0.72796506,0.1,9,0.04,100000,1.0
0.7606156,0.15000000000000002,9,0.04,100000,1.0
0.78645086,0.2,9,0.04,100000,1.0
0.80633557,0.25,9,0.04,100000,1.0
0.82507414,0.30000000000000004,9,0.04,100000,1.0
0.84003663,0.35000000000000003,9,0.04,100000,1.0
0.8548274,0.4,9,0.04,100000,1.0
0.86444104,0.45,9,0.04,100000,1.0
0.8750122,0.5,9,0.04,100000,1.0
0.88406557,0.55,9,0.04,100000,1.0
0.8985481,0.6000000000000001,9,0.04,100000,1.0
0.9146707,0.65,9,0.04,100000,1.0
0.92784685,0.7000000000000001,9,0.04,100000,1.0
0.93992126,0.75,9,0.04,100000,1.0
0.95565677,0.8,9,0.04,100000,1.0
0.97188044,0.8500000000000001,9,0.04,100000,1.0
0.9880657,0.9,9,0.04,100000,1.0
0.9942281,0.9500000000000001,9,0.04,100000,1.0
1.0,1.0,9,0.04,100000,1.0
0.0004714292,0.0,9,0.04,100000,2.0
0.699778,0.05,9,0.04,100000,2.0
0.75183505,0.1,9,0.04,100000,2.0
0.77982324,0.15000000000000002,9,0.04,100000,2.0
0.7971087,0.2,9,0.04,100000,2.0
0.81324273,0.25,9,0.04,100000,2.0
0.82465124,0.30000000000000004,9,0.04,100000,2.0
0.8378028,0.35000000000000003,9,0.04,100000,2.0
0.84967333,0.4,9,0.04,100000,2.0
0.8659817,0.45,9,0.04,100000,2.0
0.8829519,0.5,9,0.04,100000,2.0
0.9027663,0.55,9,0.04,100000,2.0
0.9239041,0.6000000000000001,9,0.04,100000,2.0
0.93952966,0.65,9,0.04,100000,2.0
0.956602,0.7000000000000001,9,0.04,100000,2.0
0.97011167,0.75,9,0.04,100000,2.0
0.9781264,0.8,9,0.04,100000,2.0
0.9865172,0.8500000000000001,9,0.04,100000,2.0
0.9948234,0.9,9,0.04,100000,2.0
0.99614173,0.9500000000000001,9,0.04,100000,2.0
1.0,1.0,9,0.04,100000,2.0
0.0004714292,0.0,9,0.04,100000,3.0
0.69193125,0.05,9,0.04,100000,3.0
0.7436223,0.1,9,0.04,100000,3.0
0.7692316,0.15000000000000002,9,0.04,100000,3.0
0.7916635,0.2,9,0.04,100000,3.0
0.80681014,0.25,9,0.04,100000,3.0
0.8222994,0.30000000000000004,9,0.04,100000,3.0
0.8346397,0.35000000000000003,9,0.04,100000,3.0
0.84658366,0.4,9,0.04,100000,3.0
0.8619064,0.45,9,0.04,100000,3.0
0.88346577,0.5,9,0.04,100000,3.0
0.9070388,0.55,9,0.04,100000,3.0
0.9258266,0.6000000000000001,9,0.04,100000,3.0
0.9418462,0.65,9,0.04,100000,3.0
0.95947,0.7000000000000001,9,0.04,100000,3.0
0.9724586,0.75,9,0.04,100000,3.0
0.97907645,0.8,9,0.04,100000,3.0
0.99004185,0.8500000000000001,9,0.04,100000,3.0
0.99485767,0.9,9,0.04,100000,3.0
0.99614173,0.9500000000000001,9,0.04,100000,3.0
1.0,1.0,9,0.04,100000,3.0
0.0,0.0,0,0.05,100000,1.0
0.7365285,0.05,0,0.05,100000,1.0
0.87067705,0.1,0,0.05,100000,1.0
0.8832649,0.15000000000000002,0,0.05,100000,1.0
0.89101416,0.2,0,0.05,100000,1.0
0.897693,0.25,0,0.05,100000,1.0
0.90319884,0.30000000000000004,0,0.05,100000,1.0
0.90829223,0.35000000000000003,0,0.05,100000,1.0
0.91674984,0.4,0,0.05,100000,1.0
0.9244287,0.45,0,0.05,100000,1.0
0.9306573,0.5,0,0.05,100000,1.0
0.93835217,0.55,0,0.05,100000,1.0
0.9467313,0.6000000000000001,0,0.05,100000,1.0
0.955783,0.65,0,0.05,100000,1.0
0.963358,0.7000000000000001,0,0.05,100000,1.0
0.966974,0.75,0,0.05,100000,1.0
0.97532624,0.8,0,0.05,100000,1.0
0.9821369,0.8500000000000001,0,0.05,100000,1.0
0.9896665,0.9,0,0.05,100000,1.0
0.99644214,0.9500000000000001,0,0.05,100000,1.0
1.0,1.0,0,0.05,100000,1.0
0.0,0.0,0,0.05,100000,2.0
0.74887806,0.05,0,0.05,100000,2.0
0.84334743,0.1,0,0.05,100000,2.0
0.8523603,0.15000000000000002,0,0.05,100000,2.0
0.8568628,0.2,0,0.05,100000,2.0
0.8659088,0.25,0,0.05,100000,2.0
0.87448084,0.30000000000000004,0,0.05,100000,2.0
0.88450885,0.35000000000000003,0,0.05,100000,2.0
0.89611477,0.4,0,0.05,100000,2.0
0.9090051,0.45,0,0.05,100000,2.0
0.92032576,0.5,0,0.05,100000,2.0
0.9323971,0.55,0,0.05,100000,2.0
0.944433,0.6000000000000001,0,0.05,100000,2.0
0.95615727,0.65,0,0.05,100000,2.0
0.9699237,0.7000000000000001,0,0.05,100000,2.0
0.9788861,0.75,0,0.05,100000,2.0
0.98606753,0.8,0,0.05,100000,2.0
0.9911131,0.8500000000000001,0,0.05,100000,2.0
0.995068,0.9,0,0.05,100000,2.0
1.0,0.9500000000000001,0,0.05,100000,2.0
1.0,1.0,0,0.05,100000,2.0
0.0,0.0,0,0.05,100000,3.0
0.7501067,0.05,0,0.05,100000,3.0
0.82910967,0.1,0,0.05,100000,3.0
0.8355064,0.15000000000000002,0,0.05,100000,3.0
0.8403437,0.2,0,0.05,100000,3.0
0.8479099,0.25,0,0.05,100000,3.0
0.85579276,0.30000000000000004,0,0.05,100000,3.0
0.8647082,0.35000000000000003,0,0.05,100000,3.0
0.8782784,0.4,0,0.05,100000,3.0
0.89722824,0.45,0,0.05,100000,3.0
0.9107266,0.5,0,0.05,100000,3.0
0.92436695,0.55,0,0.05,100000,3.0
0.9382251,0.6000000000000001,0,0.05,100000,3.0
0.9535253,0.65,0,0.05,100000,3.0
0.96809137,0.7000000000000001,0,0.05,100000,3.0
0.97859025,0.75,0,0.05,100000,3.0
0.98543966,0.8,0,0.05,100000,3.0
0.992218,0.8500000000000001,0,0.05,100000,3.0
0.995807,0.9,0,0.05,100000,3.0
0.9996539,0.9500000000000001,0,0.05,100000,3.0
1.0,1.0,0,0.05,100000,3.0
0.00035033232,0.0,1,0.05,100000,1.0
0.51105464,0.05,1,0.05,100000,1.0
0.6152701,0.1,1,0.05,100000,1.0
0.70433,0.15000000000000002,1,0.05,100000,1.0
0.77566755,0.2,1,0.05,100000,1.0
0.8362418,0.25,1,0.05,100000,1.0
0.8900667,0.30000000000000004,1,0.05,100000,1.0
0.9121096,0.35000000000000003,1,0.05,100000,1.0
0.9189291,0.4,1,0.05,100000,1.0
0.9260344,0.45,1,0.05,100000,1.0
0.93351907,0.5,1,0.05,100000,1.0
0.94112575,0.55,1,0.05,100000,1.0
0.94834536,0.6000000000000001,1,0.05,100000,1.0
0.9547712,0.65,1,0.05,100000,1.0
0.9604114,0.7000000000000001,1,0.05,100000,1.0
0.96499056,0.75,1,0.05,100000,1.0
0.9717167,0.8,1,0.05,100000,1.0
0.98093355,0.8500000000000001,1,0.05,100000,1.0
0.9922653,0.9,1,0.05,100000,1.0
0.99829423,0.9500000000000001,1,0.05,100000,1.0
1.0,1.0,1,0.05,100000,1.0
0.0,0.0,1,0.05,100000,2.0
0.70936936,0.05,1,0.05,100000,2.0
0.792737,0.1,1,0.05,100000,2.0
0.8419331,0.15000000000000002,1,0.05,100000,2.0
0.88701695,0.2,1,0.05,100000,2.0
0.9106534,0.25,1,0.05,100000,2.0
0.9351909,0.30000000000000004,1,0.05,100000,2.0
0.9504207,0.35000000000000003,1,0.05,100000,2.0
0.9611418,0.4,1,0.05,100000,2.0
0.96923035,0.45,1,0.05,100000,2.0
0.97661424,0.5,1,0.05,100000,2.0
0.98381174,0.55,1,0.05,100000,2.0
0.98628736,0.6000000000000001,1,0.05,100000,2.0
0.98871756,0.65,1,0.05,100000,2.0
0.99042577,0.7000000000000001,1,0.05,100000,2.0
0.9919201,0.75,1,0.05,100000,2.0
0.993659,0.8,1,0.05,100000,2.0
0.99442416,0.8500000000000001,1,0.05,100000,2.0
0.99653095,0.9,1,0.05,100000,2.0
0.9990343,0.9500000000000001,1,0.05,100000,2.0
1.0,1.0,1,0.05,100000,2.0
0.00035033232,0.0,1,0.05,100000,3.0
0.71036476,0.05,1,0.05,100000,3.0
0.85277694,0.1,1,0.05,100000,3.0
0.88046885,0.15000000000000002,1,0.05,100000,3.0
0.90406144,0.2,1,0.05,100000,3.0
0.9202059,0.25,1,0.05,100000,3.0
0.92767227,0.30000000000000004,1,0.05,100000,3.0
0.9365686,0.35000000000000003,1,0.05,100000,3.0
0.9440514,0.4,1,0.05,100000,3.0
0.9454834,0.45,1,0.05,100000,3.0
0.95189893,0.5,1,0.05,100000,3.0
0.95540243,0.55,1,0.05,100000,3.0
0.9585647,0.6000000000000001,1,0.05,100000,3.0
0.9606678,0.65,1,0.05,100000,3.0
0.9676945,0.7000000000000001,1,0.05,100000,3.0
0.9762225,0.75,1,0.05,100000,3.0
0.9860788,0.8,1,0.05,100000,3.0
0.9937766,0.8500000000000001,1,0.05,100000,3.0
0.9972625,0.9,1,0.05,100000,3.0
0.99934745,0.9500000000000001,1,0.05,100000,3.0
1.0,1.0,1,0.05,100000,3.0
0.0,0.0,2,0.05,100000,1.0
0.3161224,0.05,2,0.05,100000,1.0
0.38293472,0.1,2,0.05,100000,1.0
0.43221873,0.15000000000000002,2,0.05,100000,1.0
0.47172678,0.2,2,0.05,100000,1.0
0.51076394,0.25,2,0.05,100000,1.0
0.53504914,0.30000000000000004,2,0.05,100000,1.0
0.57126606,0.35000000000000003,2,0.05,100000,1.0
0.5990695,0.4,2,0.05,100000,1.0
0.6385164,0.45,2,0.05,100000,1.0
0.6645055,0.5,2,0.05,100000,1.0
0.69812465,0.55,2,0.05,100000,1.0
0.7270545,0.6000000000000001,2,0.05,100000,1.0
0.7610647,0.65,2,0.05,100000,1.0
0.79023075,0.7000000000000001,2,0.05,100000,1.0
0.8219761,0.75,2,0.05,100000,1.0
0.847347,0.8,2,0.05,100000,1.0
0.87471277,0.8500000000000001,2,0.05,100000,1.0
0.9090267,0.9,2,0.05,100000,1.0
0.9491793,0.9500000000000001,2,0.05,100000,1.0
1.0,1.0,2,0.05,100000,1.0
0.0,0.0,2,0.05,100000,2.0
0.64995605,0.05,2,0.05,100000,2.0
0.73459303,0.1,2,0.05,100000,2.0
0.7569192,0.15000000000000002,2,0.05,100000,2.0
0.77533305,0.2,2,0.05,100000,2.0
0.7894757,0.25,2,0.05,100000,2.0
0.8024822,0.30000000000000004,2,0.05,100000,2.0
0.8143068,0.35000000000000003,2,0.05,100000,2.0
0.8328018,0.4,2,0.05,100000,2.0
0.8456013,0.45,2,0.05,100000,2.0
0.8647934,0.5,2,0.05,100000,2.0
0.8894451,0.55,2,0.05,100000,2.0
0.9227751,0.6000000000000001,2,0.05,100000,2.0
0.94498384,0.65,2,0.05,100000,2.0
0.9676609,0.7000000000000001,2,0.05,100000,2.0
0.9790248,0.75,2,0.05,100000,2.0
0.9887129,0.8,2,0.05,100000,2.0
0.9958026,0.8500000000000001,2,0.05,100000,2.0
0.9982785,0.9,2,0.05,100000,2.0
0.999674,0.9500000000000001,2,0.05,100000,2.0
1.0,1.0,2,0.05,100000,2.0
0.0,0.0,2,0.05,100000,3.0
0.68240386,0.05,2,0.05,100000,3.0
0.7351246,0.1,2,0.05,100000,3.0
0.7516008,0.15000000000000002,2,0.05,100000,3.0
0.76375675,0.2,2,0.05,100000,3.0
0.777424,0.25,2,0.05,100000,3.0
0.7903763,0.30000000000000004,2,0.05,100000,3.0
0.8067177,0.35000000000000003,2,0.05,100000,3.0
0.8209984,0.4,2,0.05,100000,3.0
0.8430655,0.45,2,0.05,100000,3.0
0.8666498,0.5,2,0.05,100000,3.0
0.89129066,0.55,2,0.05,100000,3.0
0.91739047,0.6000000000000001,2,0.05,100000,3.0
0.94310415,0.65,2,0.05,100000,3.0
0.9635396,0.7000000000000001,2,0.05,100000,3.0
0.9770644,0.75,2,0.05,100000,3.0
0.9890484,0.8,2,0.05,100000,3.0
0.99685156,0.8500000000000001,2,0.05,100000,3.0
0.9993228,0.9,2,0.05,100000,3.0
1.0,0.9500000000000001,2,0.05,100000,3.0
1.0,1.0,2,0.05,100000,3.0
0.0,0.0,3,0.05,100000,1.0
0.21440119,0.05,3,0.05,100000,1.0
0.2623022,0.1,3,0.05,100000,1.0
0.2927898,0.15000000000000002,3,0.05,100000,1.0
0.3135355,0.2,3,0.05,100000,1.0
0.325219,0.25,3,0.05,100000,1.0
0.33658576,0.30000000000000004,3,0.05,100000,1.0
0.34546307,0.35000000000000003,3,0.05,100000,1.0
0.3542425,0.4,3,0.05,100000,1.0
0.36796638,0.45,3,0.05,100000,1.0
0.3792533,0.5,3,0.05,100000,1.0
0.39145944,0.55,3,0.05,100000,1.0
0.40268198,0.6000000000000001,3,0.05,100000,1.0
0.41223213,0.65,3,0.05,100000,1.0
0.4236521,0.7000000000000001,3,0.05,100000,1.0
0.43743822,0.75,3,0.05,100000,1.0
0.45563227,0.8,3,0.05,100000,1.0
0.4738494,0.8500000000000001,3,0.05,100000,1.0
0.5040376,0.9,3,0.05,100000,1.0
0.5968114,0.9500000000000001,3,0.05,100000,1.0
1.0,1.0,3,0.05,100000,1.0
0.0,0.0,3,0.05,100000,2.0
0.28004393,0.05,3,0.05,100000,2.0
0.32843253,0.1,3,0.05,100000,2.0
0.3620352,0.15000000000000002,3,0.05,100000,2.0
0.38794628,0.2,3,0.05,100000,2.0
0.4012352,0.25,3,0.05,100000,2.0
0.41557384,0.30000000000000004,3,0.05,100000,2.0
0.4292531,0.35000000000000003,3,0.05,100000,2.0
0.44582206,0.4,3,0.05,100000,2.0
0.4638067,0.45,3,0.05,100000,2.0
0.48346364,0.5,3,0.05,100000,2.0
0.50321275,0.55,3,0.05,100000,2.0
0.5259281,0.6000000000000001,3,0.05,100000,2.0
0.55568373,0.65,3,0.05,100000,2.0
0.5851695,0.7000000000000001,3,0.05,100000,2.0
0.63597214,0.75,3,0.05,100000,2.0
0.7094545,0.8,3,0.05,100000,2.0
0.7958139,0.8500000000000001,3,0.05,100000,2.0
0.8955859,0.9,3,0.05,100000,2.0
0.9953851,0.9500000000000001,3,0.05,100000,2.0
1.0,1.0,3,0.05,100000,2.0
0.0,0.0,3,0.05,100000,3.0
0.5008214,0.05,3,0.05,100000,3.0
0.57914364,0.1,3,0.05,100000,3.0
0.612821,0.15000000000000002,3,0.05,100000,3.0
0.64796036,0.2,3,0.05,100000,3.0
0.6867104,0.25,3,0.05,100000,3.0
0.7212067,0.30000000000000004,3,0.05,100000,3.0
0.75543785,0.35000000000000003,3,0.05,100000,3.0
0.8061192,0.4,3,0.05,100000,3.0
0.855048,0.45,3,0.05,100000,3.0
0.8969547,0.5,3,0.05,100000,3.0
0.9321332,0.55,3,0.05,100000,3.0
0.95055175,0.6000000000000001,3,0.05,100000,3.0
0.9663156,0.65,3,0.05,100000,3.0
0.97516215,0.7000000000000001,3,0.05,100000,3.0
0.98194826,0.75,3,0.05,100000,3.0
0.9889453,0.8,3,0.05,100000,3.0
0.9941895,0.8500000000000001,3,0.05,100000,3.0
0.99830073,0.9,3,0.05,100000,3.0
0.99965924,0.9500000000000001,3,0.05,100000,3.0
1.0,1.0,3,0.05,100000,3.0
0.0,0.0,4,0.05,100000,1.0
0.32560575,0.05,4,0.05,100000,1.0
0.5068479,0.1,4,0.05,100000,1.0
0.61352503,0.15000000000000002,4,0.05,100000,1.0
0.6801752,0.2,4,0.05,100000,1.0
0.7230646,0.25,4,0.05,100000,1.0
0.76422864,0.30000000000000004,4,0.05,100000,1.0
0.79220694,0.35000000000000003,4,0.05,100000,1.0
0.82022554,0.4,4,0.05,100000,1.0
0.8450721,0.45,4,0.05,100000,1.0
0.86191416,0.5,4,0.05,100000,1.0
0.87316275,0.55,4,0.05,100000,1.0
0.8958581,0.6000000000000001,4,0.05,100000,1.0
0.90937215,0.65,4,0.05,100000,1.0
0.9230247,0.7000000000000001,4,0.05,100000,1.0
0.9394602,0.75,4,0.05,100000,1.0
0.9549648,0.8,4,0.05,100000,1.0
0.97122097,0.8500000000000001,4,0.05,100000,1.0
0.9826845,0.9,4,0.05,100000,1.0
0.9936224,0.9500000000000001,4,0.05,100000,1.0
1.0,1.0,4,0.05,100000,1.0
0.0,0.0,4,0.05,100000,2.0
0.7092448,0.05,4,0.05,100000,2.0
0.75668913,0.1,4,0.05,100000,2.0
0.7679456,0.15000000000000002,4,0.05,100000,2.0
0.7783786,0.2,4,0.05,100000,2.0
0.7917784,0.25,4,0.05,100000,2.0
0.81081,0.30000000000000004,4,0.05,100000,2.0
0.827372,0.35000000000000003,4,0.05,100000,2.0
0.83937985,0.4,4,0.05,100000,2.0
0.85714346,0.45,4,0.05,100000,2.0
0.8723053,0.5,4,0.05,100000,2.0
0.8921327,0.55,4,0.05,100000,2.0
0.9073659,0.6000000000000001,4,0.05,100000,2.0
0.927322,0.65,4,0.05,100000,2.0
0.943855,0.7000000000000001,4,0.05,100000,2.0
0.9595873,0.75,4,0.05,100000,2.0
0.96925217,0.8,4,0.05,100000,2.0
0.9798792,0.8500000000000001,4,0.05,100000,2.0
0.98971844,0.9,4,0.05,100000,2.0
0.9975679,0.9500000000000001,4,0.05,100000,2.0
1.0,1.0,4,0.05,100000,2.0
0.0,0.0,4,0.05,100000,3.0
0.7014134,0.05,4,0.05,100000,3.0
0.7331676,0.1,4,0.05,100000,3.0
0.74970704,0.15000000000000002,4,0.05,100000,3.0
0.76058114,0.2,4,0.05,100000,3.0
0.7795966,0.25,4,0.05,100000,3.0
0.800507,0.30000000000000004,4,0.05,100000,3.0
0.8168501,0.35000000000000003,4,0.05,100000,3.0
0.83949727,0.4,4,0.05,100000,3.0
0.85589534,0.45,4,0.05,100000,3.0
0.8740329,0.5,4,0.05,100000,3.0
0.89483315,0.55,4,0.05,100000,3.0
0.91447914,0.6000000000000001,4,0.05,100000,3.0
0.9302098,0.65,4,0.05,100000,3.0
0.95144665,0.7000000000000001,4,0.05,100000,3.0
0.96356845,0.75,4,0.05,100000,3.0
0.9734987,0.8,4,0.05,100000,3.0
0.98479176,0.8500000000000001,4,0.05,100000,3.0
0.9932621,0.9,4,0.05,100000,3.0
0.9986074,0.9500000000000001,4,0.05,100000,3.0
1.0,1.0,4,0.05,100000,3.0
0.0,0.0,5,0.05,100000,1.0
0.31143877,0.05,5,0.05,100000,1.0
0.36902267,0.1,5,0.05,100000,1.0
0.38761353,0.15000000000000002,5,0.05,100000,1.0
0.40269762,0.2,5,0.05,100000,1.0
0.415044,0.25,5,0.05,100000,1.0
0.42394218,0.30000000000000004,5,0.05,100000,1.0
0.43879044,0.35000000000000003,5,0.05,100000,1.0
0.45261094,0.4,5,0.05,100000,1.0
0.46677095,0.45,5,0.05,100000,1.0
0.48328313,0.5,5,0.05,100000,1.0
0.49868754,0.55,5,0.05,100000,1.0
0.5186813,0.6000000000000001,5,0.05,100000,1.0
0.5359808,0.65,5,0.05,100000,1.0
0.5500475,0.7000000000000001,5,0.05,100000,1.0
0.5676777,0.75,5,0.05,100000,1.0
0.5846016,0.8,5,0.05,100000,1.0
0.60515314,0.8500000000000001,5,0.05,100000,1.0
0.63281286,0.9,5,0.05,100000,1.0
0.68449414,0.9500000000000001,5,0.05,100000,1.0
0.999703,1.0,5,0.05,100000,1.0
0.0003614535,0.0,5,0.05,100000,2.0
0.7419977,0.05,5,0.05,100000,2.0
0.78455585,0.1,5,0.05,100000,2.0
0.7900916,0.15000000000000002,5,0.05,100000,2.0
0.7971719,0.2,5,0.05,100000,2.0
0.81128496,0.25,5,0.05,100000,2.0
0.8257287,0.30000000000000004,5,0.05,100000,2.0
0.8457835,0.35000000000000003,5,0.05,100000,2.0
0.8665662,0.4,5,0.05,100000,2.0
0.8853253,0.45,5,0.05,100000,2.0
0.9017763,0.5,5,0.05,100000,2.0
0.91584444,0.55,5,0.05,100000,2.0
0.9363205,0.6000000000000001,5,0.05,100000,2.0
0.95212567,0.65,5,0.05,100000,2.0
0.96153766,0.7000000000000001,5,0.05,100000,2.0
0.97199774,0.75,5,0.05,100000,2.0
0.9769437,0.8,5,0.05,100000,2.0
0.98592436,0.8500000000000001,5,0.05,100000,2.0
0.9912597,0.9,5,0.05,100000,2.0
0.99375385,0.9500000000000001,5,0.05,100000,2.0
1.0,1.0,5,0.05,100000,2.0
0.0,0.0,5,0.05,100000,3.0
0.7329704,0.05,5,0.05,100000,3.0
0.7578158,0.1,5,0.05,100000,3.0
0.7730598,0.15000000000000002,5,0.05,100000,3.0
0.7848483,0.2,5,0.05,100000,3.0
0.8050384,0.25,5,0.05,100000,3.0
0.8232808,0.30000000000000004,5,0.05,100000,3.0
0.84288126,0.35000000000000003,5,0.05,100000,3.0
0.8672044,0.4,5,0.05,100000,3.0
0.8849628,0.45,5,0.05,100000,3.0
0.89779806,0.5,5,0.05,100000,3.0
0.91600245,0.55,5,0.05,100000,3.0
0.9352415,0.6000000000000001,5,0.05,100000,3.0
0.95246714,0.65,5,0.05,100000,3.0
0.9660748,0.7000000000000001,5,0.05,100000,3.0
0.97569126,0.75,5,0.05,100000,3.0
0.98323303,0.8,5,0.05,100000,3.0
0.989653,0.8500000000000001,5,0.05,100000,3.0
0.9935535,0.9,5,0.05,100000,3.0
0.9959333,0.9500000000000001,5,0.05,100000,3.0
1.0,1.0,5,0.05,100000,3.0
0.0,0.0,6,0.05,100000,1.0
0.21156365,0.05,6,0.05,100000,1.0
0.26464948,0.1,6,0.05,100000,1.0
0.29993528,0.15000000000000002,6,0.05,100000,1.0
0.3312272,0.2,6,0.05,100000,1.0
0.36104828,0.25,6,0.05,100000,1.0
0.39047477,0.30000000000000004,6,0.05,100000,1.0
0.41487536,0.35000000000000003,6,0.05,100000,1.0
0.44799837,0.4,6,0.05,100000,1.0
0.4777131,0.45,6,0.05,100000,1.0
0.5053802,0.5,6,0.05,100000,1.0
0.53313065,0.55,6,0.05,100000,1.0
0.56805795,0.6000000000000001,6,0.05,100000,1.0
0.6001076,0.65,6,0.05,100000,1.0
0.635444,0.7000000000000001,6,0.05,100000,1.0
0.6722769,0.75,6,0.05,100000,1.0
0.71319324,0.8,6,0.05,100000,1.0
0.7634851,0.8500000000000001,6,0.05,100000,1.0
0.8192937,0.9,6,0.05,100000,1.0
0.8967259,0.9500000000000001,6,0.05,100000,1.0
1.0,1.0,6,0.05,100000,1.0
0.0,0.0,6,0.05,100000,2.0
0.45509583,0.05,6,0.05,100000,2.0
0.5133079,0.1,6,0.05,100000,2.0
0.55265146,0.15000000000000002,6,0.05,100000,2.0
0.5936307,0.2,6,0.05,100000,2.0
0.62443614,0.25,6,0.05,100000,2.0
0.66753453,0.30000000000000004,6,0.05,100000,2.0
0.7030022,0.35000000000000003,6,0.05,100000,2.0
0.73967427,0.4,6,0.05,100000,2.0
0.77016765,0.45,6,0.05,100000,2.0
0.80695516,0.5,6,0.05,100000,2.0
0.8514986,0.55,6,0.05,100000,2.0
0.8876076,0.6000000000000001,6,0.05,100000,2.0
0.91428316,0.65,6,0.05,100000,2.0
0.93854517,0.7000000000000001,6,0.05,100000,2.0
0.9552473,0.75,6,0.05,100000,2.0
0.9724117,0.8,6,0.05,100000,2.0
0.9812565,0.8500000000000001,6,0.05,100000,2.0
0.98791283,0.9,6,0.05,100000,2.0
0.9948796,0.9500000000000001,6,0.05,100000,2.0
1.0,1.0,6,0.05,100000,2.0
0.0,0.0,6,0.05,100000,3.0
0.7212437,0.05,6,0.05,100000,3.0
0.7647629,0.1,6,0.05,100000,3.0
0.77528703,0.15000000000000002,6,0.05,100000,3.0
0.7852215,0.2,6,0.05,100000,3.0
0.7933139,0.25,6,0.05,100000,3.0
0.806272,0.30000000000000004,6,0.05,100000,3.0
0.8148459,0.35000000000000003,6,0.05,100000,3.0
0.8322009,0.4,6,0.05,100000,3.0
0.84534913,0.45,6,0.05,100000,3.0
0.8596309,0.5,6,0.05,100000,3.0
0.87814707,0.55,6,0.05,100000,3.0
0.9043116,0.6000000000000001,6,0.05,100000,3.0
0.9267182,0.65,6,0.05,100000,3.0
0.9475769,0.7000000000000001,6,0.05,100000,3.0
0.9650127,0.75,6,0.05,100000,3.0
0.97949886,0.8,6,0.05,100000,3.0
0.9883028,0.8500000000000001,6,0.05,100000,3.0
0.9934801,0.9,6,0.05,100000,3.0
0.9983543,0.9500000000000001,6,0.05,100000,3.0
1.0,1.0,6,0.05,100000,3.0
0.00038860954,0.0,7,0.05,100000,1.0
0.68968475,0.05,7,0.05,100000,1.0
0.7671357,0.1,7,0.05,100000,1.0
0.8001012,0.15000000000000002,7,0.05,100000,1.0
0.82459,0.2,7,0.05,100000,1.0
0.8396583,0.25,7,0.05,100000,1.0
0.8556967,0.30000000000000004,7,0.05,100000,1.0
0.86901194,0.35000000000000003,7,0.05,100000,1.0
0.87942356,0.4,7,0.05,100000,1.0
0.89408576,0.45,7,0.05,100000,1.0
0.90621,0.5,7,0.05,100000,1.0
0.91944575,0.55,7,0.05,100000,1.0
0.928408,0.6000000000000001,7,0.05,100000,1.0
0.93753535,0.65,7,0.05,100000,1.0
0.94921315,0.7000000000000001,7,0.05,100000,1.0
0.9583504,0.75,7,0.05,100000,1.0
0.9671353,0.8,7,0.05,100000,1.0
0.9774995,0.8500000000000001,7,0.05,100000,1.0
0.9867436,0.9,7,0.05,100000,1.0
0.99630755,0.9500000000000001,7,0.05,100000,1.0
1.0,1.0,7,0.05,100000,1.0
0.0,0.0,7,0.05,100000,2.0
0.69118524,0.05,7,0.05,100000,2.0
0.73217046,0.1,7,0.05,100000,2.0
0.75925004,0.15000000000000002,7,0.05,100000,2.0
0.773622,0.2,7,0.05,100000,2.0
0.7867355,0.25,7,0.05,100000,2.0
0.8053566,0.30000000000000004,7,0.05,100000,2.0
0.8221,0.35000000000000003,7,0.05,100000,2.0
0.8341274,0.4,7,0.05,100000,2.0
0.85037017,0.45,7,0.05,100000,2.0
0.87023866,0.5,7,0.05,100000,2.0
0.8841648,0.55,7,0.05,100000,2.0
0.9025284,0.6000000000000001,7,0.05,100000,2.0
0.92256105,0.65,7,0.05,100000,2.0
0.93736386,0.7000000000000001,7,0.05,100000,2.0
0.95257366,0.75,7,0.05,100000,2.0
0.96835136,0.8,7,0.05,100000,2.0
0.98397297,0.8500000000000001,7,0.05,100000,2.0
0.9934713,0.9,7,0.05,100000,2.0
0.9973129,0.9500000000000001,7,0.05,100000,2.0
1.0,1.0,7,0.05,100000,2.0
0.0,0.0,7,0.05,100000,3.0
0.6704266,0.05,7,0.05,100000,3.0
0.717133,0.1,7,0.05,100000,3.0
0.7376332,0.15000000000000002,7,0.05,100000,3.0
0.7568292,0.2,7,0.05,100000,3.0
0.77470404,0.25,7,0.05,100000,3.0
0.7853842,0.30000000000000004,7,0.05,100000,3.0
0.80763394,0.35000000000000003,7,0.05,100000,3.0
0.82296354,0.4,7,0.05,100000,3.0
0.84281325,0.45,7,0.05,100000,3.0
0.86092407,0.5,7,0.05,100000,3.0
0.87927544,0.55,7,0.05,100000,3.0
0.89754033,0.6000000000000001,7,0.05,100000,3.0
0.9216016,0.65,7,0.05,100000,3.0
0.9389531,0.7000000000000001,7,0.05,100000,3.0
0.95367944,0.75,7,0.05,100000,3.0
0.97004616,0.8,7,0.05,100000,3.0
0.98666006,0.8500000000000001,7,0.05,100000,3.0
0.99591047,0.9,7,0.05,100000,3.0
0.99898684,0.9500000000000001,7,0.05,100000,3.0
1.0,1.0,7,0.05,100000,3.0
0.0,0.0,8,0.05,100000,1.0
0.6716725,0.05,8,0.05,100000,1.0
0.71542424,0.1,8,0.05,100000,1.0
0.73302686,0.15000000000000002,8,0.05,100000,1.0
0.75538826,0.2,8,0.05,100000,1.0
0.77410525,0.25,8,0.05,100000,1.0
0.7974307,0.30000000000000004,8,0.05,100000,1.0
0.8167344,0.35000000000000003,8,0.05,100000,1.0
0.83559823,0.4,8,0.05,100000,1.0
0.85023445,0.45,8,0.05,100000,1.0
0.8602092,0.5,8,0.05,100000,1.0
0.87800014,0.55,8,0.05,100000,1.0
0.8914969,0.6000000000000001,8,0.05,100000,1.0
0.90416807,0.65,8,0.05,100000,1.0
0.9168905,0.7000000000000001,8,0.05,100000,1.0
0.9279295,0.75,8,0.05,100000,1.0
0.941448,0.8,8,0.05,100000,1.0
0.954847,0.8500000000000001,8,0.05,100000,1.0
0.9683304,0.9,8,0.05,100000,1.0
0.98719066,0.9500000000000001,8,0.05,100000,1.0
1.0,1.0,8,0.05,100000,1.0
0.0,0.0,8,0.05,100000,2.0
0.69571036,0.05,8,0.05,100000,2.0
0.72503644,0.1,8,0.05,100000,2.0
0.73718727,0.15000000000000002,8,0.05,100000,2.0
0.75528634,0.2,8,0.05,100000,2.0
0.77534956,0.25,8,0.05,100000,2.0
0.79808503,0.30000000000000004,8,0.05,100000,2.0
0.82575303,0.35000000000000003,8,0.05,100000,2.0
0.8483831,0.4,8,0.05,100000,2.0
0.87073773,0.45,8,0.05,100000,2.0
0.89107245,0.5,8,0.05,100000,2.0
0.9124718,0.55,8,0.05,100000,2.0
0.93124765,0.6000000000000001,8,0.05,100000,2.0
0.9477771,0.65,8,0.05,100000,2.0
0.96246856,0.7000000000000001,8,0.05,100000,2.0
0.97387207,0.75,8,0.05,100000,2.0
0.9836398,0.8,8,0.05,100000,2.0
0.99121356,0.8500000000000001,8,0.05,100000,2.0
0.99562526,0.9,8,0.05,100000,2.0
0.9996747,0.9500000000000001,8,0.05,100000,2.0
1.0,1.0,8,0.05,100000,2.0
0.0,0.0,8,0.05,100000,3.0
0.68719494,0.05,8,0.05,100000,3.0
0.7190565,0.1,8,0.05,100000,3.0
0.73416424,0.15000000000000002,8,0.05,100000,3.0
0.7529116,0.2,8,0.05,100000,3.0
0.77557963,0.25,8,0.05,100000,3.0
0.79545575,0.30000000000000004,8,0.05,100000,3.0
0.82386947,0.35000000000000003,8,0.05,100000,3.0
0.84894836,0.4,8,0.05,100000,3.0
0.87187755,0.45,8,0.05,100000,3.0
0.89428544,0.5,8,0.05,100000,3.0
0.913808,0.55,8,0.05,100000,3.0
0.93135506,0.6000000000000001,8,0.05,100000,3.0
0.9519881,0.65,8,0.05,100000,3.0
0.96800905,0.7000000000000001,8,0.05,100000,3.0
0.9774215,0.75,8,0.05,100000,3.0
0.9874004,0.8,8,0.05,100000,3.0
0.9932218,0.8500000000000001,8,0.05,100000,3.0
0.9979861,0.9,8,0.05,100000,3.0
0.9996747,0.9500000000000001,8,0.05,100000,3.0
1.0,1.0,8,0.05,100000,3.0
0.00039387555,0.0,9,0.05,100000,1.0
0.70470876,0.05,9,0.05,100000,1.0
0.77730143,0.1,9,0.05,100000,1.0
0.8018469,0.15000000000000002,9,0.05,100000,1.0
0.8173651,0.2,9,0.05,100000,1.0
0.83468896,0.25,9,0.05,100000,1.0
0.8470505,0.30000000000000004,9,0.05,100000,1.0
0.8621149,0.35000000000000003,9,0.05,100000,1.0
0.8766759,0.4,9,0.05,100000,1.0
0.8876604,0.45,9,0.05,100000,1.0
0.8970816,0.5,9,0.05,100000,1.0
0.90682805,0.55,9,0.05,100000,1.0
0.9190679,0.6000000000000001,9,0.05,100000,1.0
0.9262514,0.65,9,0.05,100000,1.0
0.9369705,0.7000000000000001,9,0.05,100000,1.0
0.94982713,0.75,9,0.05,100000,1.0
0.9634056,0.8,9,0.05,100000,1.0
0.97188777,0.8500000000000001,9,0.05,100000,1.0
0.9810647,0.9,9,0.05,100000,1.0
0.9944507,0.9500000000000001,9,0.05,100000,1.0
1.0,1.0,9,0.05,100000,1.0
0.00039387555,0.0,9,0.05,100000,2.0
0.7058856,0.05,9,0.05,100000,2.0
0.76073223,0.1,9,0.05,100000,2.0
0.78943133,0.15000000000000002,9,0.05,100000,2.0
0.808464,0.2,9,0.05,100000,2.0
0.82384,0.25,9,0.05,100000,2.0
0.84119666,0.30000000000000004,9,0.05,100000,2.0
0.8565958,0.35000000000000003,9,0.05,100000,2.0
0.87477344,0.4,9,0.05,100000,2.0
0.893315,0.45,9,0.05,100000,2.0
0.9053058,0.5,9,0.05,100000,2.0
0.91821986,0.55,9,0.05,100000,2.0
0.93367046,0.6000000000000001,9,0.05,100000,2.0
0.9462307,0.65,9,0.05,100000,2.0
0.9565719,0.7000000000000001,9,0.05,100000,2.0
0.9667487,0.75,9,0.05,100000,2.0
0.9751182,0.8,9,0.05,100000,2.0
0.9839287,0.8500000000000001,9,0.05,100000,2.0
0.99092305,0.9,9,0.05,100000,2.0
0.99622893,0.9500000000000001,9,0.05,100000,2.0
1.0,1.0,9,0.05,100000,2.0
0.00039387555,0.0,9,0.05,100000,3.0
0.700712,0.05,9,0.05,100000,3.0
0.7533752,0.1,9,0.05,100000,3.0
0.7813821,0.15000000000000002,9,0.05,100000,3.0
0.8032725,0.2,9,0.05,100000,3.0
0.82022494,0.25,9,0.05,100000,3.0
0.8373267,0.30000000000000004,9,0.05,100000,3.0
0.8536607,0.35000000000000003,9,0.05,100000,3.0
0.8718928,0.4,9,0.05,100000,3.0
0.8926006,0.45,9,0.05,100000,3.0
0.9067221,0.5,9,0.05,100000,3.0
0.9255114,0.55,9,0.05,100000,3.0
0.93733656,0.6000000000000001,9,0.05,100000,3.0
0.9527081,0.65,9,0.05,100000,3.0
0.9660616,0.7000000000000001,9,0.05,100000,3.0
0.9762499,0.75,9,0.05,100000,3.0
0.98643357,0.8,9,0.05,100000,3.0
0.9899482,0.8500000000000001,9,0.05,100000,3.0
0.9948142,0.9,9,0.05,100000,3.0
0.9989804,0.9500000000000001,9,0.05,100000,3.0
1.0,1.0,9,0.05,100000,3.0
0.0,0.0,0,0.06,100000,1.0
0.64312255,0.05,0,0.06,100000,1.0
0.7753414,0.1,0,0.06,100000,1.0
0.80078465,0.15000000000000002,0,0.06,100000,1.0
0.81781983,0.2,0,0.06,100000,1.0
0.8359252,0.25,0,0.06,100000,1.0
0.8542032,0.30000000000000004,0,0.06,100000,1.0
0.8701149,0.35000000000000003,0,0.06,100000,1.0
0.8853638,0.4,0,0.06,100000,1.0
0.901137,0.45,0,0.06,100000,1.0
0.9155003,0.5,0,0.06,100000,1.0
0.9243839,0.55,0,0.06,100000,1.0
0.93416554,0.6000000000000001,0,0.06,100000,1.0
0.9466772,0.65,0,0.06,100000,1.0
0.9617526,0.7000000000000001,0,0.06,100000,1.0
0.97773373,0.75,0,0.06,100000,1.0
0.98727226,0.8,0,0.06,100000,1.0
0.9911154,0.8500000000000001,0,0.06,100000,1.0
0.99589944,0.9,0,0.06,100000,1.0
0.99854404,0.9500000000000001,0,0.06,100000,1.0
1.0,1.0,0,0.06,100000,1.0
0.0,0.0,0,0.06,100000,2.0
0.67749,0.05,0,0.06,100000,2.0
0.78409,0.1,0,0.06,100000,2.0
0.80470103,0.15000000000000002,0,0.06,100000,2.0
0.81637436,0.2,0,0.06,100000,2.0
0.83645296,0.25,0,0.06,100000,2.0
0.8514908,0.30000000000000004,0,0.06,100000,2.0
0.8694833,0.35000000000000003,0,0.06,100000,2.0
0.8870659,0.4,0,0.06,100000,2.0
0.9009504,0.45,0,0.06,100000,2.0
0.9104703,0.5,0,0.06,100000,2.0
0.9236273,0.55,0,0.06,100000,2.0
0.93588156,0.6000000000000001,0,0.06,100000,2.0
0.9496387,0.65,0,0.06,100000,2.0
0.9662326,0.7000000000000001,0,0.06,100000,2.0
0.98235965,0.75,0,0.06,100000,2.0
0.992693,0.8,0,0.06,100000,2.0
0.9961952,0.8500000000000001,0,0.06,100000,2.0
0.9979325,0.9,0,0.06,100000,2.0
0.9993981,0.9500000000000001,0,0.06,100000,2.0
1.0,1.0,0,0.06,100000,2.0
0.0,0.0,0,0.06,100000,3.0
0.67568946,0.05,0,0.06,100000,3.0
0.780116,0.1,0,0.06,100000,3.0
0.7995726,0.15000000000000002,0,0.06,100000,3.0
0.81411123,0.2,0,0.06,100000,3.0
0.8319001,0.25,0,0.06,100000,3.0
0.849786,0.30000000000000004,0,0.06,100000,3.0
0.8696309,0.35000000000000003,0,0.06,100000,3.0
0.88311183,0.4,0,0.06,100000,3.0
0.89631885,0.45,0,0.06,100000,3.0
0.90742064,0.5,0,0.06,100000,3.0
0.9227724,0.55,0,0.06,100000,3.0
0.93748885,0.6000000000000001,0,0.06,100000,3.0
0.9508966,0.65,0,0.06,100000,3.0
0.9668828,0.7000000000000001,0,0.06,100000,3.0
0.98294944,0.75,0,0.06,100000,3.0
0.9938885,0.8,0,0.06,100000,3.0
0.9965036,0.8500000000000001,0,0.06,100000,3.0
0.99940896,0.9,0,0.06,100000,3.0
1.0,0.9500000000000001,0,0.06,100000,3.0
1.0,1.0,0,0.06,100000,3.0
0.0,0.0,1,0.06,100000,1.0
0.037305363,0.05,1,0.06,100000,1.0
0.05799554,0.1,1,0.06,100000,1.0
0.07540667,0.15000000000000002,1,0.06,100000,1.0
0.088748075,0.2,1,0.06,100000,1.0
0.10542387,0.25,1,0.06,100000,1.0
0.11889505,0.30000000000000004,1,0.06,100000,1.0
0.13261847,0.35000000000000003,1,0.06,100000,1.0
0.14615442,0.4,1,0.06,100000,1.0
0.16480403,0.45,1,0.06,100000,1.0
0.18212575,0.5,1,0.06,100000,1.0
0.19939743,0.55,1,0.06,100000,1.0
0.21499404,0.6000000000000001,1,0.06,100000,1.0
0.23594993,0.65,1,0.06,100000,1.0
0.25750723,0.7000000000000001,1,0.06,100000,1.0
0.27530202,0.75,1,0.06,100000,1.0
0.2987943,0.8,1,0.06,100000,1.0
0.32745564,0.8500000000000001,1,0.06,100000,1.0
0.36702758,0.9,1,0.06,100000,1.0
0.46848145,0.9500000000000001,1,0.06,100000,1.0
1.0,1.0,1,0.06,100000,1.0
0.0,0.0,1,0.06,100000,2.0
0.07842072,0.05,1,0.06,100000,2.0
0.11434911,0.1,1,0.06,100000,2.0
0.14564042,0.15000000000000002,1,0.06,100000,2.0
0.17509319,0.2,1,0.06,100000,2.0
0.20708199,0.25,1,0.06,100000,2.0
0.23974493,0.30000000000000004,1,0.06,100000,2.0
0.27218956,0.35000000000000003,1,0.06,100000,2.0
0.30641934,0.4,1,0.06,100000,2.0
0.34502548,0.45,1,0.06,100000,2.0
0.37976182,0.5,1,0.06,100000,2.0
0.41993,0.55,1,0.06,100000,2.0
0.45245913,0.6000000000000001,1,0.06,100000,2.0
0.488132,0.65,1,0.06,100000,2.0
0.526325,0.7000000000000001,1,0.06,100000,2.0
0.5547601,0.75,1,0.06,100000,2.0
0.5906687,0.8,1,0.06,100000,2.0
0.6211236,0.8500000000000001,1,0.06,100000,2.0
0.64857507,0.9,1,0.06,100000,2.0
0.70792335,0.9500000000000001,1,0.06,100000,2.0
1.0,1.0,1,0.06,100000,2.0
0.0,0.0,1,0.06,100000,3.0
0.28769264,0.05,1,0.06,100000,3.0
0.33956954,0.1,1,0.06,100000,3.0
0.388122,0.15000000000000002,1,0.06,100000,3.0
0.42779306,0.2,1,0.06,100000,3.0
0.46966514,0.25,1,0.06,100000,3.0
0.5069897,0.30000000000000004,1,0.06,100000,3.0
0.547125,0.35000000000000003,1,0.06,100000,3.0
0.5815887,0.4,1,0.06,100000,3.0
0.6236074,0.45,1,0.06,100000,3.0
0.66638213,0.5,1,0.06,100000,3.0
0.7132335,0.55,1,0.06,100000,3.0
0.75309324,0.6000000000000001,1,0.06,100000,3.0
0.7987974,0.65,1,0.06,100000,3.0
0.8469834,0.7000000000000001,1,0.06,100000,3.0
0.88216925,0.75,1,0.06,100000,3.0
0.9191061,0.8,1,0.06,100000,3.0
0.94869184,0.8500000000000001,1,0.06,100000,3.0
0.9731055,0.9,1,0.06,100000,3.0
0.9850347,0.9500000000000001,1,0.06,100000,3.0
1.0,1.0,1,0.06,100000,3.0
0.0,0.0,2,0.06,100000,1.0
0.6816468,0.05,2,0.06,100000,1.0
0.8672967,0.1,2,0.06,100000,1.0
0.9029044,0.15000000000000002,2,0.06,100000,1.0
0.91994035,0.2,2,0.06,100000,1.0
0.93490154,0.25,2,0.06,100000,1.0
0.9423993,0.30000000000000004,2,0.06,100000,1.0
0.9492364,0.35000000000000003,2,0.06,100000,1.0
0.95514464,0.4,2,0.06,100000,1.0
0.96053,0.45,2,0.06,100000,1.0
0.9652944,0.5,2,0.06,100000,1.0
0.968539,0.55,2,0.06,100000,1.0
0.9726505,0.6000000000000001,2,0.06,100000,1.0
0.97584826,0.65,2,0.06,100000,1.0
0.9776293,0.7000000000000001,2,0.06,100000,1.0
0.98108506,0.75,2,0.06,100000,1.0
0.9837434,0.8,2,0.06,100000,1.0
0.98630756,0.8500000000000001,2,0.06,100000,1.0
0.98953855,0.9,2,0.06,100000,1.0
0.99245805,0.9500000000000001,2,0.06,100000,1.0
1.0,1.0,2,0.06,100000,1.0
0.0,0.0,2,0.06,100000,2.0
0.68409413,0.05,2,0.06,100000,2.0
0.84764373,0.1,2,0.06,100000,2.0
0.87834096,0.15000000000000002,2,0.06,100000,2.0
0.89111954,0.2,2,0.06,100000,2.0
0.89898497,0.25,2,0.06,100000,2.0
0.9042554,0.30000000000000004,2,0.06,100000,2.0
0.91241676,0.35000000000000003,2,0.06,100000,2.0
0.9180753,0.4,2,0.06,100000,2.0
0.9261941,0.45,2,0.06,100000,2.0
0.9361065,0.5,2,0.06,100000,2.0
0.94339025,0.55,2,0.06,100000,2.0
0.9508613,0.6000000000000001,2,0.06,100000,2.0
0.95890105,0.65,2,0.06,100000,2.0
0.96827394,0.7000000000000001,2,0.06,100000,2.0
0.9770078,0.75,2,0.06,100000,2.0
0.9833757,0.8,2,0.06,100000,2.0
0.9857173,0.8500000000000001,2,0.06,100000,2.0
0.9904047,0.9,2,0.06,100000,2.0
0.99391276,0.9500000000000001,2,0.06,100000,2.0
1.0,1.0,2,0.06,100000,2.0
0.0,0.0,2,0.06,100000,3.0
0.68366736,0.05,2,0.06,100000,3.0
0.8255347,0.1,2,0.06,100000,3.0
0.83776563,0.15000000000000002,2,0.06,100000,3.0
0.8459968,0.2,2,0.06,100000,3.0
0.85729593,0.25,2,0.06,100000,3.0
0.8689607,0.30000000000000004,2,0.06,100000,3.0
0.87995696,0.35000000000000003,2,0.06,100000,3.0
0.8937255,0.4,2,0.06,100000,3.0
0.9043131,0.45,2,0.06,100000,3.0
0.92107993,0.5,2,0.06,100000,3.0
0.93466806,0.55,2,0.06,100000,3.0
0.9467132,0.6000000000000001,2,0.06,100000,3.0
0.95795524,0.65,2,0.06,100000,3.0
0.96734095,0.7000000000000001,2,0.06,100000,3.0
0.9769872,0.75,2,0.06,100000,3.0
0.98365897,0.8,2,0.06,100000,3.0
0.9880487,0.8500000000000001,2,0.06,100000,3.0
0.9918575,0.9,2,0.06,100000,3.0
0.9953706,0.9500000000000001,2,0.06,100000,3.0
1.0,1.0,2,0.06,100000,3.0
0.00033108017,0.0,3,0.06,100000,1.0
0.5588167,0.05,3,0.06,100000,1.0
0.69209284,0.1,3,0.06,100000,1.0
0.7546406,0.15000000000000002,3,0.06,100000,1.0
0.7930745,0.2,3,0.06,100000,1.0
0.8207595,0.25,3,0.06,100000,1.0
0.8419969,0.30000000000000004,3,0.06,100000,1.0
0.8608105,0.35000000000000003,3,0.06,100000,1.0
0.8809046,0.4,3,0.06,100000,1.0
0.8910907,0.45,3,0.06,100000,1.0
0.90775305,0.5,3,0.06,100000,1.0
0.91951245,0.55,3,0.06,100000,1.0
0.9304172,0.6000000000000001,3,0.06,100000,1.0
0.9417157,0.65,3,0.06,100000,1.0
0.9531081,0.7000000000000001,3,0.06,100000,1.0
0.9599146,0.75,3,0.06,100000,1.0
0.96939766,0.8,3,0.06,100000,1.0
0.9761612,0.8500000000000001,3,0.06,100000,1.0
0.98209465,0.9,3,0.06,100000,1.0
0.99072343,0.9500000000000001,3,0.06,100000,1.0
1.0,1.0,3,0.06,100000,1.0
0.00031179655,0.0,3,0.06,100000,2.0
0.6437563,0.05,3,0.06,100000,2.0
0.752156,0.1,3,0.06,100000,2.0
0.7934186,0.15000000000000002,3,0.06,100000,2.0
0.82197696,0.2,3,0.06,100000,2.0
0.8403171,0.25,3,0.06,100000,2.0
0.851892,0.30000000000000004,3,0.06,100000,2.0
0.86615294,0.35000000000000003,3,0.06,100000,2.0
0.8822804,0.4,3,0.06,100000,2.0
0.8974822,0.45,3,0.06,100000,2.0
0.91101617,0.5,3,0.06,100000,2.0
0.9251109,0.55,3,0.06,100000,2.0
0.9363307,0.6000000000000001,3,0.06,100000,2.0
0.94994247,0.65,3,0.06,100000,2.0
0.9619264,0.7000000000000001,3,0.06,100000,2.0
0.9710986,0.75,3,0.06,100000,2.0
0.97764856,0.8,3,0.06,100000,2.0
0.98598635,0.8500000000000001,3,0.06,100000,2.0
0.99369484,0.9,3,0.06,100000,2.0
0.9985685,0.9500000000000001,3,0.06,100000,2.0
1.0,1.0,3,0.06,100000,2.0
0.00033108017,0.0,3,0.06,100000,3.0
0.65783876,0.05,3,0.06,100000,3.0
0.7488828,0.1,3,0.06,100000,3.0
0.77070594,0.15000000000000002,3,0.06,100000,3.0
0.7881173,0.2,3,0.06,100000,3.0
0.8019442,0.25,3,0.06,100000,3.0
0.81825787,0.30000000000000004,3,0.06,100000,3.0
0.83560866,0.35000000000000003,3,0.06,100000,3.0
0.8541241,0.4,3,0.06,100000,3.0
0.8733714,0.45,3,0.06,100000,3.0
0.8940662,0.5,3,0.06,100000,3.0
0.91033345,0.55,3,0.06,100000,3.0
0.9281143,0.6000000000000001,3,0.06,100000,3.0
0.9460186,0.65,3,0.06,100000,3.0
0.9582403,0.7000000000000001,3,0.06,100000,3.0
0.9725767,0.75,3,0.06,100000,3.0
0.9796293,0.8,3,0.06,100000,3.0
0.9882324,0.8500000000000001,3,0.06,100000,3.0
0.9934578,0.9,3,0.06,100000,3.0
0.99859947,0.9500000000000001,3,0.06,100000,3.0
1.0,1.0,3,0.06,100000,3.0
0.0,0.0,4,0.06,100000,1.0
0.17231387,0.05,4,0.06,100000,1.0
0.21556544,0.1,4,0.06,100000,1.0
0.23945542,0.15000000000000002,4,0.06,100000,1.0
0.25858495,0.2,4,0.06,100000,1.0
0.27313057,0.25,4,0.06,100000,1.0
0.28535986,0.30000000000000004,4,0.06,100000,1.0
0.29491997,0.35000000000000003,4,0.06,100000,1.0
0.3041684,0.4,4,0.06,100000,1.0
0.3109355,0.45,4,0.06,100000,1.0
0.3206666,0.5,4,0.06,100000,1.0
0.33028165,0.55,4,0.06,100000,1.0
0.33717263,0.6000000000000001,4,0.06,100000,1.0
0.3457633,0.65,4,0.06,100000,1.0
0.35470495,0.7000000000000001,4,0.06,100000,1.0
0.36384463,0.75,4,0.06,100000,1.0
0.37322077,0.8,4,0.06,100000,1.0
0.38733235,0.8500000000000001,4,0.06,100000,1.0
0.41353476,0.9,4,0.06,100000,1.0
0.46157667,0.9500000000000001,4,0.06,100000,1.0
1.0,1.0,4,0.06,100000,1.0
0.0,0.0,4,0.06,100000,2.0
0.32171312,0.05,4,0.06,100000,2.0
0.36663523,0.1,4,0.06,100000,2.0
0.38466805,0.15000000000000002,4,0.06,100000,2.0
0.3985627,0.2,4,0.06,100000,2.0
0.40979204,0.25,4,0.06,100000,2.0
0.42077956,0.30000000000000004,4,0.06,100000,2.0
0.42944628,0.35000000000000003,4,0.06,100000,2.0
0.4372969,0.4,4,0.06,100000,2.0
0.44943342,0.45,4,0.06,100000,2.0
0.4597604,0.5,4,0.06,100000,2.0
0.47463658,0.55,4,0.06,100000,2.0
0.49057412,0.6000000000000001,4,0.06,100000,2.0
0.5125873,0.65,4,0.06,100000,2.0
0.5478141,0.7000000000000001,4,0.06,100000,2.0
0.5913785,0.75,4,0.06,100000,2.0
0.6407305,0.8,4,0.06,100000,2.0
0.7039221,0.8500000000000001,4,0.06,100000,2.0
0.78351396,0.9,4,0.06,100000,2.0
0.87414557,0.9500000000000001,4,0.06,100000,2.0
1.0,1.0,4,0.06,100000,2.0
0.0,0.0,4,0.06,100000,3.0
0.65348583,0.05,4,0.06,100000,3.0
0.8271139,0.1,4,0.06,100000,3.0
0.8365323,0.15000000000000002,4,0.06,100000,3.0
0.8441171,0.2,4,0.06,100000,3.0
0.85292137,0.25,4,0.06,100000,3.0
0.8640849,0.30000000000000004,4,0.06,100000,3.0
0.8740411,0.35000000000000003,4,0.06,100000,3.0
0.887777,0.4,4,0.06,100000,3.0
0.900038,0.45,4,0.06,100000,3.0
0.91148806,0.5,4,0.06,100000,3.0
0.9280165,0.55,4,0.06,100000,3.0
0.9442916,0.6000000000000001,4,0.06,100000,3.0
0.96203846,0.65,4,0.06,100000,3.0
0.9742426,0.7000000000000001,4,0.06,100000,3.0
0.9836699,0.75,4,0.06,100000,3.0
0.9906245,0.8,4,0.06,100000,3.0
0.99537754,0.8500000000000001,4,0.06,100000,3.0
0.9985848,0.9,4,0.06,100000,3.0
0.9997214,0.9500000000000001,4,0.06,100000,3.0
1.0,1.0,4,0.06,100000,3.0
0.0,0.0,5,0.06,100000,1.0
0.09479996,0.05,5,0.06,100000,1.0
0.17098992,0.1,5,0.06,100000,1.0
0.25673613,0.15000000000000002,5,0.06,100000,1.0
0.33251765,0.2,5,0.06,100000,1.0
0.39995515,0.25,5,0.06,100000,1.0
0.45799237,0.30000000000000004,5,0.06,100000,1.0
0.5079411,0.35000000000000003,5,0.06,100000,1.0
0.5570197,0.4,5,0.06,100000,1.0
0.5947525,0.45,5,0.06,100000,1.0
0.63332033,0.5,5,0.06,100000,1.0
0.66991687,0.55,5,0.06,100000,1.0
0.7060011,0.6000000000000001,5,0.06,100000,1.0
0.7468397,0.65,5,0.06,100000,1.0
0.78428406,0.7000000000000001,5,0.06,100000,1.0
0.8247149,0.75,5,0.06,100000,1.0
0.87117195,0.8,5,0.06,100000,1.0
0.9136958,0.8500000000000001,5,0.06,100000,1.0
0.9548232,0.9,5,0.06,100000,1.0
0.9817716,0.9500000000000001,5,0.06,100000,1.0
1.0,1.0,5,0.06,100000,1.0
0.0,0.0,5,0.06,100000,2.0
0.6703733,0.05,5,0.06,100000,2.0
0.82394755,0.1,5,0.06,100000,2.0
0.85625356,0.15000000000000002,5,0.06,100000,2.0
0.8819269,0.2,5,0.06,100000,2.0
0.8977672,0.25,5,0.06,100000,2.0
0.9114709,0.30000000000000004,5,0.06,100000,2.0
0.9227783,0.35000000000000003,5,0.06,100000,2.0
0.9293569,0.4,5,0.06,100000,2.0
0.93702215,0.45,5,0.06,100000,2.0
0.9423592,0.5,5,0.06,100000,2.0
0.9496936,0.55,5,0.06,100000,2.0
0.95525324,0.6000000000000001,5,0.06,100000,2.0
0.95945174,0.65,5,0.06,100000,2.0
0.9644826,0.7000000000000001,5,0.06,100000,2.0
0.97481847,0.75,5,0.06,100000,2.0
0.9854031,0.8,5,0.06,100000,2.0
0.9906018,0.8500000000000001,5,0.06,100000,2.0
0.99578005,0.9,5,0.06,100000,2.0
0.9986056,0.9500000000000001,5,0.06,100000,2.0
1.0,1.0,5,0.06,100000,2.0
0.0,0.0,5,0.06,100000,3.0
0.6804134,0.05,5,0.06,100000,3.0
0.8485824,0.1,5,0.06,100000,3.0
0.8600385,0.15000000000000002,5,0.06,100000,3.0
0.86668736,0.2,5,0.06,100000,3.0
0.8730156,0.25,5,0.06,100000,3.0
0.8791421,0.30000000000000004,5,0.06,100000,3.0
0.88450783,0.35000000000000003,5,0.06,100000,3.0
0.8928771,0.4,5,0.06,100000,3.0
0.90070343,0.45,5,0.06,100000,3.0
0.9111643,0.5,5,0.06,100000,3.0
0.9242113,0.55,5,0.06,100000,3.0
0.9351535,0.6000000000000001,5,0.06,100000,3.0
0.95172906,0.65,5,0.06,100000,3.0
0.9667156,0.7000000000000001,5,0.06,100000,3.0
0.9786785,0.75,5,0.06,100000,3.0
0.9873334,0.8,5,0.06,100000,3.0
0.9948924,0.8500000000000001,5,0.06,100000,3.0
0.9980278,0.9,5,0.06,100000,3.0
0.99971825,0.9500000000000001,5,0.06,100000,3.0
1.0,1.0,5,0.06,100000,3.0
0.0,0.0,6,0.06,100000,1.0
0.25359237,0.05,6,0.06,100000,1.0
0.3307071,0.1,6,0.06,100000,1.0
0.38619733,0.15000000000000002,6,0.06,100000,1.0
0.43494305,0.2,6,0.06,100000,1.0
0.4894075,0.25,6,0.06,100000,1.0
0.5357334,0.30000000000000004,6,0.06,100000,1.0
0.57409525,0.35000000000000003,6,0.06,100000,1.0
0.6063566,0.4,6,0.06,100000,1.0
0.6320826,0.45,6,0.06,100000,1.0
0.66128546,0.5,6,0.06,100000,1.0
0.6851749,0.55,6,0.06,100000,1.0
0.7071385,0.6000000000000001,6,0.06,100000,1.0
0.72519255,0.65,6,0.06,100000,1.0
0.7428672,0.7000000000000001,6,0.06,100000,1.0
0.7597198,0.75,6,0.06,100000,1.0
0.783255,0.8,6,0.06,100000,1.0
0.8051281,0.8500000000000001,6,0.06,100000,1.0
0.8357928,0.9,6,0.06,100000,1.0
0.87815195,0.9500000000000001,6,0.06,100000,1.0
1.0,1.0,6,0.06,100000,1.0
0.0,0.0,6,0.06,100000,2.0
0.6719176,0.05,6,0.06,100000,2.0
0.7698355,0.1,6,0.06,100000,2.0
0.7909046,0.15000000000000002,6,0.06,100000,2.0
0.80793303,0.2,6,0.06,100000,2.0
0.8208954,0.25,6,0.06,100000,2.0
0.83666885,0.30000000000000004,6,0.06,100000,2.0
0.851691,0.35000000000000003,6,0.06,100000,2.0
0.86478984,0.4,6,0.06,100000,2.0
0.8794082,0.45,6,0.06,100000,2.0
0.8958561,0.5,6,0.06,100000,2.0
0.915419,0.55,6,0.06,100000,2.0
0.9304182,0.6000000000000001,6,0.06,100000,2.0
0.94831747,0.65,6,0.06,100000,2.0
0.96359026,0.7000000000000001,6,0.06,100000,2.0
0.9748548,0.75,6,0.06,100000,2.0
0.9846034,0.8,6,0.06,100000,2.0
0.99102306,0.8500000000000001,6,0.06,100000,2.0
0.995937,0.9,6,0.06,100000,2.0
0.99970126,0.9500000000000001,6,0.06,100000,2.0
1.0,1.0,6,0.06,100000,2.0
0.0,0.0,6,0.06,100000,3.0
0.67200494,0.05,6,0.06,100000,3.0
0.7679917,0.1,6,0.06,100000,3.0
0.7878174,0.15000000000000002,6,0.06,100000,3.0
0.8058588,0.2,6,0.06,100000,3.0
0.8175194,0.25,6,0.06,100000,3.0
0.83393997,0.30000000000000004,6,0.06,100000,3.0
0.8486884,0.35000000000000003,6,0.06,100000,3.0
0.8627408,0.4,6,0.06,100000,3.0
0.8754861,0.45,6,0.06,100000,3.0
0.8973701,0.5,6,0.06,100000,3.0
0.9157927,0.55,6,0.06,100000,3.0
0.92985064,0.6000000000000001,6,0.06,100000,3.0
0.94773287,0.65,6,0.06,100000,3.0
0.9633128,0.7000000000000001,6,0.06,100000,3.0
0.9724751,0.75,6,0.06,100000,3.0
0.98291695,0.8,6,0.06,100000,3.0
0.99014056,0.8500000000000001,6,0.06,100000,3.0
0.9962055,0.9,6,0.06,100000,3.0
0.9994246,0.9500000000000001,6,0.06,100000,3.0
1.0,1.0,6,0.06,100000,3.0
0.00028688446,0.0,7,0.06,100000,1.0
0.62341785,0.05,7,0.06,100000,1.0
0.903137,0.1,7,0.06,100000,1.0
0.923179,0.15000000000000002,7,0.06,100000,1.0
0.9333635,0.2,7,0.06,100000,1.0
0.94014794,0.25,7,0.06,100000,1.0
0.94745433,0.30000000000000004,7,0.06,100000,1.0
0.95281464,0.35000000000000003,7,0.06,100000,1.0
0.95599055,0.4,7,0.06,100000,1.0
0.9589097,0.45,7,0.06,100000,1.0
0.961253,0.5,7,0.06,100000,1.0
0.9653625,0.55,7,0.06,100000,1.0
0.97119963,0.6000000000000001,7,0.06,100000,1.0
0.9758752,0.65,7,0.06,100000,1.0
0.9787958,0.7000000000000001,7,0.06,100000,1.0
0.9825162,0.75,7,0.06,100000,1.0
0.9862798,0.8,7,0.06,100000,1.0
0.9903765,0.8500000000000001,7,0.06,100000,1.0
0.99447495,0.9,7,0.06,100000,1.0
0.99854195,0.9500000000000001,7,0.06,100000,1.0
1.0,1.0,7,0.06,100000,1.0
0.00028688446,0.0,7,0.06,100000,2.0
0.6818774,0.05,7,0.06,100000,2.0
0.9001096,0.1,7,0.06,100000,2.0
0.91474956,0.15000000000000002,7,0.06,100000,2.0
0.92137456,0.2,7,0.06,100000,2.0
0.92522025,0.25,7,0.06,100000,2.0
0.9302476,0.30000000000000004,7,0.06,100000,2.0
0.9346907,0.35000000000000003,7,0.06,100000,2.0
0.94137716,0.4,7,0.06,100000,2.0
0.94667363,0.45,7,0.06,100000,2.0
0.95254797,0.5,7,0.06,100000,2.0
0.9592755,0.55,7,0.06,100000,2.0
0.96424717,0.6000000000000001,7,0.06,100000,2.0
0.97183734,0.65,7,0.06,100000,2.0
0.97724885,0.7000000000000001,7,0.06,100000,2.0
0.9827782,0.75,7,0.06,100000,2.0
0.98803836,0.8,7,0.06,100000,2.0
0.9956331,0.8500000000000001,7,0.06,100000,2.0
0.9988035,0.9,7,0.06,100000,2.0
1.0,0.9500000000000001,7,0.06,100000,2.0
1.0,1.0,7,0.06,100000,2.0
0.0,0.0,7,0.06,100000,3.0
0.68361825,0.05,7,0.06,100000,3.0
0.88451856,0.1,7,0.06,100000,3.0
0.89327365,0.15000000000000002,7,0.06,100000,3.0
0.8976729,0.2,7,0.06,100000,3.0
0.9023933,0.25,7,0.06,100000,3.0
0.90769666,0.30000000000000004,7,0.06,100000,3.0
0.91275185,0.35000000000000003,7,0.06,100000,3.0
0.9189993,0.4,7,0.06,100000,3.0
0.92491716,0.45,7,0.06,100000,3.0
0.93557996,0.5,7,0.06,100000,3.0
0.9449993,0.55,7,0.06,100000,3.0
0.9514521,0.6000000000000001,7,0.06,100000,3.0
0.96109074,0.65,7,0.06,100000,3.0
0.97098786,0.7000000000000001,7,0.06,100000,3.0
0.9796473,0.75,7,0.06,100000,3.0
0.9871526,0.8,7,0.06,100000,3.0
0.9956682,0.8500000000000001,7,0.06,100000,3.0
0.99884254,0.9,7,0.06,100000,3.0
1.0,0.9500000000000001,7,0.06,100000,3.0
1.0,1.0,7,0.06,100000,3.0
0.0,0.0,8,0.06,100000,1.0
0.6155122,0.05,8,0.06,100000,1.0
0.7267735,0.1,8,0.06,100000,1.0
0.7514361,0.15000000000000002,8,0.06,100000,1.0
0.77758557,0.2,8,0.06,100000,1.0
0.7945131,0.25,8,0.06,100000,1.0
0.8107525,0.30000000000000004,8,0.06,100000,1.0
0.82300484,0.35000000000000003,8,0.06,100000,1.0
0.8361775,0.4,8,0.06,100000,1.0
0.8511856,0.45,8,0.06,100000,1.0
0.86684495,0.5,8,0.06,100000,1.0
0.88189745,0.55,8,0.06,100000,1.0
0.89549696,0.6000000000000001,8,0.06,100000,1.0
0.90875894,0.65,8,0.06,100000,1.0
0.92169803,0.7000000000000001,8,0.06,100000,1.0
0.9385871,0.75,8,0.06,100000,1.0
0.9488383,0.8,8,0.06,100000,1.0
0.9626562,0.8500000000000001,8,0.06,100000,1.0
0.9756613,0.9,8,0.06,100000,1.0
0.987133,0.9500000000000001,8,0.06,100000,1.0
1.0,1.0,8,0.06,100000,1.0
0.0,0.0,8,0.06,100000,2.0
0.66695005,0.05,8,0.06,100000,2.0
0.7475564,0.1,8,0.06,100000,2.0
0.77223736,0.15000000000000002,8,0.06,100000,2.0
0.79127353,0.2,8,0.06,100000,2.0
0.80363894,0.25,8,0.06,100000,2.0
0.8199133,0.30000000000000004,8,0.06,100000,2.0
0.8374386,0.35000000000000003,8,0.06,100000,2.0
0.85709727,0.4,8,0.06,100000,2.0
0.87628543,0.45,8,0.06,100000,2.0
0.8929452,0.5,8,0.06,100000,2.0
0.90979064,0.55,8,0.06,100000,2.0
0.92275,0.6000000000000001,8,0.06,100000,2.0
0.93618786,0.65,8,0.06,100000,2.0
0.94977957,0.7000000000000001,8,0.06,100000,2.0
0.96272767,0.75,8,0.06,100000,2.0
0.97254425,0.8,8,0.06,100000,2.0
0.9843558,0.8500000000000001,8,0.06,100000,2.0
0.9909355,0.9,8,0.06,100000,2.0
0.9946593,0.9500000000000001,8,0.06,100000,2.0
1.0,1.0,8,0.06,100000,2.0
0.0,0.0,8,0.06,100000,3.0
0.67237616,0.05,8,0.06,100000,3.0
0.7517891,0.1,8,0.06,100000,3.0
0.7742113,0.15000000000000002,8,0.06,100000,3.0
0.7890736,0.2,8,0.06,100000,3.0
0.80486757,0.25,8,0.06,100000,3.0
0.8199596,0.30000000000000004,8,0.06,100000,3.0
0.8392394,0.35000000000000003,8,0.06,100000,3.0
0.86462194,0.4,8,0.06,100000,3.0
0.88400865,0.45,8,0.06,100000,3.0
0.9011863,0.5,8,0.06,100000,3.0
0.91625714,0.55,8,0.06,100000,3.0
0.93530375,0.6000000000000001,8,0.06,100000,3.0
0.9503749,0.65,8,0.06,100000,3.0
0.96327645,0.7000000000000001,8,0.06,100000,3.0
0.9754361,0.75,8,0.06,100000,3.0
0.9842996,0.8,8,0.06,100000,3.0
0.9897682,0.8500000000000001,8,0.06,100000,3.0
0.99410343,0.9,8,0.06,100000,3.0
0.99831426,0.9500000000000001,8,0.06,100000,3.0
1.0,1.0,8,0.06,100000,3.0
0.0,0.0,9,0.06,100000,1.0
0.42473897,0.05,9,0.06,100000,1.0
0.5757489,0.1,9,0.06,100000,1.0
0.6904319,0.15000000000000002,9,0.06,100000,1.0
0.7715905,0.2,9,0.06,100000,1.0
0.833011,0.25,9,0.06,100000,1.0
0.8742092,0.30000000000000004,9,0.06,100000,1.0
0.90372086,0.35000000000000003,9,0.06,100000,1.0
0.9283533,0.4,9,0.06,100000,1.0
0.946719,0.45,9,0.06,100000,1.0
0.95954233,0.5,9,0.06,100000,1.0
0.96844,0.55,9,0.06,100000,1.0
0.97582525,0.6000000000000001,9,0.06,100000,1.0
0.97848356,0.65,9,0.06,100000,1.0
0.98267776,0.7000000000000001,9,0.06,100000,1.0
0.98677677,0.75,9,0.06,100000,1.0
0.99003863,0.8,9,0.06,100000,1.0
0.9941989,0.8500000000000001,9,0.06,100000,1.0
0.99807066,0.9,9,0.06,100000,1.0
0.99951136,0.9500000000000001,9,0.06,100000,1.0
1.0,1.0,9,0.06,100000,1.0
0.0,0.0,9,0.06,100000,2.0
0.6757952,0.05,9,0.06,100000,2.0
0.8453047,0.1,9,0.06,100000,2.0
0.88714814,0.15000000000000002,9,0.06,100000,2.0
0.91422534,0.2,9,0.06,100000,2.0
0.93375146,0.25,9,0.06,100000,2.0
0.9444927,0.30000000000000004,9,0.06,100000,2.0
0.95257545,0.35000000000000003,9,0.06,100000,2.0
0.95642227,0.4,9,0.06,100000,2.0
0.9609217,0.45,9,0.06,100000,2.0
0.96620005,0.5,9,0.06,100000,2.0
0.9691601,0.55,9,0.06,100000,2.0
0.9715003,0.6000000000000001,9,0.06,100000,2.0
0.977822,0.65,9,0.06,100000,2.0
0.98222804,0.7000000000000001,9,0.06,100000,2.0
0.98571175,0.75,9,0.06,100000,2.0
0.9906833,0.8,9,0.06,100000,2.0
0.995024,0.8500000000000001,9,0.06,100000,2.0
0.99825466,0.9,9,0.06,100000,2.0
1.0,0.9500000000000001,9,0.06,100000,2.0
1.0,1.0,9,0.06,100000,2.0
0.0,0.0,9,0.06,100000,3.0
0.67852026,0.05,9,0.06,100000,3.0
0.87354237,0.1,9,0.06,100000,3.0
0.8941498,0.15000000000000002,9,0.06,100000,3.0
0.904525,0.2,9,0.06,100000,3.0
0.9120624,0.25,9,0.06,100000,3.0
0.9174653,0.30000000000000004,9,0.06,100000,3.0
0.92403066,0.35000000000000003,9,0.06,100000,3.0
0.9273203,0.4,9,0.06,100000,3.0
0.93326855,0.45,9,0.06,100000,3.0
0.93836015,0.5,9,0.06,100000,3.0
0.94604003,0.55,9,0.06,100000,3.0
0.9517206,0.6000000000000001,9,0.06,100000,3.0
0.9623064,0.65,9,0.06,100000,3.0
0.9702334,0.7000000000000001,9,0.06,100000,3.0
0.98132944,0.75,9,0.06,100000,3.0
0.9886354,0.8,9,0.06,100000,3.0
0.9935628,0.8500000000000001,9,0.06,100000,3.0
0.99883765,0.9,9,0.06,100000,3.0
1.0,0.9500000000000001,9,0.06,100000,3.0
1.0,1.0,9,0.06,100000,3.0
0.00027463867,0.0,0,0.07,100000,1.0
0.29747745,0.05,0,0.07,100000,1.0
0.5243174,0.1,0,0.07,100000,1.0
0.6547483,0.15000000000000002,0,0.07,100000,1.0
0.7404823,0.2,0,0.07,100000,1.0
0.7919879,0.25,0,0.07,100000,1.0
0.82405037,0.30000000000000004,0,0.07,100000,1.0
0.84677166,0.35000000000000003,0,0.07,100000,1.0
0.8692327,0.4,0,0.07,100000,1.0
0.8890285,0.45,0,0.07,100000,1.0
0.90666556,0.5,0,0.07,100000,1.0
0.92336583,0.55,0,0.07,100000,1.0
0.9391937,0.6000000000000001,0,0.07,100000,1.0
0.95208794,0.65,0,0.07,100000,1.0
0.96247894,0.7000000000000001,0,0.07,100000,1.0
0.97269434,0.75,0,0.07,100000,1.0
0.980929,0.8,0,0.07,100000,1.0
0.98832124,0.8500000000000001,0,0.07,100000,1.0
0.9934033,0.9,0,0.07,100000,1.0
0.9982131,0.9500000000000001,0,0.07,100000,1.0
1.0,1.0,0,0.07,100000,1.0
0.00026714485,0.0,0,0.07,100000,2.0
0.6231685,0.05,0,0.07,100000,2.0
0.7965654,0.1,0,0.07,100000,2.0
0.81449366,0.15000000000000002,0,0.07,100000,2.0
0.82812726,0.2,0,0.07,100000,2.0
0.84362763,0.25,0,0.07,100000,2.0
0.8550539,0.30000000000000004,0,0.07,100000,2.0
0.8681298,0.35000000000000003,0,0.07,100000,2.0
0.87917554,0.4,0,0.07,100000,2.0
0.89286435,0.45,0,0.07,100000,2.0
0.9080118,0.5,0,0.07,100000,2.0
0.9253869,0.55,0,0.07,100000,2.0
0.94299644,0.6000000000000001,0,0.07,100000,2.0
0.9612422,0.65,0,0.07,100000,2.0
0.9749962,0.7000000000000001,0,0.07,100000,2.0
0.9873612,0.75,0,0.07,100000,2.0
0.99270815,0.8,0,0.07,100000,2.0
0.99725235,0.8500000000000001,0,0.07,100000,2.0
0.999255,0.9,0,0.07,100000,2.0
1.0,0.9500000000000001,0,0.07,100000,2.0
1.0,1.0,0,0.07,100000,2.0
0.00022175009,0.0,0,0.07,100000,3.0
0.62563366,0.05,0,0.07,100000,3.0
0.7911636,0.1,0,0.07,100000,3.0
0.80896723,0.15000000000000002,0,0.07,100000,3.0
0.8225291,0.2,0,0.07,100000,3.0
0.8395778,0.25,0,0.07,100000,3.0
0.85150355,0.30000000000000004,0,0.07,100000,3.0
0.8644292,0.35000000000000003,0,0.07,100000,3.0
0.87623435,0.4,0,0.07,100000,3.0
0.89200467,0.45,0,0.07,100000,3.0
0.90741765,0.5,0,0.07,100000,3.0
0.9258639,0.55,0,0.07,100000,3.0
0.9450256,0.6000000000000001,0,0.07,100000,3.0
0.96252966,0.65,0,0.07,100000,3.0
0.97600776,0.7000000000000001,0,0.07,100000,3.0
0.98614377,0.75,0,0.07,100000,3.0
0.99222016,0.8,0,0.07,100000,3.0
0.99749416,0.8500000000000001,0,0.07,100000,3.0
0.9992525,0.9,0,0.07,100000,3.0
0.99975514,0.9500000000000001,0,0.07,100000,3.0
1.0,1.0,0,0.07,100000,3.0
0.0,0.0,1,0.07,100000,1.0
0.033643242,0.05,1,0.07,100000,1.0
0.07319166,0.1,1,0.07,100000,1.0
0.1212315,0.15000000000000002,1,0.07,100000,1.0
0.17837605,0.2,1,0.07,100000,1.0
0.23355426,0.25,1,0.07,100000,1.0
0.28692168,0.30000000000000004,1,0.07,100000,1.0
0.33952597,0.35000000000000003,1,0.07,100000,1.0
0.39275438,0.4,1,0.07,100000,1.0
0.44344562,0.45,1,0.07,100000,1.0
0.4948752,0.5,1,0.07,100000,1.0
0.54113203,0.55,1,0.07,100000,1.0
0.5989919,0.6000000000000001,1,0.07,100000,1.0
0.6443173,0.65,1,0.07,100000,1.0
0.69756836,0.7000000000000001,1,0.07,100000,1.0
0.7494165,0.75,1,0.07,100000,1.0
0.7981792,0.8,1,0.07,100000,1.0
0.8549624,0.8500000000000001,1,0.07,100000,1.0
0.90036756,0.9,1,0.07,100000,1.0
0.9444351,0.9500000000000001,1,0.07,100000,1.0
1.0,1.0,1,0.07,100000,1.0
0.0,0.0,1,0.07,100000,2.0
0.23736463,0.05,1,0.07,100000,2.0
0.28260058,0.1,1,0.07,100000,2.0
0.32244137,0.15000000000000002,1,0.07,100000,2.0
0.38613087,0.2,1,0.07,100000,2.0
0.47631118,0.25,1,0.07,100000,2.0
0.59199935,0.30000000000000004,1,0.07,100000,2.0
0.70417035,0.35000000000000003,1,0.07,100000,2.0
0.8011171,0.4,1,0.07,100000,2.0
0.87031066,0.45,1,0.07,100000,2.0
0.9008133,0.5,1,0.07,100000,2.0
0.9165635,0.55,1,0.07,100000,2.0
0.9294616,0.6000000000000001,1,0.07,100000,2.0
0.93760055,0.65,1,0.07,100000,2.0
0.94937694,0.7000000000000001,1,0.07,100000,2.0
0.9589731,0.75,1,0.07,100000,2.0
0.96745497,0.8,1,0.07,100000,2.0
0.9769467,0.8500000000000001,1,0.07,100000,2.0
0.98677874,0.9,1,0.07,100000,2.0
0.9957542,0.9500000000000001,1,0.07,100000,2.0
1.0,1.0,1,0.07,100000,2.0
0.0,0.0,1,0.07,100000,3.0
0.61738163,0.05,1,0.07,100000,3.0
0.8214063,0.1,1,0.07,100000,3.0
0.8359428,0.15000000000000002,1,0.07,100000,3.0
0.8454931,0.2,1,0.07,100000,3.0
0.85697097,0.25,1,0.07,100000,3.0
0.867679,0.30000000000000004,1,0.07,100000,3.0
0.8772344,0.35000000000000003,1,0.07,100000,3.0
0.8891637,0.4,1,0.07,100000,3.0
0.89761555,0.45,1,0.07,100000,3.0
0.9079133,0.5,1,0.07,100000,3.0
0.92100114,0.55,1,0.07,100000,3.0
0.9310147,0.6000000000000001,1,0.07,100000,3.0
0.9419244,0.65,1,0.07,100000,3.0
0.952967,0.7000000000000001,1,0.07,100000,3.0
0.96268636,0.75,1,0.07,100000,3.0
0.9717389,0.8,1,0.07,100000,3.0
0.9840428,0.8500000000000001,1,0.07,100000,3.0
0.9947764,0.9,1,0.07,100000,3.0
0.99928427,0.9500000000000001,1,0.07,100000,3.0
1.0,1.0,1,0.07,100000,3.0
0.0,0.0,2,0.07,100000,1.0
0.60830516,0.05,2,0.07,100000,1.0
0.80247104,0.1,2,0.07,100000,1.0
0.8338061,0.15000000000000002,2,0.07,100000,1.0
0.85918456,0.2,2,0.07,100000,1.0
0.88140494,0.25,2,0.07,100000,1.0
0.8952635,0.30000000000000004,2,0.07,100000,1.0
0.90475065,0.35000000000000003,2,0.07,100000,1.0
0.9177991,0.4,2,0.07,100000,1.0
0.92881125,0.45,2,0.07,100000,1.0
0.9374281,0.5,2,0.07,100000,1.0
0.9447735,0.55,2,0.07,100000,1.0
0.9528565,0.6000000000000001,2,0.07,100000,1.0
0.9617995,0.65,2,0.07,100000,1.0
0.96814287,0.7000000000000001,2,0.07,100000,1.0
0.97520477,0.75,2,0.07,100000,1.0
0.98053354,0.8,2,0.07,100000,1.0
0.98788816,0.8500000000000001,2,0.07,100000,1.0
0.99290645,0.9,2,0.07,100000,1.0
0.99693924,0.9500000000000001,2,0.07,100000,1.0
1.0,1.0,2,0.07,100000,1.0
0.0,0.0,2,0.07,100000,2.0
0.611633,0.05,2,0.07,100000,2.0
0.8027795,0.1,2,0.07,100000,2.0
0.83000416,0.15000000000000002,2,0.07,100000,2.0
0.8462107,0.2,2,0.07,100000,2.0
0.8583639,0.25,2,0.07,100000,2.0
0.86825633,0.30000000000000004,2,0.07,100000,2.0
0.8760897,0.35000000000000003,2,0.07,100000,2.0
0.8835616,0.4,2,0.07,100000,2.0
0.8899922,0.45,2,0.07,100000,2.0
0.89849585,0.5,2,0.07,100000,2.0
0.9087862,0.55,2,0.07,100000,2.0
0.9231683,0.6000000000000001,2,0.07,100000,2.0
0.9364059,0.65,2,0.07,100000,2.0
0.95232815,0.7000000000000001,2,0.07,100000,2.0
0.96774006,0.75,2,0.07,100000,2.0
0.98182005,0.8,2,0.07,100000,2.0
0.99358654,0.8500000000000001,2,0.07,100000,2.0
0.99904716,0.9,2,0.07,100000,2.0
1.0,0.9500000000000001,2,0.07,100000,2.0
1.0,1.0,2,0.07,100000,2.0
0.00029656597,0.0,2,0.07,100000,3.0
0.6135881,0.05,2,0.07,100000,3.0
0.8036079,0.1,2,0.07,100000,3.0
0.8234105,0.15000000000000002,2,0.07,100000,3.0
0.8344308,0.2,2,0.07,100000,3.0
0.8436301,0.25,2,0.07,100000,3.0
0.85452485,0.30000000000000004,2,0.07,100000,3.0
0.86287326,0.35000000000000003,2,0.07,100000,3.0
0.87064075,0.4,2,0.07,100000,3.0
0.879547,0.45,2,0.07,100000,3.0
0.8888799,0.5,2,0.07,100000,3.0
0.90310043,0.55,2,0.07,100000,3.0
0.92046463,0.6000000000000001,2,0.07,100000,3.0
0.93754,0.65,2,0.07,100000,3.0
0.95461965,0.7000000000000001,2,0.07,100000,3.0
0.9732706,0.75,2,0.07,100000,3.0
0.9845771,0.8,2,0.07,100000,3.0
0.99507797,0.8500000000000001,2,0.07,100000,3.0
0.99879724,0.9,2,0.07,100000,3.0
1.0,0.9500000000000001,2,0.07,100000,3.0
1.0,1.0,2,0.07,100000,3.0
0.0,0.0,3,0.07,100000,1.0
0.4327835,0.05,3,0.07,100000,1.0
0.7340424,0.1,3,0.07,100000,1.0
0.8579372,0.15000000000000002,3,0.07,100000,1.0
0.8906738,0.2,3,0.07,100000,1.0
0.9039152,0.25,3,0.07,100000,1.0
0.91433793,0.30000000000000004,3,0.07,100000,1.0
0.92364544,0.35000000000000003,3,0.07,100000,1.0
0.9332561,0.4,3,0.07,100000,1.0
0.9391532,0.45,3,0.07,100000,1.0
0.9468672,0.5,3,0.07,100000,1.0
0.9517283,0.55,3,0.07,100000,1.0
0.954496,0.6000000000000001,3,0.07,100000,1.0
0.96038324,0.65,3,0.07,100000,1.0
0.9666946,0.7000000000000001,3,0.07,100000,1.0
0.9717197,0.75,3,0.07,100000,1.0
0.9794764,0.8,3,0.07,100000,1.0
0.9844797,0.8500000000000001,3,0.07,100000,1.0
0.99153304,0.9,3,0.07,100000,1.0
0.9962869,0.9500000000000001,3,0.07,100000,1.0
1.0,1.0,3,0.07,100000,1.0
0.0,0.0,3,0.07,100000,2.0
0.618025,0.05,3,0.07,100000,2.0
0.7897103,0.1,3,0.07,100000,2.0
0.81607586,0.15000000000000002,3,0.07,100000,2.0
0.8346413,0.2,3,0.07,100000,2.0
0.85412574,0.25,3,0.07,100000,2.0
0.8705121,0.30000000000000004,3,0.07,100000,2.0
0.8880449,0.35000000000000003,3,0.07,100000,2.0
0.9033813,0.4,3,0.07,100000,2.0
0.9161575,0.45,3,0.07,100000,2.0
0.9278449,0.5,3,0.07,100000,2.0
0.93803746,0.55,3,0.07,100000,2.0
0.9485204,0.6000000000000001,3,0.07,100000,2.0
0.9589852,0.65,3,0.07,100000,2.0
0.96452236,0.7000000000000001,3,0.07,100000,2.0
0.9729252,0.75,3,0.07,100000,2.0
0.97926426,0.8,3,0.07,100000,2.0
0.98632246,0.8500000000000001,3,0.07,100000,2.0
0.99230415,0.9,3,0.07,100000,2.0
0.99656,0.9500000000000001,3,0.07,100000,2.0
1.0,1.0,3,0.07,100000,2.0
0.00020446556,0.0,3,0.07,100000,3.0
0.61832654,0.05,3,0.07,100000,3.0
0.7652591,0.1,3,0.07,100000,3.0
0.78849584,0.15000000000000002,3,0.07,100000,3.0
0.810213,0.2,3,0.07,100000,3.0
0.82730454,0.25,3,0.07,100000,3.0
0.8482699,0.30000000000000004,3,0.07,100000,3.0
0.86874646,0.35000000000000003,3,0.07,100000,3.0
0.89133173,0.4,3,0.07,100000,3.0
0.90552574,0.45,3,0.07,100000,3.0
0.92011577,0.5,3,0.07,100000,3.0
0.93308246,0.55,3,0.07,100000,3.0
0.94717926,0.6000000000000001,3,0.07,100000,3.0
0.9619256,0.65,3,0.07,100000,3.0
0.970521,0.7000000000000001,3,0.07,100000,3.0
0.9793291,0.75,3,0.07,100000,3.0
0.9858448,0.8,3,0.07,100000,3.0
0.99059355,0.8500000000000001,3,0.07,100000,3.0
0.9960804,0.9,3,0.07,100000,3.0
0.9983129,0.9500000000000001,3,0.07,100000,3.0
1.0,1.0,3,0.07,100000,3.0
0.0,0.0,4,0.07,100000,1.0
0.5915739,0.05,4,0.07,100000,1.0
0.86853504,0.1,4,0.07,100000,1.0
0.90223396,0.15000000000000002,4,0.07,100000,1.0
0.9209949,0.2,4,0.07,100000,1.0
0.93655086,0.25,4,0.07,100000,1.0
0.94755685,0.30000000000000004,4,0.07,100000,1.0
0.9554881,0.35000000000000003,4,0.07,100000,1.0
0.9616037,0.4,4,0.07,100000,1.0
0.9672611,0.45,4,0.07,100000,1.0
0.9733206,0.5,4,0.07,100000,1.0
0.9763571,0.55,4,0.07,100000,1.0
0.98012036,0.6000000000000001,4,0.07,100000,1.0
0.983942,0.65,4,0.07,100000,1.0
0.98764193,0.7000000000000001,4,0.07,100000,1.0
0.9896352,0.75,4,0.07,100000,1.0
0.9913579,0.8,4,0.07,100000,1.0
0.994064,0.8500000000000001,4,0.07,100000,1.0
0.9965995,0.9,4,0.07,100000,1.0
0.99829555,0.9500000000000001,4,0.07,100000,1.0
1.0,1.0,4,0.07,100000,1.0
0.0,0.0,4,0.07,100000,2.0
0.6183451,0.05,4,0.07,100000,2.0
0.8696076,0.1,4,0.07,100000,2.0
0.90288,0.15000000000000002,4,0.07,100000,2.0
0.91749096,0.2,4,0.07,100000,2.0
0.925694,0.25,4,0.07,100000,2.0
0.93153095,0.30000000000000004,4,0.07,100000,2.0
0.9368718,0.35000000000000003,4,0.07,100000,2.0
0.9455224,0.4,4,0.07,100000,2.0
0.95061076,0.45,4,0.07,100000,2.0
0.9552004,0.5,4,0.07,100000,2.0
0.9612459,0.55,4,0.07,100000,2.0
0.9670782,0.6000000000000001,4,0.07,100000,2.0
0.97343826,0.65,4,0.07,100000,2.0
0.9789902,0.7000000000000001,4,0.07,100000,2.0
0.9833081,0.75,4,0.07,100000,2.0
0.98906595,0.8,4,0.07,100000,2.0
0.9935936,0.8500000000000001,4,0.07,100000,2.0
0.996821,0.9,4,0.07,100000,2.0
0.998292,0.9500000000000001,4,0.07,100000,2.0
1.0,1.0,4,0.07,100000,2.0
0.0,0.0,4,0.07,100000,3.0
0.61785185,0.05,4,0.07,100000,3.0
0.8620395,0.1,4,0.07,100000,3.0
0.8816837,0.15000000000000002,4,0.07,100000,3.0
0.89251214,0.2,4,0.07,100000,3.0
0.9002432,0.25,4,0.07,100000,3.0
0.9109033,0.30000000000000004,4,0.07,100000,3.0
0.91803133,0.35000000000000003,4,0.07,100000,3.0
0.92545134,0.4,4,0.07,100000,3.0
0.93468106,0.45,4,0.07,100000,3.0
0.9405071,0.5,4,0.07,100000,3.0
0.9498851,0.55,4,0.07,100000,3.0
0.9581638,0.6000000000000001,4,0.07,100000,3.0
0.9678347,0.65,4,0.07,100000,3.0
0.9774307,0.7000000000000001,4,0.07,100000,3.0
0.9840441,0.75,4,0.07,100000,3.0
0.99033636,0.8,4,0.07,100000,3.0
0.99359196,0.8500000000000001,4,0.07,100000,3.0
0.9978036,0.9,4,0.07,100000,3.0
0.99903363,0.9500000000000001,4,0.07,100000,3.0
1.0,1.0,4,0.07,100000,3.0
0.0,0.0,5,0.07,100000,1.0
0.34524068,0.05,5,0.07,100000,1.0
0.4512026,0.1,5,0.07,100000,1.0
0.5005258,0.15000000000000002,5,0.07,100000,1.0
0.54376125,0.2,5,0.07,100000,1.0
0.58076644,0.25,5,0.07,100000,1.0
0.6108071,0.30000000000000004,5,0.07,100000,1.0
0.6335296,0.35000000000000003,5,0.07,100000,1.0
0.6613514,0.4,5,0.07,100000,1.0
0.68945795,0.45,5,0.07,100000,1.0
0.7162447,0.5,5,0.07,100000,1.0
0.74337775,0.55,5,0.07,100000,1.0
0.7691612,0.6000000000000001,5,0.07,100000,1.0
0.79432887,0.65,5,0.07,100000,1.0
0.8253239,0.7000000000000001,5,0.07,100000,1.0
0.8521271,0.75,5,0.07,100000,1.0
0.8838905,0.8,5,0.07,100000,1.0
0.91520053,0.8500000000000001,5,0.07,100000,1.0
0.94979614,0.9,5,0.07,100000,1.0
0.9793122,0.9500000000000001,5,0.07,100000,1.0
1.0,1.0,5,0.07,100000,1.0
0.0,0.0,5,0.07,100000,2.0
0.6131327,0.05,5,0.07,100000,2.0
0.821541,0.1,5,0.07,100000,2.0
0.84638464,0.15000000000000002,5,0.07,100000,2.0
0.8643262,0.2,5,0.07,100000,2.0
0.87391996,0.25,5,0.07,100000,2.0
0.8845232,0.30000000000000004,5,0.07,100000,2.0
0.89436203,0.35000000000000003,5,0.07,100000,2.0
0.9031497,0.4,5,0.07,100000,2.0
0.90906525,0.45,5,0.07,100000,2.0
0.9169956,0.5,5,0.07,100000,2.0
0.9268334,0.55,5,0.07,100000,2.0
0.9398511,0.6000000000000001,5,0.07,100000,2.0
0.9539528,0.65,5,0.07,100000,2.0
0.9650074,0.7000000000000001,5,0.07,100000,2.0
0.97810185,0.75,5,0.07,100000,2.0
0.9866339,0.8,5,0.07,100000,2.0
0.99280065,0.8500000000000001,5,0.07,100000,2.0
0.9975226,0.9,5,0.07,100000,2.0
0.9997654,0.9500000000000001,5,0.07,100000,2.0
1.0,1.0,5,0.07,100000,2.0
0.0,0.0,5,0.07,100000,3.0
0.61463875,0.05,5,0.07,100000,3.0
0.80564463,0.1,5,0.07,100000,3.0
0.8325859,0.15000000000000002,5,0.07,100000,3.0
0.85386693,0.2,5,0.07,100000,3.0
0.8689853,0.25,5,0.07,100000,3.0
0.8811308,0.30000000000000004,5,0.07,100000,3.0
0.8907114,0.35000000000000003,5,0.07,100000,3.0
0.8997455,0.4,5,0.07,100000,3.0
0.90830564,0.45,5,0.07,100000,3.0
0.91805315,0.5,5,0.07,100000,3.0
0.92733216,0.55,5,0.07,100000,3.0
0.942154,0.6000000000000001,5,0.07,100000,3.0
0.95506984,0.65,5,0.07,100000,3.0
0.9685232,0.7000000000000001,5,0.07,100000,3.0
0.9793432,0.75,5,0.07,100000,3.0
0.9898269,0.8,5,0.07,100000,3.0
0.9965454,0.8500000000000001,5,0.07,100000,3.0
0.9990157,0.9,5,0.07,100000,3.0
0.9997654,0.9500000000000001,5,0.07,100000,3.0
1.0,1.0,5,0.07,100000,3.0
0.0,0.0,6,0.07,100000,1.0
0.28994924,0.05,6,0.07,100000,1.0
0.37202606,0.1,6,0.07,100000,1.0
0.42624217,0.15000000000000002,6,0.07,100000,1.0
0.47393328,0.2,6,0.07,100000,1.0
0.52110744,0.25,6,0.07,100000,1.0
0.55813533,0.30000000000000004,6,0.07,100000,1.0
0.5978537,0.35000000000000003,6,0.07,100000,1.0
0.6305736,0.4,6,0.07,100000,1.0
0.6592487,0.45,6,0.07,100000,1.0
0.6888139,0.5,6,0.07,100000,1.0
0.71608645,0.55,6,0.07,100000,1.0
0.74337286,0.6000000000000001,6,0.07,100000,1.0
0.7697626,0.65,6,0.07,100000,1.0
0.79694223,0.7000000000000001,6,0.07,100000,1.0
0.8303007,0.75,6,0.07,100000,1.0
0.8672375,0.8,6,0.07,100000,1.0
0.90244025,0.8500000000000001,6,0.07,100000,1.0
0.9391013,0.9,6,0.07,100000,1.0
0.9700088,0.9500000000000001,6,0.07,100000,1.0
1.0,1.0,6,0.07,100000,1.0
0.0,0.0,6,0.07,100000,2.0
0.6120361,0.05,6,0.07,100000,2.0
0.81024414,0.1,6,0.07,100000,2.0
0.83804905,0.15000000000000002,6,0.07,100000,2.0
0.8545067,0.2,6,0.07,100000,2.0
0.86564654,0.25,6,0.07,100000,2.0
0.8748993,0.30000000000000004,6,0.07,100000,2.0
0.88530403,0.35000000000000003,6,0.07,100000,2.0
0.89019483,0.4,6,0.07,100000,2.0
0.8968489,0.45,6,0.07,100000,2.0
0.9025817,0.5,6,0.07,100000,2.0
0.91074145,0.55,6,0.07,100000,2.0
0.9181238,0.6000000000000001,6,0.07,100000,2.0
0.9255289,0.65,6,0.07,100000,2.0
0.9340271,0.7000000000000001,6,0.07,100000,2.0
0.94422215,0.75,6,0.07,100000,2.0
0.9571234,0.8,6,0.07,100000,2.0
0.9679959,0.8500000000000001,6,0.07,100000,2.0
0.9795686,0.9,6,0.07,100000,2.0
0.99242175,0.9500000000000001,6,0.07,100000,2.0
1.0,1.0,6,0.07,100000,2.0
0.0,0.0,6,0.07,100000,3.0
0.6087217,0.05,6,0.07,100000,3.0
0.8147756,0.1,6,0.07,100000,3.0
0.8352836,0.15000000000000002,6,0.07,100000,3.0
0.8487869,0.2,6,0.07,100000,3.0
0.85759723,0.25,6,0.07,100000,3.0
0.8666619,0.30000000000000004,6,0.07,100000,3.0
0.8741782,0.35000000000000003,6,0.07,100000,3.0
0.88300586,0.4,6,0.07,100000,3.0
0.8914984,0.45,6,0.07,100000,3.0
0.8994956,0.5,6,0.07,100000,3.0
0.90774316,0.55,6,0.07,100000,3.0
0.91841817,0.6000000000000001,6,0.07,100000,3.0
0.9283825,0.65,6,0.07,100000,3.0
0.9401456,0.7000000000000001,6,0.07,100000,3.0
0.9530549,0.75,6,0.07,100000,3.0
0.9651844,0.8,6,0.07,100000,3.0
0.9780103,0.8500000000000001,6,0.07,100000,3.0
0.9909523,0.9,6,0.07,100000,3.0
0.99782145,0.9500000000000001,6,0.07,100000,3.0
1.0,1.0,6,0.07,100000,3.0
0.0,0.0,7,0.07,100000,1.0
0.1423371,0.05,7,0.07,100000,1.0
0.2059194,0.1,7,0.07,100000,1.0
0.25826693,0.15000000000000002,7,0.07,100000,1.0
0.3145714,0.2,7,0.07,100000,1.0
0.37080985,0.25,7,0.07,100000,1.0
0.4272996,0.30000000000000004,7,0.07,100000,1.0
0.48576206,0.35000000000000003,7,0.07,100000,1.0
0.54263663,0.4,7,0.07,100000,1.0
0.5957345,0.45,7,0.07,100000,1.0
0.64869195,0.5,7,0.07,100000,1.0
0.6945158,0.55,7,0.07,100000,1.0
0.7458496,0.6000000000000001,7,0.07,100000,1.0
0.78872293,0.65,7,0.07,100000,1.0
0.8294139,0.7000000000000001,7,0.07,100000,1.0
0.8629423,0.75,7,0.07,100000,1.0
0.90579265,0.8,7,0.07,100000,1.0
0.9398735,0.8500000000000001,7,0.07,100000,1.0
0.9683535,0.9,7,0.07,100000,1.0
0.98505783,0.9500000000000001,7,0.07,100000,1.0
1.0,1.0,7,0.07,100000,1.0
0.0,0.0,7,0.07,100000,2.0
0.6150585,0.05,7,0.07,100000,2.0
0.75441307,0.1,7,0.07,100000,2.0
0.7738562,0.15000000000000002,7,0.07,100000,2.0
0.79059565,0.2,7,0.07,100000,2.0
0.8031409,0.25,7,0.07,100000,2.0
0.8224535,0.30000000000000004,7,0.07,100000,2.0
0.83981526,0.35000000000000003,7,0.07,100000,2.0
0.8564494,0.4,7,0.07,100000,2.0
0.8748685,0.45,7,0.07,100000,2.0
0.89212114,0.5,7,0.07,100000,2.0
0.90913844,0.55,7,0.07,100000,2.0
0.9277842,0.6000000000000001,7,0.07,100000,2.0
0.9410729,0.65,7,0.07,100000,2.0
0.9543211,0.7000000000000001,7,0.07,100000,2.0
0.962669,0.75,7,0.07,100000,2.0
0.9717645,0.8,7,0.07,100000,2.0
0.97865844,0.8500000000000001,7,0.07,100000,2.0
0.9862037,0.9,7,0.07,100000,2.0
0.9947831,0.9500000000000001,7,0.07,100000,2.0
1.0,1.0,7,0.07,100000,2.0
0.0,0.0,7,0.07,100000,3.0
0.6151669,0.05,7,0.07,100000,3.0
0.75733256,0.1,7,0.07,100000,3.0
0.77925193,0.15000000000000002,7,0.07,100000,3.0
0.7944244,0.2,7,0.07,100000,3.0
0.80746406,0.25,7,0.07,100000,3.0
0.8242734,0.30000000000000004,7,0.07,100000,3.0
0.8427209,0.35000000000000003,7,0.07,100000,3.0
0.85846835,0.4,7,0.07,100000,3.0
0.8790182,0.45,7,0.07,100000,3.0
0.89748603,0.5,7,0.07,100000,3.0
0.9147829,0.55,7,0.07,100000,3.0
0.9313609,0.6000000000000001,7,0.07,100000,3.0
0.94528925,0.65,7,0.07,100000,3.0
0.96039903,0.7000000000000001,7,0.07,100000,3.0
0.9686037,0.75,7,0.07,100000,3.0
0.978693,0.8,7,0.07,100000,3.0
0.98606193,0.8500000000000001,7,0.07,100000,3.0
0.9933316,0.9,7,0.07,100000,3.0
0.9972799,0.9500000000000001,7,0.07,100000,3.0
1.0,1.0,7,0.07,100000,3.0
0.0,0.0,8,0.07,100000,1.0
0.22274384,0.05,8,0.07,100000,1.0
0.30008814,0.1,8,0.07,100000,1.0
0.35733524,0.15000000000000002,8,0.07,100000,1.0
0.41456696,0.2,8,0.07,100000,1.0
0.4741796,0.25,8,0.07,100000,1.0
0.5295254,0.30000000000000004,8,0.07,100000,1.0
0.5789223,0.35000000000000003,8,0.07,100000,1.0
0.6219928,0.4,8,0.07,100000,1.0
0.6631536,0.45,8,0.07,100000,1.0
0.69866645,0.5,8,0.07,100000,1.0
0.7277148,0.55,8,0.07,100000,1.0
0.75648785,0.6000000000000001,8,0.07,100000,1.0
0.78210855,0.65,8,0.07,100000,1.0
0.8052332,0.7000000000000001,8,0.07,100000,1.0
0.8329074,0.75,8,0.07,100000,1.0
0.8558746,0.8,8,0.07,100000,1.0
0.88486433,0.8500000000000001,8,0.07,100000,1.0
0.9128496,0.9,8,0.07,100000,1.0
0.950704,0.9500000000000001,8,0.07,100000,1.0
1.0,1.0,8,0.07,100000,1.0
0.0,0.0,8,0.07,100000,2.0
0.48180696,0.05,8,0.07,100000,2.0
0.6223121,0.1,8,0.07,100000,2.0
0.6799875,0.15000000000000002,8,0.07,100000,2.0
0.7289821,0.2,8,0.07,100000,2.0
0.7637786,0.25,8,0.07,100000,2.0
0.7986237,0.30000000000000004,8,0.07,100000,2.0
0.8313488,0.35000000000000003,8,0.07,100000,2.0
0.85826766,0.4,8,0.07,100000,2.0
0.88025236,0.45,8,0.07,100000,2.0
0.89990586,0.5,8,0.07,100000,2.0
0.9177271,0.55,8,0.07,100000,2.0
0.932079,0.6000000000000001,8,0.07,100000,2.0
0.94530886,0.65,8,0.07,100000,2.0
0.9537617,0.7000000000000001,8,0.07,100000,2.0
0.96754193,0.75,8,0.07,100000,2.0
0.9786899,0.8,8,0.07,100000,2.0
0.98414284,0.8500000000000001,8,0.07,100000,2.0
0.9907462,0.9,8,0.07,100000,2.0
0.99587077,0.9500000000000001,8,0.07,100000,2.0
1.0,1.0,8,0.07,100000,2.0
0.0,0.0,8,0.07,100000,3.0
0.59400463,0.05,8,0.07,100000,3.0
0.80382234,0.1,8,0.07,100000,3.0
0.8203586,0.15000000000000002,8,0.07,100000,3.0
0.83251846,0.2,8,0.07,100000,3.0
0.8468297,0.25,8,0.07,100000,3.0
0.86160415,0.30000000000000004,8,0.07,100000,3.0
0.8738617,0.35000000000000003,8,0.07,100000,3.0
0.8879995,0.4,8,0.07,100000,3.0
0.9013735,0.45,8,0.07,100000,3.0
0.9170325,0.5,8,0.07,100000,3.0
0.9309802,0.55,8,0.07,100000,3.0
0.9445975,0.6000000000000001,8,0.07,100000,3.0
0.95677716,0.65,8,0.07,100000,3.0
0.9719623,0.7000000000000001,8,0.07,100000,3.0
0.9801424,0.75,8,0.07,100000,3.0
0.9873455,0.8,8,0.07,100000,3.0
0.9927203,0.8500000000000001,8,0.07,100000,3.0
0.9958425,0.9,8,0.07,100000,3.0
0.9992837,0.9500000000000001,8,0.07,100000,3.0
1.0,1.0,8,0.07,100000,3.0
0.0,0.0,9,0.07,100000,1.0
0.5369612,0.05,9,0.07,100000,1.0
0.6216804,0.1,9,0.07,100000,1.0
0.6661471,0.15000000000000002,9,0.07,100000,1.0
0.7052287,0.2,9,0.07,100000,1.0
0.7441745,0.25,9,0.07,100000,1.0
0.77587605,0.30000000000000004,9,0.07,100000,1.0
0.80091023,0.35000000000000003,9,0.07,100000,1.0
0.8233646,0.4,9,0.07,100000,1.0
0.84500307,0.45,9,0.07,100000,1.0
0.8646891,0.5,9,0.07,100000,1.0
0.8827806,0.55,9,0.07,100000,1.0
0.89767605,0.6000000000000001,9,0.07,100000,1.0
0.91450006,0.65,9,0.07,100000,1.0
0.92957044,0.7000000000000001,9,0.07,100000,1.0
0.9456061,0.75,9,0.07,100000,1.0
0.95673865,0.8,9,0.07,100000,1.0
0.9678471,0.8500000000000001,9,0.07,100000,1.0
0.9786962,0.9,9,0.07,100000,1.0
0.98968077,0.9500000000000001,9,0.07,100000,1.0
1.0,1.0,9,0.07,100000,1.0
0.0,0.0,9,0.07,100000,2.0
0.61021906,0.05,9,0.07,100000,2.0
0.7370773,0.1,9,0.07,100000,2.0
0.7702117,0.15000000000000002,9,0.07,100000,2.0
0.795459,0.2,9,0.07,100000,2.0
0.81776476,0.25,9,0.07,100000,2.0
0.8344058,0.30000000000000004,9,0.07,100000,2.0
0.8471563,0.35000000000000003,9,0.07,100000,2.0
0.86066264,0.4,9,0.07,100000,2.0
0.8748185,0.45,9,0.07,100000,2.0
0.88327956,0.5,9,0.07,100000,2.0
0.9012116,0.55,9,0.07,100000,2.0
0.9163412,0.6000000000000001,9,0.07,100000,2.0
0.93104815,0.65,9,0.07,100000,2.0
0.94501317,0.7000000000000001,9,0.07,100000,2.0
0.9594362,0.75,9,0.07,100000,2.0
0.9688414,0.8,9,0.07,100000,2.0
0.9782545,0.8500000000000001,9,0.07,100000,2.0
0.9909425,0.9,9,0.07,100000,2.0
0.99731344,0.9500000000000001,9,0.07,100000,2.0
1.0,1.0,9,0.07,100000,2.0
0.0002857242,0.0,9,0.07,100000,3.0
0.6136014,0.05,9,0.07,100000,3.0
0.7617518,0.1,9,0.07,100000,3.0
0.79463583,0.15000000000000002,9,0.07,100000,3.0
0.81581336,0.2,9,0.07,100000,3.0
0.8359437,0.25,9,0.07,100000,3.0
0.84997326,0.30000000000000004,9,0.07,100000,3.0
0.86311793,0.35000000000000003,9,0.07,100000,3.0
0.87648016,0.4,9,0.07,100000,3.0
0.89034885,0.45,9,0.07,100000,3.0
0.9061959,0.5,9,0.07,100000,3.0
0.9215163,0.55,9,0.07,100000,3.0
0.9347633,0.6000000000000001,9,0.07,100000,3.0
0.94741124,0.65,9,0.07,100000,3.0
0.9582776,0.7000000000000001,9,0.07,100000,3.0
0.97080886,0.75,9,0.07,100000,3.0
0.9807752,0.8,9,0.07,100000,3.0
0.98994374,0.8500000000000001,9,0.07,100000,3.0
0.99608,0.9,9,0.07,100000,3.0
0.9992824,0.9500000000000001,9,0.07,100000,3.0
1.0,1.0,9,0.07,100000,3.0
0.0,0.0,0,0.08,100000,1.0
0.5671414,0.05,0,0.08,100000,1.0
0.8437459,0.1,0,0.08,100000,1.0
0.8916932,0.15000000000000002,0,0.08,100000,1.0
0.9100729,0.2,0,0.08,100000,1.0
0.9206138,0.25,0,0.08,100000,1.0
0.92517215,0.30000000000000004,0,0.08,100000,1.0
0.9292638,0.35000000000000003,0,0.08,100000,1.0
0.93610686,0.4,0,0.08,100000,1.0
0.9402753,0.45,0,0.08,100000,1.0
0.9452712,0.5,0,0.08,100000,1.0
0.94977653,0.55,0,0.08,100000,1.0
0.9560158,0.6000000000000001,0,0.08,100000,1.0
0.9631296,0.65,0,0.08,100000,1.0
0.9701387,0.7000000000000001,0,0.08,100000,1.0
0.9753345,0.75,0,0.08,100000,1.0
0.9809786,0.8,0,0.08,100000,1.0
0.98846084,0.8500000000000001,0,0.08,100000,1.0
0.9950953,0.9,0,0.08,100000,1.0
0.99912,0.9500000000000001,0,0.08,100000,1.0
1.0,1.0,0,0.08,100000,1.0
0.0,0.0,0,0.08,100000,2.0
0.5686727,0.05,0,0.08,100000,2.0
0.8747318,0.1,0,0.08,100000,2.0
0.89409655,0.15000000000000002,0,0.08,100000,2.0
0.8977785,0.2,0,0.08,100000,2.0
0.90499747,0.25,0,0.08,100000,2.0
0.9095773,0.30000000000000004,0,0.08,100000,2.0
0.91917986,0.35000000000000003,0,0.08,100000,2.0
0.92506385,0.4,0,0.08,100000,2.0
0.9350631,0.45,0,0.08,100000,2.0
0.94174874,0.5,0,0.08,100000,2.0
0.9485791,0.55,0,0.08,100000,2.0
0.95668346,0.6000000000000001,0,0.08,100000,2.0
0.9648376,0.65,0,0.08,100000,2.0
0.97252977,0.7000000000000001,0,0.08,100000,2.0
0.97990644,0.75,0,0.08,100000,2.0
0.988168,0.8,0,0.08,100000,2.0
0.9938736,0.8500000000000001,0,0.08,100000,2.0
0.9978232,0.9,0,0.08,100000,2.0
0.9997884,0.9500000000000001,0,0.08,100000,2.0
1.0,1.0,0,0.08,100000,2.0
0.0,0.0,0,0.08,100000,3.0
0.56823725,0.05,0,0.08,100000,3.0
0.86598414,0.1,0,0.08,100000,3.0
0.8799466,0.15000000000000002,0,0.08,100000,3.0
0.8890869,0.2,0,0.08,100000,3.0
0.8955679,0.25,0,0.08,100000,3.0
0.9024859,0.30000000000000004,0,0.08,100000,3.0
0.9096734,0.35000000000000003,0,0.08,100000,3.0
0.9187034,0.4,0,0.08,100000,3.0
0.928959,0.45,0,0.08,100000,3.0
0.94051903,0.5,0,0.08,100000,3.0
0.95128065,0.55,0,0.08,100000,3.0
0.96153164,0.6000000000000001,0,0.08,100000,3.0
0.9697714,0.65,0,0.08,100000,3.0
0.97813886,0.7000000000000001,0,0.08,100000,3.0
0.9872007,0.75,0,0.08,100000,3.0
0.9929796,0.8,0,0.08,100000,3.0
0.99582,0.8500000000000001,0,0.08,100000,3.0
0.9989133,0.9,0,0.08,100000,3.0
0.9991248,0.9500000000000001,0,0.08,100000,3.0
1.0,1.0,0,0.08,100000,3.0
0.00022961175,0.0,1,0.08,100000,1.0
0.26216397,0.05,1,0.08,100000,1.0
0.35533482,0.1,1,0.08,100000,1.0
0.41797188,0.15000000000000002,1,0.08,100000,1.0
0.4697525,0.2,1,0.08,100000,1.0
0.50665575,0.25,1,0.08,100000,1.0
0.5398801,0.30000000000000004,1,0.08,100000,1.0
0.5652092,0.35000000000000003,1,0.08,100000,1.0
0.58708996,0.4,1,0.08,100000,1.0
0.6041788,0.45,1,0.08,100000,1.0
0.61921513,0.5,1,0.08,100000,1.0
0.63483125,0.55,1,0.08,100000,1.0
0.65351427,0.6000000000000001,1,0.08,100000,1.0
0.6724923,0.65,1,0.08,100000,1.0
0.69846123,0.7000000000000001,1,0.08,100000,1.0
0.7271977,0.75,1,0.08,100000,1.0
0.773231,0.8,1,0.08,100000,1.0
0.8343918,0.8500000000000001,1,0.08,100000,1.0
0.9105886,0.9,1,0.08,100000,1.0
0.98866546,0.9500000000000001,1,0.08,100000,1.0
1.0,1.0,1,0.08,100000,1.0
0.00022961175,0.0,1,0.08,100000,2.0
0.47036952,0.05,1,0.08,100000,2.0
0.79983824,0.1,1,0.08,100000,2.0
0.8762883,0.15000000000000002,1,0.08,100000,2.0
0.89916587,0.2,1,0.08,100000,2.0
0.9099197,0.25,1,0.08,100000,2.0
0.91849005,0.30000000000000004,1,0.08,100000,2.0
0.92519265,0.35000000000000003,1,0.08,100000,2.0
0.9336412,0.4,1,0.08,100000,2.0
0.9398191,0.45,1,0.08,100000,2.0
0.94497067,0.5,1,0.08,100000,2.0
0.9533022,0.55,1,0.08,100000,2.0
0.95954484,0.6000000000000001,1,0.08,100000,2.0
0.96695536,0.65,1,0.08,100000,2.0
0.9736169,0.7000000000000001,1,0.08,100000,2.0
0.9822302,0.75,1,0.08,100000,2.0
0.98901165,0.8,1,0.08,100000,2.0
0.99416894,0.8500000000000001,1,0.08,100000,2.0
0.998204,0.9,1,0.08,100000,2.0
0.9997994,0.9500000000000001,1,0.08,100000,2.0
1.0,1.0,1,0.08,100000,2.0
0.00024597105,0.0,1,0.08,100000,3.0
0.5685081,0.05,1,0.08,100000,3.0
0.8683135,0.1,1,0.08,100000,3.0
0.88926965,0.15000000000000002,1,0.08,100000,3.0
0.8978355,0.2,1,0.08,100000,3.0
0.9046014,0.25,1,0.08,100000,3.0
0.9109181,0.30000000000000004,1,0.08,100000,3.0
0.918766,0.35000000000000003,1,0.08,100000,3.0
0.92505705,0.4,1,0.08,100000,3.0
0.93173116,0.45,1,0.08,100000,3.0
0.94051284,0.5,1,0.08,100000,3.0
0.948734,0.55,1,0.08,100000,3.0
0.9575265,0.6000000000000001,1,0.08,100000,3.0
0.9686221,0.65,1,0.08,100000,3.0
0.97970396,0.7000000000000001,1,0.08,100000,3.0
0.9868903,0.75,1,0.08,100000,3.0
0.9930334,0.8,1,0.08,100000,3.0
0.9962117,0.8500000000000001,1,0.08,100000,3.0
0.99902403,0.9,1,0.08,100000,3.0
0.9997994,0.9500000000000001,1,0.08,100000,3.0
1.0,1.0,1,0.08,100000,3.0
0.0,0.0,2,0.08,100000,1.0
0.15695758,0.05,2,0.08,100000,1.0
0.2594012,0.1,2,0.08,100000,1.0
0.32443494,0.15000000000000002,2,0.08,100000,1.0
0.3832956,0.2,2,0.08,100000,1.0
0.43361628,0.25,2,0.08,100000,1.0
0.47834226,0.30000000000000004,2,0.08,100000,1.0
0.5170616,0.35000000000000003,2,0.08,100000,1.0
0.55033416,0.4,2,0.08,100000,1.0
0.58188283,0.45,2,0.08,100000,1.0
0.60934263,0.5,2,0.08,100000,1.0
0.6387861,0.55,2,0.08,100000,1.0
0.66826814,0.6000000000000001,2,0.08,100000,1.0
0.69527346,0.65,2,0.08,100000,1.0
0.7276657,0.7000000000000001,2,0.08,100000,1.0
0.76185244,0.75,2,0.08,100000,1.0
0.7985694,0.8,2,0.08,100000,1.0
0.83000684,0.8500000000000001,2,0.08,100000,1.0
0.8711614,0.9,2,0.08,100000,1.0
0.91020954,0.9500000000000001,2,0.08,100000,1.0
0.9997705,1.0,2,0.08,100000,1.0
0.0,0.0,2,0.08,100000,2.0
0.49620497,0.05,2,0.08,100000,2.0
0.72973174,0.1,2,0.08,100000,2.0
0.7995099,0.15000000000000002,2,0.08,100000,2.0
0.83369565,0.2,2,0.08,100000,2.0
0.85393083,0.25,2,0.08,100000,2.0
0.86925894,0.30000000000000004,2,0.08,100000,2.0
0.8852547,0.35000000000000003,2,0.08,100000,2.0
0.8960752,0.4,2,0.08,100000,2.0
0.90734273,0.45,2,0.08,100000,2.0
0.91954374,0.5,2,0.08,100000,2.0
0.93275887,0.55,2,0.08,100000,2.0
0.9425521,0.6000000000000001,2,0.08,100000,2.0
0.9535789,0.65,2,0.08,100000,2.0
0.9634288,0.7000000000000001,2,0.08,100000,2.0
0.97471476,0.75,2,0.08,100000,2.0
0.9856601,0.8,2,0.08,100000,2.0
0.9925683,0.8500000000000001,2,0.08,100000,2.0
0.99838173,0.9,2,0.08,100000,2.0
0.9995378,0.9500000000000001,2,0.08,100000,2.0
1.0,1.0,2,0.08,100000,2.0
0.00024060962,0.0,2,0.08,100000,3.0
0.5602949,0.05,2,0.08,100000,3.0
0.81770915,0.1,2,0.08,100000,3.0
0.84878635,0.15000000000000002,2,0.08,100000,3.0
0.86854446,0.2,2,0.08,100000,3.0
0.8797157,0.25,2,0.08,100000,3.0
0.8885594,0.30000000000000004,2,0.08,100000,3.0
0.89917773,0.35000000000000003,2,0.08,100000,3.0
0.90844685,0.4,2,0.08,100000,3.0
0.9178616,0.45,2,0.08,100000,3.0
0.9295828,0.5,2,0.08,100000,3.0
0.93864405,0.55,2,0.08,100000,3.0
0.95243037,0.6000000000000001,2,0.08,100000,3.0
0.9624799,0.65,2,0.08,100000,3.0
0.97165596,0.7000000000000001,2,0.08,100000,3.0
0.98049134,0.75,2,0.08,100000,3.0
0.9878736,0.8,2,0.08,100000,3.0
0.9955623,0.8500000000000001,2,0.08,100000,3.0
0.9993249,0.9,2,0.08,100000,3.0
1.0,0.9500000000000001,2,0.08,100000,3.0
1.0,1.0,2,0.08,100000,3.0
0.00025405592,0.0,3,0.08,100000,1.0
0.48482433,0.05,3,0.08,100000,1.0
0.7783385,0.1,3,0.08,100000,1.0
0.8674793,0.15000000000000002,3,0.08,100000,1.0
0.89672846,0.2,3,0.08,100000,1.0
0.91698134,0.25,3,0.08,100000,1.0
0.9288355,0.30000000000000004,3,0.08,100000,1.0
0.9378086,0.35000000000000003,3,0.08,100000,1.0
0.94373757,0.4,3,0.08,100000,1.0
0.95003057,0.45,3,0.08,100000,1.0
0.9553704,0.5,3,0.08,100000,1.0
0.9607843,0.55,3,0.08,100000,1.0
0.9648086,0.6000000000000001,3,0.08,100000,1.0
0.9712344,0.65,3,0.08,100000,1.0
0.9761394,0.7000000000000001,3,0.08,100000,1.0
0.982308,0.75,3,0.08,100000,1.0
0.9869274,0.8,3,0.08,100000,1.0
0.9916506,0.8500000000000001,3,0.08,100000,1.0
0.9959839,0.9,3,0.08,100000,1.0
0.9989588,0.9500000000000001,3,0.08,100000,1.0
1.0,1.0,3,0.08,100000,1.0
0.00025862487,0.0,3,0.08,100000,2.0
0.5705534,0.05,3,0.08,100000,2.0
0.8765883,0.1,3,0.08,100000,2.0
0.90609705,0.15000000000000002,3,0.08,100000,2.0
0.9128637,0.2,3,0.08,100000,2.0
0.9175666,0.25,3,0.08,100000,2.0
0.9245395,0.30000000000000004,3,0.08,100000,2.0
0.92902154,0.35000000000000003,3,0.08,100000,2.0
0.9354851,0.4,3,0.08,100000,2.0
0.9408606,0.45,3,0.08,100000,2.0
0.9468805,0.5,3,0.08,100000,2.0
0.95558447,0.55,3,0.08,100000,2.0
0.960681,0.6000000000000001,3,0.08,100000,2.0
0.9674438,0.65,3,0.08,100000,2.0
0.97619164,0.7000000000000001,3,0.08,100000,2.0
0.98405766,0.75,3,0.08,100000,2.0
0.98953587,0.8,3,0.08,100000,2.0
0.99317515,0.8500000000000001,3,0.08,100000,2.0
0.9962359,0.9,3,0.08,100000,2.0
0.9997966,0.9500000000000001,3,0.08,100000,2.0
1.0,1.0,3,0.08,100000,2.0
0.00025862487,0.0,3,0.08,100000,3.0
0.57029766,0.05,3,0.08,100000,3.0
0.83555526,0.1,3,0.08,100000,3.0
0.8554107,0.15000000000000002,3,0.08,100000,3.0
0.86764926,0.2,3,0.08,100000,3.0
0.8787384,0.25,3,0.08,100000,3.0
0.8907774,0.30000000000000004,3,0.08,100000,3.0
0.9031321,0.35000000000000003,3,0.08,100000,3.0
0.9127688,0.4,3,0.08,100000,3.0
0.92265666,0.45,3,0.08,100000,3.0
0.9358991,0.5,3,0.08,100000,3.0
0.94752985,0.55,3,0.08,100000,3.0
0.9582127,0.6000000000000001,3,0.08,100000,3.0
0.9670429,0.65,3,0.08,100000,3.0
0.976417,0.7000000000000001,3,0.08,100000,3.0
0.98426694,0.75,3,0.08,100000,3.0
0.99101216,0.8,3,0.08,100000,3.0
0.99447626,0.8500000000000001,3,0.08,100000,3.0
0.998303,0.9,3,0.08,100000,3.0
0.9997966,0.9500000000000001,3,0.08,100000,3.0
1.0,1.0,3,0.08,100000,3.0
0.0,0.0,4,0.08,100000,1.0
0.55553544,0.05,4,0.08,100000,1.0
0.82898444,0.1,4,0.08,100000,1.0
0.8681755,0.15000000000000002,4,0.08,100000,1.0
0.88672286,0.2,4,0.08,100000,1.0
0.89910614,0.25,4,0.08,100000,1.0
0.9132453,0.30000000000000004,4,0.08,100000,1.0
0.92116773,0.35000000000000003,4,0.08,100000,1.0
0.9271945,0.4,4,0.08,100000,1.0
0.9328049,0.45,4,0.08,100000,1.0
0.93990624,0.5,4,0.08,100000,1.0
0.9472624,0.55,4,0.08,100000,1.0
0.95414805,0.6000000000000001,4,0.08,100000,1.0
0.96247905,0.65,4,0.08,100000,1.0
0.9686809,0.7000000000000001,4,0.08,100000,1.0
0.97829026,0.75,4,0.08,100000,1.0
0.98507744,0.8,4,0.08,100000,1.0
0.991654,0.8500000000000001,4,0.08,100000,1.0
0.9965094,0.9,4,0.08,100000,1.0
0.9991328,0.9500000000000001,4,0.08,100000,1.0
1.0,1.0,4,0.08,100000,1.0
0.0,0.0,4,0.08,100000,2.0
0.5663994,0.05,4,0.08,100000,2.0
0.83402866,0.1,4,0.08,100000,2.0
0.84493196,0.15000000000000002,4,0.08,100000,2.0
0.85389036,0.2,4,0.08,100000,2.0
0.86527735,0.25,4,0.08,100000,2.0
0.8755242,0.30000000000000004,4,0.08,100000,2.0
0.88664895,0.35000000000000003,4,0.08,100000,2.0
0.8993391,0.4,4,0.08,100000,2.0
0.91151434,0.45,4,0.08,100000,2.0
0.9239073,0.5,4,0.08,100000,2.0
0.93571025,0.55,4,0.08,100000,2.0
0.94568235,0.6000000000000001,4,0.08,100000,2.0
0.95785797,0.65,4,0.08,100000,2.0
0.9699646,0.7000000000000001,4,0.08,100000,2.0
0.98024505,0.75,4,0.08,100000,2.0
0.9870077,0.8,4,0.08,100000,2.0
0.99370444,0.8500000000000001,4,0.08,100000,2.0
0.9978155,0.9,4,0.08,100000,2.0
0.9993468,0.9500000000000001,4,0.08,100000,2.0
1.0,1.0,4,0.08,100000,2.0
0.0,0.0,4,0.08,100000,3.0
0.565601,0.05,4,0.08,100000,3.0
0.8097253,0.1,4,0.08,100000,3.0
0.82244146,0.15000000000000002,4,0.08,100000,3.0
0.83487666,0.2,4,0.08,100000,3.0
0.84515876,0.25,4,0.08,100000,3.0
0.8588678,0.30000000000000004,4,0.08,100000,3.0
0.8732904,0.35000000000000003,4,0.08,100000,3.0
0.8896625,0.4,4,0.08,100000,3.0
0.9057231,0.45,4,0.08,100000,3.0
0.9214247,0.5,4,0.08,100000,3.0
0.93371075,0.55,4,0.08,100000,3.0
0.94723046,0.6000000000000001,4,0.08,100000,3.0
0.9609515,0.65,4,0.08,100000,3.0
0.9726033,0.7000000000000001,4,0.08,100000,3.0
0.98175526,0.75,4,0.08,100000,3.0
0.9874466,0.8,4,0.08,100000,3.0
0.9952242,0.8500000000000001,4,0.08,100000,3.0
0.9975964,0.9,4,0.08,100000,3.0
0.99912757,0.9500000000000001,4,0.08,100000,3.0
1.0,1.0,4,0.08,100000,3.0
0.0,0.0,5,0.08,100000,1.0
0.08755957,0.05,5,0.08,100000,1.0
0.13127172,0.1,5,0.08,100000,1.0
0.1623182,0.15000000000000002,5,0.08,100000,1.0
0.20038624,0.2,5,0.08,100000,1.0
0.24221073,0.25,5,0.08,100000,1.0
0.28389218,0.30000000000000004,5,0.08,100000,1.0
0.32401678,0.35000000000000003,5,0.08,100000,1.0
0.37566328,0.4,5,0.08,100000,1.0
0.4313688,0.45,5,0.08,100000,1.0
0.49501193,0.5,5,0.08,100000,1.0
0.5689695,0.55,5,0.08,100000,1.0
0.6410841,0.6000000000000001,5,0.08,100000,1.0
0.71295696,0.65,5,0.08,100000,1.0
0.7819382,0.7000000000000001,5,0.08,100000,1.0
0.84937066,0.75,5,0.08,100000,1.0
0.90110016,0.8,5,0.08,100000,1.0
0.9375897,0.8500000000000001,5,0.08,100000,1.0
0.96705425,0.9,5,0.08,100000,1.0
0.9889628,0.9500000000000001,5,0.08,100000,1.0
1.0,1.0,5,0.08,100000,1.0
0.0,0.0,5,0.08,100000,2.0
0.5175538,0.05,5,0.08,100000,2.0
0.69140065,0.1,5,0.08,100000,2.0
0.7353546,0.15000000000000002,5,0.08,100000,2.0
0.7618518,0.2,5,0.08,100000,2.0
0.78634244,0.25,5,0.08,100000,2.0
0.80706203,0.30000000000000004,5,0.08,100000,2.0
0.8252193,0.35000000000000003,5,0.08,100000,2.0
0.8461505,0.4,5,0.08,100000,2.0
0.8679938,0.45,5,0.08,100000,2.0
0.88653016,0.5,5,0.08,100000,2.0
0.9071937,0.55,5,0.08,100000,2.0
0.9258434,0.6000000000000001,5,0.08,100000,2.0
0.94381034,0.65,5,0.08,100000,2.0
0.958717,0.7000000000000001,5,0.08,100000,2.0
0.96884483,0.75,5,0.08,100000,2.0
0.98044705,0.8,5,0.08,100000,2.0
0.98850834,0.8500000000000001,5,0.08,100000,2.0
0.9937378,0.9,5,0.08,100000,2.0
0.998911,0.9500000000000001,5,0.08,100000,2.0
1.0,1.0,5,0.08,100000,2.0
0.0,0.0,5,0.08,100000,3.0
0.566187,0.05,5,0.08,100000,3.0
0.7597069,0.1,5,0.08,100000,3.0
0.78205526,0.15000000000000002,5,0.08,100000,3.0
0.79739994,0.2,5,0.08,100000,3.0
0.8106649,0.25,5,0.08,100000,3.0
0.8251049,0.30000000000000004,5,0.08,100000,3.0
0.84064704,0.35000000000000003,5,0.08,100000,3.0
0.8556897,0.4,5,0.08,100000,3.0
0.8696529,0.45,5,0.08,100000,3.0
0.88785493,0.5,5,0.08,100000,3.0
0.9056131,0.55,5,0.08,100000,3.0
0.9231304,0.6000000000000001,5,0.08,100000,3.0
0.9447444,0.65,5,0.08,100000,3.0
0.9604658,0.7000000000000001,5,0.08,100000,3.0
0.97316974,0.75,5,0.08,100000,3.0
0.9837083,0.8,5,0.08,100000,3.0
0.9911499,0.8500000000000001,5,0.08,100000,3.0
0.99673885,0.9,5,0.08,100000,3.0
0.99936515,0.9500000000000001,5,0.08,100000,3.0
1.0,1.0,5,0.08,100000,3.0
0.0,0.0,6,0.08,100000,1.0
0.09261461,0.05,6,0.08,100000,1.0
0.13310829,0.1,6,0.08,100000,1.0
0.1602516,0.15000000000000002,6,0.08,100000,1.0
0.18297085,0.2,6,0.08,100000,1.0
0.20325279,0.25,6,0.08,100000,1.0
0.22531205,0.30000000000000004,6,0.08,100000,1.0
0.2408681,0.35000000000000003,6,0.08,100000,1.0
0.26004937,0.4,6,0.08,100000,1.0
0.28042355,0.45,6,0.08,100000,1.0
0.30698624,0.5,6,0.08,100000,1.0
0.33188105,0.55,6,0.08,100000,1.0
0.35946357,0.6000000000000001,6,0.08,100000,1.0
0.39605382,0.65,6,0.08,100000,1.0
0.43872166,0.7000000000000001,6,0.08,100000,1.0
0.49000472,0.75,6,0.08,100000,1.0
0.5479878,0.8,6,0.08,100000,1.0
0.6033913,0.8500000000000001,6,0.08,100000,1.0
0.66883,0.9,6,0.08,100000,1.0
0.77217025,0.9500000000000001,6,0.08,100000,1.0
1.0,1.0,6,0.08,100000,1.0
0.0,0.0,6,0.08,100000,2.0
0.3737797,0.05,6,0.08,100000,2.0
0.5014093,0.1,6,0.08,100000,2.0
0.5652942,0.15000000000000002,6,0.08,100000,2.0
0.61372036,0.2,6,0.08,100000,2.0
0.6531988,0.25,6,0.08,100000,2.0
0.6900069,0.30000000000000004,6,0.08,100000,2.0
0.7264201,0.35000000000000003,6,0.08,100000,2.0
0.75805545,0.4,6,0.08,100000,2.0
0.7888252,0.45,6,0.08,100000,2.0
0.81380564,0.5,6,0.08,100000,2.0
0.8468656,0.55,6,0.08,100000,2.0
0.8718389,0.6000000000000001,6,0.08,100000,2.0
0.8990174,0.65,6,0.08,100000,2.0
0.9230033,0.7000000000000001,6,0.08,100000,2.0
0.94295317,0.75,6,0.08,100000,2.0
0.96123356,0.8,6,0.08,100000,2.0
0.97746927,0.8500000000000001,6,0.08,100000,2.0
0.98833776,0.9,6,0.08,100000,2.0
0.9945497,0.9500000000000001,6,0.08,100000,2.0
1.0,1.0,6,0.08,100000,2.0
0.0,0.0,6,0.08,100000,3.0
0.54522693,0.05,6,0.08,100000,3.0
0.79844564,0.1,6,0.08,100000,3.0
0.8157909,0.15000000000000002,6,0.08,100000,3.0
0.8307914,0.2,6,0.08,100000,3.0
0.84281826,0.25,6,0.08,100000,3.0
0.8529962,0.30000000000000004,6,0.08,100000,3.0
0.862699,0.35000000000000003,6,0.08,100000,3.0
0.8739411,0.4,6,0.08,100000,3.0
0.88537514,0.45,6,0.08,100000,3.0
0.8962916,0.5,6,0.08,100000,3.0
0.90487117,0.55,6,0.08,100000,3.0
0.9142193,0.6000000000000001,6,0.08,100000,3.0
0.92573065,0.65,6,0.08,100000,3.0
0.93768656,0.7000000000000001,6,0.08,100000,3.0
0.9528005,0.75,6,0.08,100000,3.0
0.9680714,0.8,6,0.08,100000,3.0
0.9829277,0.8500000000000001,6,0.08,100000,3.0
0.9944736,0.9,6,0.08,100000,3.0
0.9985466,0.9500000000000001,6,0.08,100000,3.0
1.0,1.0,6,0.08,100000,3.0
0.0,0.0,7,0.08,100000,1.0
0.3906663,0.05,7,0.08,100000,1.0
0.53115034,0.1,7,0.08,100000,1.0
0.6220007,0.15000000000000002,7,0.08,100000,1.0
0.68027276,0.2,7,0.08,100000,1.0
0.72246075,0.25,7,0.08,100000,1.0
0.7453254,0.30000000000000004,7,0.08,100000,1.0
0.7691412,0.35000000000000003,7,0.08,100000,1.0
0.7939449,0.4,7,0.08,100000,1.0
0.8112163,0.45,7,0.08,100000,1.0
0.83078194,0.5,7,0.08,100000,1.0
0.852999,0.55,7,0.08,100000,1.0
0.87542605,0.6000000000000001,7,0.08,100000,1.0
0.8925576,0.65,7,0.08,100000,1.0
0.9138736,0.7000000000000001,7,0.08,100000,1.0
0.93180394,0.75,7,0.08,100000,1.0
0.94716614,0.8,7,0.08,100000,1.0
0.96312445,0.8500000000000001,7,0.08,100000,1.0
0.9759063,0.9,7,0.08,100000,1.0
0.98805,0.9500000000000001,7,0.08,100000,1.0
1.0,1.0,7,0.08,100000,1.0
0.0,0.0,7,0.08,100000,2.0
0.39340383,0.05,7,0.08,100000,2.0
0.6966109,0.1,7,0.08,100000,2.0
0.7607022,0.15000000000000002,7,0.08,100000,2.0
0.79134196,0.2,7,0.08,100000,2.0
0.81065375,0.25,7,0.08,100000,2.0
0.8299481,0.30000000000000004,7,0.08,100000,2.0
0.8440879,0.35000000000000003,7,0.08,100000,2.0
0.85670894,0.4,7,0.08,100000,2.0
0.8689584,0.45,7,0.08,100000,2.0
0.8779804,0.5,7,0.08,100000,2.0
0.8924653,0.55,7,0.08,100000,2.0
0.9067983,0.6000000000000001,7,0.08,100000,2.0
0.92440045,0.65,7,0.08,100000,2.0
0.945532,0.7000000000000001,7,0.08,100000,2.0
0.96471286,0.75,7,0.08,100000,2.0
0.9813948,0.8,7,0.08,100000,2.0
0.99102324,0.8500000000000001,7,0.08,100000,2.0
0.99466676,0.9,7,0.08,100000,2.0
0.9984861,0.9500000000000001,7,0.08,100000,2.0
1.0,1.0,7,0.08,100000,2.0
0.0,0.0,7,0.08,100000,3.0
0.5386747,0.05,7,0.08,100000,3.0
0.84151775,0.1,7,0.08,100000,3.0
0.85211205,0.15000000000000002,7,0.08,100000,3.0
0.8602774,0.2,7,0.08,100000,3.0
0.8645557,0.25,7,0.08,100000,3.0
0.870377,0.30000000000000004,7,0.08,100000,3.0
0.8748479,0.35000000000000003,7,0.08,100000,3.0
0.8811293,0.4,7,0.08,100000,3.0
0.88849473,0.45,7,0.08,100000,3.0
0.89797246,0.5,7,0.08,100000,3.0
0.9090571,0.55,7,0.08,100000,3.0
0.92513514,0.6000000000000001,7,0.08,100000,3.0
0.94369316,0.65,7,0.08,100000,3.0
0.9625351,0.7000000000000001,7,0.08,100000,3.0
0.9764045,0.75,7,0.08,100000,3.0
0.98681915,0.8,7,0.08,100000,3.0
0.99377215,0.8500000000000001,7,0.08,100000,3.0
0.9978565,0.9,7,0.08,100000,3.0
0.9995733,0.9500000000000001,7,0.08,100000,3.0
1.0,1.0,7,0.08,100000,3.0
0.0002263927,0.0,8,0.08,100000,1.0
0.07756616,0.05,8,0.08,100000,1.0
0.10677272,0.1,8,0.08,100000,1.0
0.1298476,0.15000000000000002,8,0.08,100000,1.0
0.15144733,0.2,8,0.08,100000,1.0
0.1695083,0.25,8,0.08,100000,1.0
0.18636422,0.30000000000000004,8,0.08,100000,1.0
0.20380832,0.35000000000000003,8,0.08,100000,1.0
0.21553347,0.4,8,0.08,100000,1.0
0.22864747,0.45,8,0.08,100000,1.0
0.23842944,0.5,8,0.08,100000,1.0
0.25360247,0.55,8,0.08,100000,1.0
0.27092367,0.6000000000000001,8,0.08,100000,1.0
0.28578752,0.65,8,0.08,100000,1.0
0.30636537,0.7000000000000001,8,0.08,100000,1.0
0.3321369,0.75,8,0.08,100000,1.0
0.372398,0.8,8,0.08,100000,1.0
0.44707653,0.8500000000000001,8,0.08,100000,1.0
0.63276327,0.9,8,0.08,100000,1.0
0.8979945,0.9500000000000001,8,0.08,100000,1.0
1.0,1.0,8,0.08,100000,1.0
0.00022989814,0.0,8,0.08,100000,2.0
0.18117797,0.05,8,0.08,100000,2.0
0.2037351,0.1,8,0.08,100000,2.0
0.21902427,0.15000000000000002,8,0.08,100000,2.0
0.23315182,0.2,8,0.08,100000,2.0
0.24749227,0.25,8,0.08,100000,2.0
0.26248065,0.30000000000000004,8,0.08,100000,2.0
0.28550655,0.35000000000000003,8,0.08,100000,2.0
0.30793768,0.4,8,0.08,100000,2.0
0.3347982,0.45,8,0.08,100000,2.0
0.3658486,0.5,8,0.08,100000,2.0
0.40232667,0.55,8,0.08,100000,2.0
0.44006827,0.6000000000000001,8,0.08,100000,2.0
0.47693506,0.65,8,0.08,100000,2.0
0.5126872,0.7000000000000001,8,0.08,100000,2.0
0.54906535,0.75,8,0.08,100000,2.0
0.6058729,0.8,8,0.08,100000,2.0
0.68484956,0.8500000000000001,8,0.08,100000,2.0
0.83044636,0.9,8,0.08,100000,2.0
0.9950984,0.9500000000000001,8,0.08,100000,2.0
1.0,1.0,8,0.08,100000,2.0
0.00022958606,0.0,8,0.08,100000,3.0
0.3708653,0.05,8,0.08,100000,3.0
0.49811086,0.1,8,0.08,100000,3.0
0.605122,0.15000000000000002,8,0.08,100000,3.0
0.71861476,0.2,8,0.08,100000,3.0
0.8248443,0.25,8,0.08,100000,3.0
0.8643824,0.30000000000000004,8,0.08,100000,3.0
0.8775614,0.35000000000000003,8,0.08,100000,3.0
0.8910651,0.4,8,0.08,100000,3.0
0.90646464,0.45,8,0.08,100000,3.0
0.92082256,0.5,8,0.08,100000,3.0
0.9383904,0.55,8,0.08,100000,3.0
0.9548038,0.6000000000000001,8,0.08,100000,3.0
0.9669765,0.65,8,0.08,100000,3.0
0.977734,0.7000000000000001,8,0.08,100000,3.0
0.984186,0.75,8,0.08,100000,3.0
0.9902131,0.8,8,0.08,100000,3.0
0.99666625,0.8500000000000001,8,0.08,100000,3.0
0.99940556,0.9,8,0.08,100000,3.0
1.0,0.9500000000000001,8,0.08,100000,3.0
1.0,1.0,8,0.08,100000,3.0
0.0002551041,0.0,9,0.08,100000,1.0
0.50663656,0.05,9,0.08,100000,1.0
0.6749172,0.1,9,0.08,100000,1.0
0.72732913,0.15000000000000002,9,0.08,100000,1.0
0.7463546,0.2,9,0.08,100000,1.0
0.7638347,0.25,9,0.08,100000,1.0
0.78524005,0.30000000000000004,9,0.08,100000,1.0
0.8071424,0.35000000000000003,9,0.08,100000,1.0
0.82450587,0.4,9,0.08,100000,1.0
0.8442096,0.45,9,0.08,100000,1.0
0.86161584,0.5,9,0.08,100000,1.0
0.8781763,0.55,9,0.08,100000,1.0
0.89888734,0.6000000000000001,9,0.08,100000,1.0
0.9171569,0.65,9,0.08,100000,1.0
0.9370451,0.7000000000000001,9,0.08,100000,1.0
0.9512751,0.75,9,0.08,100000,1.0
0.9658545,0.8,9,0.08,100000,1.0
0.9789062,0.8500000000000001,9,0.08,100000,1.0
0.9885853,0.9,9,0.08,100000,1.0
0.9960747,0.9500000000000001,9,0.08,100000,1.0
0.9998264,1.0,9,0.08,100000,1.0
0.0002551041,0.0,9,0.08,100000,2.0
0.5595612,0.05,9,0.08,100000,2.0
0.78940046,0.1,9,0.08,100000,2.0
0.8263418,0.15000000000000002,9,0.08,100000,2.0
0.8472343,0.2,9,0.08,100000,2.0
0.8634625,0.25,9,0.08,100000,2.0
0.8734677,0.30000000000000004,9,0.08,100000,2.0
0.8853693,0.35000000000000003,9,0.08,100000,2.0
0.8949406,0.4,9,0.08,100000,2.0
0.9073257,0.45,9,0.08,100000,2.0
0.9162151,0.5,9,0.08,100000,2.0
0.93214494,0.55,9,0.08,100000,2.0
0.94391954,0.6000000000000001,9,0.08,100000,2.0
0.95628864,0.65,9,0.08,100000,2.0
0.96700287,0.7000000000000001,9,0.08,100000,2.0
0.97632706,0.75,9,0.08,100000,2.0
0.98407054,0.8,9,0.08,100000,2.0
0.9905524,0.8500000000000001,9,0.08,100000,2.0
0.9952688,0.9,9,0.08,100000,2.0
0.99806607,0.9500000000000001,9,0.08,100000,2.0
1.0,1.0,9,0.08,100000,2.0
0.0002551041,0.0,9,0.08,100000,3.0
0.5593123,0.05,9,0.08,100000,3.0
0.7999602,0.1,9,0.08,100000,3.0
0.82941586,0.15000000000000002,9,0.08,100000,3.0
0.84871095,0.2,9,0.08,100000,3.0
0.86363065,0.25,9,0.08,100000,3.0
0.8767909,0.30000000000000004,9,0.08,100000,3.0
0.8892902,0.35000000000000003,9,0.08,100000,3.0
0.9039039,0.4,9,0.08,100000,3.0
0.91416675,0.45,9,0.08,100000,3.0
0.92761403,0.5,9,0.08,100000,3.0
0.9413584,0.55,9,0.08,100000,3.0
0.9521703,0.6000000000000001,9,0.08,100000,3.0
0.9639563,0.65,9,0.08,100000,3.0
0.9734891,0.7000000000000001,9,0.08,100000,3.0
0.9817292,0.75,9,0.08,100000,3.0
0.98838305,0.8,9,0.08,100000,3.0
0.9929265,0.8500000000000001,9,0.08,100000,3.0
0.9970228,0.9,9,0.08,100000,3.0
0.99892366,0.9500000000000001,9,0.08,100000,3.0
1.0,1.0,9,0.08,100000,3.0
0.00017762024,0.0,0,0.09,100000,1.0
0.3131499,0.05,0,0.09,100000,1.0
0.43777,0.1,0,0.09,100000,1.0
0.5417512,0.15000000000000002,0,0.09,100000,1.0
0.6173961,0.2,0,0.09,100000,1.0
0.6708473,0.25,0,0.09,100000,1.0
0.709139,0.30000000000000004,0,0.09,100000,1.0
0.7388447,0.35000000000000003,0,0.09,100000,1.0
0.7624224,0.4,0,0.09,100000,1.0
0.7839256,0.45,0,0.09,100000,1.0
0.8030174,0.5,0,0.09,100000,1.0
0.8198769,0.55,0,0.09,100000,1.0
0.83430636,0.6000000000000001,0,0.09,100000,1.0
0.85028285,0.65,0,0.09,100000,1.0
0.8697237,0.7000000000000001,0,0.09,100000,1.0
0.8874601,0.75,0,0.09,100000,1.0
0.9057966,0.8,0,0.09,100000,1.0
0.92650366,0.8500000000000001,0,0.09,100000,1.0
0.9442467,0.9,0,0.09,100000,1.0
0.96708894,0.9500000000000001,0,0.09,100000,1.0
1.0,1.0,0,0.09,100000,1.0
0.0,0.0,0,0.09,100000,2.0
0.33059776,0.05,0,0.09,100000,2.0
0.4314596,0.1,0,0.09,100000,2.0
0.5182182,0.15000000000000002,0,0.09,100000,2.0
0.5945336,0.2,0,0.09,100000,2.0
0.6737646,0.25,0,0.09,100000,2.0
0.7344977,0.30000000000000004,0,0.09,100000,2.0
0.78048265,0.35000000000000003,0,0.09,100000,2.0
0.81505036,0.4,0,0.09,100000,2.0
0.8422311,0.45,0,0.09,100000,2.0
0.86535645,0.5,0,0.09,100000,2.0
0.8895444,0.55,0,0.09,100000,2.0
0.9103012,0.6000000000000001,0,0.09,100000,2.0
0.93252355,0.65,0,0.09,100000,2.0
0.955211,0.7000000000000001,0,0.09,100000,2.0
0.972156,0.75,0,0.09,100000,2.0
0.9840089,0.8,0,0.09,100000,2.0
0.9951612,0.8500000000000001,0,0.09,100000,2.0
0.9992233,0.9,0,0.09,100000,2.0
1.0,0.9500000000000001,0,0.09,100000,2.0
1.0,1.0,0,0.09,100000,2.0
0.00019674738,0.0,0,0.09,100000,3.0
0.47982064,0.05,0,0.09,100000,3.0
0.8076665,0.1,0,0.09,100000,3.0
0.8299503,0.15000000000000002,0,0.09,100000,3.0
0.84881127,0.2,0,0.09,100000,3.0
0.8640949,0.25,0,0.09,100000,3.0
0.87665176,0.30000000000000004,0,0.09,100000,3.0
0.8901753,0.35000000000000003,0,0.09,100000,3.0
0.903653,0.4,0,0.09,100000,3.0
0.9202025,0.45,0,0.09,100000,3.0
0.9308963,0.5,0,0.09,100000,3.0
0.9428776,0.55,0,0.09,100000,3.0
0.9524596,0.6000000000000001,0,0.09,100000,3.0
0.964361,0.65,0,0.09,100000,3.0
0.97604614,0.7000000000000001,0,0.09,100000,3.0
0.98323005,0.75,0,0.09,100000,3.0
0.9923207,0.8,0,0.09,100000,3.0
0.9974604,0.8500000000000001,0,0.09,100000,3.0
0.9994303,0.9,0,0.09,100000,3.0
1.0,0.9500000000000001,0,0.09,100000,3.0
1.0,1.0,0,0.09,100000,3.0
0.0,0.0,1,0.09,100000,1.0
0.40313646,0.05,1,0.09,100000,1.0
0.719149,0.1,1,0.09,100000,1.0
0.79227954,0.15000000000000002,1,0.09,100000,1.0
0.8207429,0.2,1,0.09,100000,1.0
0.84019214,0.25,1,0.09,100000,1.0
0.8548506,0.30000000000000004,1,0.09,100000,1.0
0.86696196,0.35000000000000003,1,0.09,100000,1.0
0.8795094,0.4,1,0.09,100000,1.0
0.8910497,0.45,1,0.09,100000,1.0
0.90386325,0.5,1,0.09,100000,1.0
0.91424316,0.55,1,0.09,100000,1.0
0.92623144,0.6000000000000001,1,0.09,100000,1.0
0.93740505,0.65,1,0.09,100000,1.0
0.9454941,0.7000000000000001,1,0.09,100000,1.0
0.95601285,0.75,1,0.09,100000,1.0
0.9634406,0.8,1,0.09,100000,1.0
0.9745608,0.8500000000000001,1,0.09,100000,1.0
0.9839375,0.9,1,0.09,100000,1.0
0.99222803,0.9500000000000001,1,0.09,100000,1.0
1.0,1.0,1,0.09,100000,1.0
0.0002002624,0.0,1,0.09,100000,2.0
0.51513547,0.05,1,0.09,100000,2.0
0.8277633,0.1,1,0.09,100000,2.0
0.85270315,0.15000000000000002,1,0.09,100000,2.0
0.8659715,0.2,1,0.09,100000,2.0
0.88168025,0.25,1,0.09,100000,2.0
0.89272475,0.30000000000000004,1,0.09,100000,2.0
0.902672,0.35000000000000003,1,0.09,100000,2.0
0.91130215,0.4,1,0.09,100000,2.0
0.9227757,0.45,1,0.09,100000,2.0
0.93313587,0.5,1,0.09,100000,2.0
0.9416318,0.55,1,0.09,100000,2.0
0.9511234,0.6000000000000001,1,0.09,100000,2.0
0.96025306,0.65,1,0.09,100000,2.0
0.96774536,0.7000000000000001,1,0.09,100000,2.0
0.97331244,0.75,1,0.09,100000,2.0
0.98101866,0.8,1,0.09,100000,2.0
0.9865339,0.8500000000000001,1,0.09,100000,2.0
0.99177146,0.9,1,0.09,100000,2.0
0.99697995,0.9500000000000001,1,0.09,100000,2.0
1.0,1.0,1,0.09,100000,2.0
0.00018916877,0.0,1,0.09,100000,3.0
0.5171444,0.05,1,0.09,100000,3.0
0.8259812,0.1,1,0.09,100000,3.0
0.8537426,0.15000000000000002,1,0.09,100000,3.0
0.86825347,0.2,1,0.09,100000,3.0
0.8841529,0.25,1,0.09,100000,3.0
0.89449126,0.30000000000000004,1,0.09,100000,3.0
0.9050383,0.35000000000000003,1,0.09,100000,3.0
0.91525006,0.4,1,0.09,100000,3.0
0.92726064,0.45,1,0.09,100000,3.0
0.93821186,0.5,1,0.09,100000,3.0
0.94905585,0.55,1,0.09,100000,3.0
0.9581652,0.6000000000000001,1,0.09,100000,3.0
0.96868,0.65,1,0.09,100000,3.0
0.97485405,0.7000000000000001,1,0.09,100000,3.0
0.98137975,0.75,1,0.09,100000,3.0
0.98613983,0.8,1,0.09,100000,3.0
0.9902143,0.8500000000000001,1,0.09,100000,3.0
0.99525857,0.9,1,0.09,100000,3.0
0.9975484,0.9500000000000001,1,0.09,100000,3.0
1.0,1.0,1,0.09,100000,3.0
0.0,0.0,2,0.09,100000,1.0
0.5137691,0.05,2,0.09,100000,1.0
0.8128504,0.1,2,0.09,100000,1.0
0.8705106,0.15000000000000002,2,0.09,100000,1.0
0.89912975,0.2,2,0.09,100000,1.0
0.91100794,0.25,2,0.09,100000,1.0
0.9202993,0.30000000000000004,2,0.09,100000,1.0
0.9288497,0.35000000000000003,2,0.09,100000,1.0
0.9363686,0.4,2,0.09,100000,1.0
0.9430484,0.45,2,0.09,100000,1.0
0.9492059,0.5,2,0.09,100000,1.0
0.95549595,0.55,2,0.09,100000,1.0
0.9602142,0.6000000000000001,2,0.09,100000,1.0
0.9658944,0.65,2,0.09,100000,1.0
0.9720161,0.7000000000000001,2,0.09,100000,1.0
0.9781255,0.75,2,0.09,100000,1.0
0.98417944,0.8,2,0.09,100000,1.0
0.98906046,0.8500000000000001,2,0.09,100000,1.0
0.99273133,0.9,2,0.09,100000,1.0
0.995782,0.9500000000000001,2,0.09,100000,1.0
1.0,1.0,2,0.09,100000,1.0
0.0001984101,0.0,2,0.09,100000,2.0
0.51473665,0.05,2,0.09,100000,2.0
0.8184833,0.1,2,0.09,100000,2.0
0.86343896,0.15000000000000002,2,0.09,100000,2.0
0.88178486,0.2,2,0.09,100000,2.0
0.8959229,0.25,2,0.09,100000,2.0
0.9064278,0.30000000000000004,2,0.09,100000,2.0
0.9151669,0.35000000000000003,2,0.09,100000,2.0
0.92216855,0.4,2,0.09,100000,2.0
0.9303191,0.45,2,0.09,100000,2.0
0.93968165,0.5,2,0.09,100000,2.0
0.9481429,0.55,2,0.09,100000,2.0
0.95557374,0.6000000000000001,2,0.09,100000,2.0
0.9638624,0.65,2,0.09,100000,2.0
0.97108376,0.7000000000000001,2,0.09,100000,2.0
0.9783182,0.75,2,0.09,100000,2.0
0.98535097,0.8,2,0.09,100000,2.0
0.9917452,0.8500000000000001,2,0.09,100000,2.0
0.9952105,0.9,2,0.09,100000,2.0
0.9981132,0.9500000000000001,2,0.09,100000,2.0
1.0,1.0,2,0.09,100000,2.0
0.0,0.0,2,0.09,100000,3.0
0.5147418,0.05,2,0.09,100000,3.0
0.8043068,0.1,2,0.09,100000,3.0
0.83292747,0.15000000000000002,2,0.09,100000,3.0
0.8493812,0.2,2,0.09,100000,3.0
0.8618193,0.25,2,0.09,100000,3.0
0.8747342,0.30000000000000004,2,0.09,100000,3.0
0.8854783,0.35000000000000003,2,0.09,100000,3.0
0.89697707,0.4,2,0.09,100000,3.0
0.91084737,0.45,2,0.09,100000,3.0
0.9222185,0.5,2,0.09,100000,3.0
0.93556476,0.55,2,0.09,100000,3.0
0.9476355,0.6000000000000001,2,0.09,100000,3.0
0.95959777,0.65,2,0.09,100000,3.0
0.9720141,0.7000000000000001,2,0.09,100000,3.0
0.98064685,0.75,2,0.09,100000,3.0
0.98628646,0.8,2,0.09,100000,3.0
0.9936536,0.8500000000000001,2,0.09,100000,3.0
0.9961862,0.9,2,0.09,100000,3.0
0.9994487,0.9500000000000001,2,0.09,100000,3.0
1.0,1.0,2,0.09,100000,3.0
0.0,0.0,3,0.09,100000,1.0
0.45878506,0.05,3,0.09,100000,1.0
0.7389342,0.1,3,0.09,100000,1.0
0.78774065,0.15000000000000002,3,0.09,100000,1.0
0.81238973,0.2,3,0.09,100000,1.0
0.8276413,0.25,3,0.09,100000,1.0
0.83999294,0.30000000000000004,3,0.09,100000,1.0
0.85331947,0.35000000000000003,3,0.09,100000,1.0
0.8646404,0.4,3,0.09,100000,1.0
0.8739519,0.45,3,0.09,100000,1.0
0.8825688,0.5,3,0.09,100000,1.0
0.8923519,0.55,3,0.09,100000,1.0
0.9006354,0.6000000000000001,3,0.09,100000,1.0
0.90926063,0.65,3,0.09,100000,1.0
0.91808194,0.7000000000000001,3,0.09,100000,1.0
0.9256647,0.75,3,0.09,100000,1.0
0.9345749,0.8,3,0.09,100000,1.0
0.9469392,0.8500000000000001,3,0.09,100000,1.0
0.95537156,0.9,3,0.09,100000,1.0
0.967082,0.9500000000000001,3,0.09,100000,1.0
0.99979764,1.0,3,0.09,100000,1.0
0.00021708479,0.0,3,0.09,100000,2.0
0.50999445,0.05,3,0.09,100000,2.0
0.832685,0.1,3,0.09,100000,2.0
0.8572799,0.15000000000000002,3,0.09,100000,2.0
0.8641534,0.2,3,0.09,100000,2.0
0.87093145,0.25,3,0.09,100000,2.0
0.87705636,0.30000000000000004,3,0.09,100000,2.0
0.8852983,0.35000000000000003,3,0.09,100000,2.0
0.8947607,0.4,3,0.09,100000,2.0
0.9066062,0.45,3,0.09,100000,2.0
0.9164357,0.5,3,0.09,100000,2.0
0.92612404,0.55,3,0.09,100000,2.0
0.9370132,0.6000000000000001,3,0.09,100000,2.0
0.948625,0.65,3,0.09,100000,2.0
0.9593824,0.7000000000000001,3,0.09,100000,2.0
0.9736297,0.75,3,0.09,100000,2.0
0.9829566,0.8,3,0.09,100000,2.0
0.9900717,0.8500000000000001,3,0.09,100000,2.0
0.9956153,0.9,3,0.09,100000,2.0
0.99866766,0.9500000000000001,3,0.09,100000,2.0
1.0,1.0,3,0.09,100000,2.0
0.00022698357,0.0,3,0.09,100000,3.0
0.5109036,0.05,3,0.09,100000,3.0
0.82886916,0.1,3,0.09,100000,3.0
0.84517264,0.15000000000000002,3,0.09,100000,3.0
0.8526074,0.2,3,0.09,100000,3.0
0.8584074,0.25,3,0.09,100000,3.0
0.86607003,0.30000000000000004,3,0.09,100000,3.0
0.8753376,0.35000000000000003,3,0.09,100000,3.0
0.88481796,0.4,3,0.09,100000,3.0
0.8955171,0.45,3,0.09,100000,3.0
0.91010916,0.5,3,0.09,100000,3.0
0.9238523,0.55,3,0.09,100000,3.0
0.93751717,0.6000000000000001,3,0.09,100000,3.0
0.95239294,0.65,3,0.09,100000,3.0
0.967869,0.7000000000000001,3,0.09,100000,3.0
0.98076904,0.75,3,0.09,100000,3.0
0.9898348,0.8,3,0.09,100000,3.0
0.99503493,0.8500000000000001,3,0.09,100000,3.0
0.99770516,0.9,3,0.09,100000,3.0
0.99924487,0.9500000000000001,3,0.09,100000,3.0
1.0,1.0,3,0.09,100000,3.0
0.0,0.0,4,0.09,100000,1.0
0.48017943,0.05,4,0.09,100000,1.0
0.80879635,0.1,4,0.09,100000,1.0
0.86284494,0.15000000000000002,4,0.09,100000,1.0
0.88577324,0.2,4,0.09,100000,1.0
0.89908373,0.25,4,0.09,100000,1.0
0.90912557,0.30000000000000004,4,0.09,100000,1.0
0.91731673,0.35000000000000003,4,0.09,100000,1.0
0.9240746,0.4,4,0.09,100000,1.0
0.9337578,0.45,4,0.09,100000,1.0
0.94317776,0.5,4,0.09,100000,1.0
0.95026827,0.55,4,0.09,100000,1.0
0.95672333,0.6000000000000001,4,0.09,100000,1.0
0.96374583,0.65,4,0.09,100000,1.0
0.9700223,0.7000000000000001,4,0.09,100000,1.0
0.97603256,0.75,4,0.09,100000,1.0
0.9812421,0.8,4,0.09,100000,1.0
0.9855129,0.8500000000000001,4,0.09,100000,1.0
0.99132353,0.9,4,0.09,100000,1.0
0.9957506,0.9500000000000001,4,0.09,100000,1.0
1.0,1.0,4,0.09,100000,1.0
0.00022513632,0.0,4,0.09,100000,2.0
0.5204569,0.05,4,0.09,100000,2.0
0.83066654,0.1,4,0.09,100000,2.0
0.8705933,0.15000000000000002,4,0.09,100000,2.0
0.8935602,0.2,4,0.09,100000,2.0
0.90718865,0.25,4,0.09,100000,2.0
0.91734713,0.30000000000000004,4,0.09,100000,2.0
0.9266664,0.35000000000000003,4,0.09,100000,2.0
0.9351395,0.4,4,0.09,100000,2.0
0.94238573,0.45,4,0.09,100000,2.0
0.9498832,0.5,4,0.09,100000,2.0
0.95635974,0.55,4,0.09,100000,2.0
0.9641882,0.6000000000000001,4,0.09,100000,2.0
0.9707832,0.65,4,0.09,100000,2.0
0.9756406,0.7000000000000001,4,0.09,100000,2.0
0.9822721,0.75,4,0.09,100000,2.0
0.98708403,0.8,4,0.09,100000,2.0
0.99283385,0.8500000000000001,4,0.09,100000,2.0
0.99593955,0.9,4,0.09,100000,2.0
0.99980897,0.9500000000000001,4,0.09,100000,2.0
1.0,1.0,4,0.09,100000,2.0
0.0,0.0,4,0.09,100000,3.0
0.5204092,0.05,4,0.09,100000,3.0
0.8317967,0.1,4,0.09,100000,3.0
0.8622003,0.15000000000000002,4,0.09,100000,3.0
0.87531686,0.2,4,0.09,100000,3.0
0.885837,0.25,4,0.09,100000,3.0
0.8946156,0.30000000000000004,4,0.09,100000,3.0
0.9051892,0.35000000000000003,4,0.09,100000,3.0
0.9137766,0.4,4,0.09,100000,3.0
0.9219006,0.45,4,0.09,100000,3.0
0.93159527,0.5,4,0.09,100000,3.0
0.94027853,0.55,4,0.09,100000,3.0
0.9502472,0.6000000000000001,4,0.09,100000,3.0
0.95950085,0.65,4,0.09,100000,3.0
0.9716083,0.7000000000000001,4,0.09,100000,3.0
0.981678,0.75,4,0.09,100000,3.0
0.9882764,0.8,4,0.09,100000,3.0
0.99381846,0.8500000000000001,4,0.09,100000,3.0
0.9974847,0.9,4,0.09,100000,3.0
0.99980897,0.9500000000000001,4,0.09,100000,3.0
1.0,1.0,4,0.09,100000,3.0
0.0,0.0,5,0.09,100000,1.0
0.20379297,0.05,5,0.09,100000,1.0
0.27415785,0.1,5,0.09,100000,1.0
0.33802927,0.15000000000000002,5,0.09,100000,1.0
0.4071431,0.2,5,0.09,100000,1.0
0.474195,0.25,5,0.09,100000,1.0
0.53761125,0.30000000000000004,5,0.09,100000,1.0
0.6001064,0.35000000000000003,5,0.09,100000,1.0
0.66622776,0.4,5,0.09,100000,1.0
0.7237587,0.45,5,0.09,100000,1.0
0.7712272,0.5,5,0.09,100000,1.0
0.8110548,0.55,5,0.09,100000,1.0
0.84742904,0.6000000000000001,5,0.09,100000,1.0
0.8745859,0.65,5,0.09,100000,1.0
0.90551823,0.7000000000000001,5,0.09,100000,1.0
0.92773104,0.75,5,0.09,100000,1.0
0.9453715,0.8,5,0.09,100000,1.0
0.95904773,0.8500000000000001,5,0.09,100000,1.0
0.97206086,0.9,5,0.09,100000,1.0
0.9810114,0.9500000000000001,5,0.09,100000,1.0
1.0,1.0,5,0.09,100000,1.0
0.0,0.0,5,0.09,100000,2.0
0.50520897,0.05,5,0.09,100000,2.0
0.8481283,0.1,5,0.09,100000,2.0
0.86230594,0.15000000000000002,5,0.09,100000,2.0
0.8734533,0.2,5,0.09,100000,2.0
0.88418895,0.25,5,0.09,100000,2.0
0.8969094,0.30000000000000004,5,0.09,100000,2.0
0.91001546,0.35000000000000003,5,0.09,100000,2.0
0.9204835,0.4,5,0.09,100000,2.0
0.9303953,0.45,5,0.09,100000,2.0
0.93975157,0.5,5,0.09,100000,2.0
0.946972,0.55,5,0.09,100000,2.0
0.95560735,0.6000000000000001,5,0.09,100000,2.0
0.96311575,0.65,5,0.09,100000,2.0
0.9705511,0.7000000000000001,5,0.09,100000,2.0
0.9745341,0.75,5,0.09,100000,2.0
0.979461,0.8,5,0.09,100000,2.0
0.98491627,0.8500000000000001,5,0.09,100000,2.0
0.98944813,0.9,5,0.09,100000,2.0
0.99455017,0.9500000000000001,5,0.09,100000,2.0
1.0,1.0,5,0.09,100000,2.0
0.0,0.0,5,0.09,100000,3.0
0.5209513,0.05,5,0.09,100000,3.0
0.8363987,0.1,5,0.09,100000,3.0
0.8525349,0.15000000000000002,5,0.09,100000,3.0
0.8615518,0.2,5,0.09,100000,3.0
0.87271625,0.25,5,0.09,100000,3.0
0.8854748,0.30000000000000004,5,0.09,100000,3.0
0.89812565,0.35000000000000003,5,0.09,100000,3.0
0.91089237,0.4,5,0.09,100000,3.0
0.9230447,0.45,5,0.09,100000,3.0
0.9337698,0.5,5,0.09,100000,3.0
0.94163364,0.55,5,0.09,100000,3.0
0.9518516,0.6000000000000001,5,0.09,100000,3.0
0.96200484,0.65,5,0.09,100000,3.0
0.97098595,0.7000000000000001,5,0.09,100000,3.0
0.9777321,0.75,5,0.09,100000,3.0
0.98478055,0.8,5,0.09,100000,3.0
0.9916593,0.8500000000000001,5,0.09,100000,3.0
0.99534607,0.9,5,0.09,100000,3.0
0.99713093,0.9500000000000001,5,0.09,100000,3.0
1.0,1.0,5,0.09,100000,3.0
0.0,0.0,6,0.09,100000,1.0
0.024747891,0.05,6,0.09,100000,1.0
0.041209064,0.1,6,0.09,100000,1.0
0.06147017,0.15000000000000002,6,0.09,100000,1.0
0.09197771,0.2,6,0.09,100000,1.0
0.12868407,0.25,6,0.09,100000,1.0
0.17345074,0.30000000000000004,6,0.09,100000,1.0
0.22301959,0.35000000000000003,6,0.09,100000,1.0
0.27181834,0.4,6,0.09,100000,1.0
0.3184954,0.45,6,0.09,100000,1.0
0.37040183,0.5,6,0.09,100000,1.0
0.425334,0.55,6,0.09,100000,1.0
0.48069233,0.6000000000000001,6,0.09,100000,1.0
0.5408855,0.65,6,0.09,100000,1.0
0.59786445,0.7000000000000001,6,0.09,100000,1.0
0.65632457,0.75,6,0.09,100000,1.0
0.7153601,0.8,6,0.09,100000,1.0
0.78029585,0.8500000000000001,6,0.09,100000,1.0
0.8446401,0.9,6,0.09,100000,1.0
0.92505646,0.9500000000000001,6,0.09,100000,1.0
1.0,1.0,6,0.09,100000,1.0
0.0,0.0,6,0.09,100000,2.0
0.19197232,0.05,6,0.09,100000,2.0
0.30397537,0.1,6,0.09,100000,2.0
0.4116383,0.15000000000000002,6,0.09,100000,2.0
0.5330433,0.2,6,0.09,100000,2.0
0.6456824,0.25,6,0.09,100000,2.0
0.7420155,0.30000000000000004,6,0.09,100000,2.0
0.8093638,0.35000000000000003,6,0.09,100000,2.0
0.8493762,0.4,6,0.09,100000,2.0
0.87886167,0.45,6,0.09,100000,2.0
0.90169334,0.5,6,0.09,100000,2.0
0.920799,0.55,6,0.09,100000,2.0
0.9358462,0.6000000000000001,6,0.09,100000,2.0
0.949929,0.65,6,0.09,100000,2.0
0.9594497,0.7000000000000001,6,0.09,100000,2.0
0.96740645,0.75,6,0.09,100000,2.0
0.9736214,0.8,6,0.09,100000,2.0
0.9820671,0.8500000000000001,6,0.09,100000,2.0
0.9887929,0.9,6,0.09,100000,2.0
0.9945123,0.9500000000000001,6,0.09,100000,2.0
1.0,1.0,6,0.09,100000,2.0
0.0,0.0,6,0.09,100000,3.0
0.4910189,0.05,6,0.09,100000,3.0
0.7775001,0.1,6,0.09,100000,3.0
0.79791987,0.15000000000000002,6,0.09,100000,3.0
0.81124693,0.2,6,0.09,100000,3.0
0.8260237,0.25,6,0.09,100000,3.0
0.8451632,0.30000000000000004,6,0.09,100000,3.0
0.86184675,0.35000000000000003,6,0.09,100000,3.0
0.8803933,0.4,6,0.09,100000,3.0
0.8999976,0.45,6,0.09,100000,3.0
0.91487557,0.5,6,0.09,100000,3.0
0.9299215,0.55,6,0.09,100000,3.0
0.94578606,0.6000000000000001,6,0.09,100000,3.0
0.9567567,0.65,6,0.09,100000,3.0
0.96684134,0.7000000000000001,6,0.09,100000,3.0
0.9746823,0.75,6,0.09,100000,3.0
0.9829407,0.8,6,0.09,100000,3.0
0.9893491,0.8500000000000001,6,0.09,100000,3.0
0.9937651,0.9,6,0.09,100000,3.0
0.99753016,0.9500000000000001,6,0.09,100000,3.0
1.0,1.0,6,0.09,100000,3.0
0.00015745193,0.0,7,0.09,100000,1.0
0.29715416,0.05,7,0.09,100000,1.0
0.45718962,0.1,7,0.09,100000,1.0
0.5579779,0.15000000000000002,7,0.09,100000,1.0
0.63287157,0.2,7,0.09,100000,1.0
0.69989127,0.25,7,0.09,100000,1.0
0.7515493,0.30000000000000004,7,0.09,100000,1.0
0.79860437,0.35000000000000003,7,0.09,100000,1.0
0.83300304,0.4,7,0.09,100000,1.0
0.8596206,0.45,7,0.09,100000,1.0
0.8781274,0.5,7,0.09,100000,1.0
0.8935018,0.55,7,0.09,100000,1.0
0.90857357,0.6000000000000001,7,0.09,100000,1.0
0.92021596,0.65,7,0.09,100000,1.0
0.9321639,0.7000000000000001,7,0.09,100000,1.0
0.9395495,0.75,7,0.09,100000,1.0
0.95126987,0.8,7,0.09,100000,1.0
0.9592833,0.8500000000000001,7,0.09,100000,1.0
0.96750176,0.9,7,0.09,100000,1.0
0.9799897,0.9500000000000001,7,0.09,100000,1.0
1.0,1.0,7,0.09,100000,1.0
0.00016839585,0.0,7,0.09,100000,2.0
0.48855212,0.05,7,0.09,100000,2.0
0.8446773,0.1,7,0.09,100000,2.0
0.86810464,0.15000000000000002,7,0.09,100000,2.0
0.88044983,0.2,7,0.09,100000,2.0
0.88505,0.25,7,0.09,100000,2.0
0.8917382,0.30000000000000004,7,0.09,100000,2.0
0.9005082,0.35000000000000003,7,0.09,100000,2.0
0.91177064,0.4,7,0.09,100000,2.0
0.9226158,0.45,7,0.09,100000,2.0
0.9321194,0.5,7,0.09,100000,2.0
0.94673866,0.55,7,0.09,100000,2.0
0.9550463,0.6000000000000001,7,0.09,100000,2.0
0.9637221,0.65,7,0.09,100000,2.0
0.9748053,0.7000000000000001,7,0.09,100000,2.0
0.98319757,0.75,7,0.09,100000,2.0
0.9895532,0.8,7,0.09,100000,2.0
0.99510086,0.8500000000000001,7,0.09,100000,2.0
0.9984982,0.9,7,0.09,100000,2.0
0.9998179,0.9500000000000001,7,0.09,100000,2.0
1.0,1.0,7,0.09,100000,2.0
0.00020804895,0.0,7,0.09,100000,3.0
0.5121373,0.05,7,0.09,100000,3.0
0.83824223,0.1,7,0.09,100000,3.0
0.85896987,0.15000000000000002,7,0.09,100000,3.0
0.8691291,0.2,7,0.09,100000,3.0
0.8775527,0.25,7,0.09,100000,3.0
0.88430876,0.30000000000000004,7,0.09,100000,3.0
0.8929789,0.35000000000000003,7,0.09,100000,3.0
0.9035947,0.4,7,0.09,100000,3.0
0.91754884,0.45,7,0.09,100000,3.0
0.9297254,0.5,7,0.09,100000,3.0
0.9406738,0.55,7,0.09,100000,3.0
0.9513473,0.6000000000000001,7,0.09,100000,3.0
0.96266925,0.65,7,0.09,100000,3.0
0.9745317,0.7000000000000001,7,0.09,100000,3.0
0.9832492,0.75,7,0.09,100000,3.0
0.9912443,0.8,7,0.09,100000,3.0
0.99583125,0.8500000000000001,7,0.09,100000,3.0
0.99886954,0.9,7,0.09,100000,3.0
1.0,0.9500000000000001,7,0.09,100000,3.0
1.0,1.0,7,0.09,100000,3.0
0.0,0.0,8,0.09,100000,1.0
0.14097995,0.05,8,0.09,100000,1.0
0.17422274,0.1,8,0.09,100000,1.0
0.20294662,0.15000000000000002,8,0.09,100000,1.0
0.24495983,0.2,8,0.09,100000,1.0
0.30227563,0.25,8,0.09,100000,1.0
0.37514755,0.30000000000000004,8,0.09,100000,1.0
0.46396664,0.35000000000000003,8,0.09,100000,1.0
0.542263,0.4,8,0.09,100000,1.0
0.60853416,0.45,8,0.09,100000,1.0
0.66576546,0.5,8,0.09,100000,1.0
0.7190932,0.55,8,0.09,100000,1.0
0.7684732,0.6000000000000001,8,0.09,100000,1.0
0.8072032,0.65,8,0.09,100000,1.0
0.8440753,0.7000000000000001,8,0.09,100000,1.0
0.8734517,0.75,8,0.09,100000,1.0
0.90249926,0.8,8,0.09,100000,1.0
0.9351551,0.8500000000000001,8,0.09,100000,1.0
0.9583936,0.9,8,0.09,100000,1.0
0.9842098,0.9500000000000001,8,0.09,100000,1.0
1.0,1.0,8,0.09,100000,1.0
0.0,0.0,8,0.09,100000,2.0
0.3541185,0.05,8,0.09,100000,2.0
0.4575359,0.1,8,0.09,100000,2.0
0.50840944,0.15000000000000002,8,0.09,100000,2.0
0.55411464,0.2,8,0.09,100000,2.0
0.6025259,0.25,8,0.09,100000,2.0
0.6609945,0.30000000000000004,8,0.09,100000,2.0
0.72711205,0.35000000000000003,8,0.09,100000,2.0
0.7841929,0.4,8,0.09,100000,2.0
0.8287341,0.45,8,0.09,100000,2.0
0.8668344,0.5,8,0.09,100000,2.0
0.9046063,0.55,8,0.09,100000,2.0
0.934302,0.6000000000000001,8,0.09,100000,2.0
0.95365787,0.65,8,0.09,100000,2.0
0.9718229,0.7000000000000001,8,0.09,100000,2.0
0.9834016,0.75,8,0.09,100000,2.0
0.9882612,0.8,8,0.09,100000,2.0
0.99247783,0.8500000000000001,8,0.09,100000,2.0
0.9963394,0.9,8,0.09,100000,2.0
0.9990338,0.9500000000000001,8,0.09,100000,2.0
1.0,1.0,8,0.09,100000,2.0
0.0,0.0,8,0.09,100000,3.0
0.4479282,0.05,8,0.09,100000,3.0
0.79055965,0.1,8,0.09,100000,3.0
0.8203481,0.15000000000000002,8,0.09,100000,3.0
0.8344013,0.2,8,0.09,100000,3.0
0.8507755,0.25,8,0.09,100000,3.0
0.8684455,0.30000000000000004,8,0.09,100000,3.0
0.8868103,0.35000000000000003,8,0.09,100000,3.0
0.90721166,0.4,8,0.09,100000,3.0
0.9214025,0.45,8,0.09,100000,3.0
0.938176,0.5,8,0.09,100000,3.0
0.95002496,0.55,8,0.09,100000,3.0
0.9606617,0.6000000000000001,8,0.09,100000,3.0
0.9675256,0.65,8,0.09,100000,3.0
0.9763546,0.7000000000000001,8,0.09,100000,3.0
0.9803587,0.75,8,0.09,100000,3.0
0.98379046,0.8,8,0.09,100000,3.0
0.9881719,0.8500000000000001,8,0.09,100000,3.0
0.9918315,0.9,8,0.09,100000,3.0
0.99394166,0.9500000000000001,8,0.09,100000,3.0
1.0,1.0,8,0.09,100000,3.0
0.00015517556,0.0,9,0.09,100000,1.0
0.4354365,0.05,9,0.09,100000,1.0
0.766667,0.1,9,0.09,100000,1.0
0.82704157,0.15000000000000002,9,0.09,100000,1.0
0.84387684,0.2,9,0.09,100000,1.0
0.85681915,0.25,9,0.09,100000,1.0
0.867845,0.30000000000000004,9,0.09,100000,1.0
0.88114554,0.35000000000000003,9,0.09,100000,1.0
0.8910423,0.4,9,0.09,100000,1.0
0.9005348,0.45,9,0.09,100000,1.0
0.9088048,0.5,9,0.09,100000,1.0
0.92005485,0.55,9,0.09,100000,1.0
0.9294415,0.6000000000000001,9,0.09,100000,1.0
0.9380856,0.65,9,0.09,100000,1.0
0.95119727,0.7000000000000001,9,0.09,100000,1.0
0.96259534,0.75,9,0.09,100000,1.0
0.9738045,0.8,9,0.09,100000,1.0
0.9857453,0.8500000000000001,9,0.09,100000,1.0
0.99500674,0.9,9,0.09,100000,1.0
0.99959624,0.9500000000000001,9,0.09,100000,1.0
1.0,1.0,9,0.09,100000,1.0
0.00022155103,0.0,9,0.09,100000,2.0
0.51237935,0.05,9,0.09,100000,2.0
0.81125814,0.1,9,0.09,100000,2.0
0.8279063,0.15000000000000002,9,0.09,100000,2.0
0.842681,0.2,9,0.09,100000,2.0
0.8544171,0.25,9,0.09,100000,2.0
0.8668761,0.30000000000000004,9,0.09,100000,2.0
0.88063806,0.35000000000000003,9,0.09,100000,2.0
0.8957686,0.4,9,0.09,100000,2.0
0.909683,0.45,9,0.09,100000,2.0
0.92401075,0.5,9,0.09,100000,2.0
0.9361557,0.55,9,0.09,100000,2.0
0.9470034,0.6000000000000001,9,0.09,100000,2.0
0.9573801,0.65,9,0.09,100000,2.0
0.96608055,0.7000000000000001,9,0.09,100000,2.0
0.98193365,0.75,9,0.09,100000,2.0
0.9891115,0.8,9,0.09,100000,2.0
0.99428946,0.8500000000000001,9,0.09,100000,2.0
0.99696994,0.9,9,0.09,100000,2.0
0.9994178,0.9500000000000001,9,0.09,100000,2.0
1.0,1.0,9,0.09,100000,2.0
0.00022155103,0.0,9,0.09,100000,3.0
0.51261014,0.05,9,0.09,100000,3.0
0.81564885,0.1,9,0.09,100000,3.0
0.83487487,0.15000000000000002,9,0.09,100000,3.0
0.846414,0.2,9,0.09,100000,3.0
0.857321,0.25,9,0.09,100000,3.0
0.8672369,0.30000000000000004,9,0.09,100000,3.0
0.8798503,0.35000000000000003,9,0.09,100000,3.0
0.8930709,0.4,9,0.09,100000,3.0
0.90909135,0.45,9,0.09,100000,3.0
0.922824,0.5,9,0.09,100000,3.0
0.9390243,0.55,9,0.09,100000,3.0
0.9515416,0.6000000000000001,9,0.09,100000,3.0
0.9622767,0.65,9,0.09,100000,3.0
0.97387713,0.7000000000000001,9,0.09,100000,3.0
0.9831558,0.75,9,0.09,100000,3.0
0.99103135,0.8,9,0.09,100000,3.0
0.9948773,0.8500000000000001,9,0.09,100000,3.0
0.9973416,0.9,9,0.09,100000,3.0
0.999629,0.9500000000000001,9,0.09,100000,3.0
1.0,1.0,9,0.09,100000,3.0
0.0,0.0,0,0.1,100000,1.0
0.36086982,0.05,0,0.1,100000,1.0
0.7097503,0.1,0,0.1,100000,1.0
0.85644084,0.15000000000000002,0,0.1,100000,1.0
0.8801362,0.2,0,0.1,100000,1.0
0.89754766,0.25,0,0.1,100000,1.0
0.9154269,0.30000000000000004,0,0.1,100000,1.0
0.9309219,0.35000000000000003,0,0.1,100000,1.0
0.94339174,0.4,0,0.1,100000,1.0
0.9540488,0.45,0,0.1,100000,1.0
0.9660824,0.5,0,0.1,100000,1.0
0.97278506,0.55,0,0.1,100000,1.0
0.980431,0.6000000000000001,0,0.1,100000,1.0
0.98550195,0.65,0,0.1,100000,1.0
0.9894999,0.7000000000000001,0,0.1,100000,1.0
0.9925797,0.75,0,0.1,100000,1.0
0.99426496,0.8,0,0.1,100000,1.0
0.99645007,0.8500000000000001,0,0.1,100000,1.0
0.9971835,0.9,0,0.1,100000,1.0
0.998898,0.9500000000000001,0,0.1,100000,1.0
1.0,1.0,0,0.1,100000,1.0
0.00019410554,0.0,0,0.1,100000,2.0
0.47507122,0.05,0,0.1,100000,2.0
0.8104083,0.1,0,0.1,100000,2.0
0.8398381,0.15000000000000002,0,0.1,100000,2.0
0.85418355,0.2,0,0.1,100000,2.0
0.8702154,0.25,0,0.1,100000,2.0
0.8816729,0.30000000000000004,0,0.1,100000,2.0
0.8953267,0.35000000000000003,0,0.1,100000,2.0
0.9080866,0.4,0,0.1,100000,2.0
0.9231511,0.45,0,0.1,100000,2.0
0.9393969,0.5,0,0.1,100000,2.0
0.95076656,0.55,0,0.1,100000,2.0
0.9619656,0.6000000000000001,0,0.1,100000,2.0
0.9693427,0.65,0,0.1,100000,2.0
0.9794668,0.7000000000000001,0,0.1,100000,2.0
0.9881417,0.75,0,0.1,100000,2.0
0.9936053,0.8,0,0.1,100000,2.0
0.99732643,0.8500000000000001,0,0.1,100000,2.0
0.99928707,0.9,0,0.1,100000,2.0
0.99983126,0.9500000000000001,0,0.1,100000,2.0
1.0,1.0,0,0.1,100000,2.0
0.00019410554,0.0,0,0.1,100000,3.0
0.4746667,0.05,0,0.1,100000,3.0
0.80912757,0.1,0,0.1,100000,3.0
0.83474624,0.15000000000000002,0,0.1,100000,3.0
0.8475638,0.2,0,0.1,100000,3.0
0.8617025,0.25,0,0.1,100000,3.0
0.87420607,0.30000000000000004,0,0.1,100000,3.0
0.88749826,0.35000000000000003,0,0.1,100000,3.0
0.8996236,0.4,0,0.1,100000,3.0
0.91326255,0.45,0,0.1,100000,3.0
0.926282,0.5,0,0.1,100000,3.0
0.9404492,0.55,0,0.1,100000,3.0
0.95399845,0.6000000000000001,0,0.1,100000,3.0
0.9640515,0.65,0,0.1,100000,3.0
0.9745485,0.7000000000000001,0,0.1,100000,3.0
0.9848601,0.75,0,0.1,100000,3.0
0.99244136,0.8,0,0.1,100000,3.0
0.9972009,0.8500000000000001,0,0.1,100000,3.0
0.9996545,0.9,0,0.1,100000,3.0
1.0,0.9500000000000001,0,0.1,100000,3.0
1.0,1.0,0,0.1,100000,3.0
0.00018955159,0.0,1,0.1,100000,1.0
0.24911176,0.05,1,0.1,100000,1.0
0.36547542,0.1,1,0.1,100000,1.0
0.42792267,0.15000000000000002,1,0.1,100000,1.0
0.46700907,0.2,1,0.1,100000,1.0
0.49978548,0.25,1,0.1,100000,1.0
0.5277157,0.30000000000000004,1,0.1,100000,1.0
0.55301005,0.35000000000000003,1,0.1,100000,1.0
0.5789155,0.4,1,0.1,100000,1.0
0.6031596,0.45,1,0.1,100000,1.0
0.631289,0.5,1,0.1,100000,1.0
0.6596015,0.55,1,0.1,100000,1.0
0.69013804,0.6000000000000001,1,0.1,100000,1.0
0.71541315,0.65,1,0.1,100000,1.0
0.74659413,0.7000000000000001,1,0.1,100000,1.0
0.7784664,0.75,1,0.1,100000,1.0
0.81538326,0.8,1,0.1,100000,1.0
0.8580363,0.8500000000000001,1,0.1,100000,1.0
0.9054653,0.9,1,0.1,100000,1.0
0.9586018,0.9500000000000001,1,0.1,100000,1.0
1.0,1.0,1,0.1,100000,1.0
0.00018955159,0.0,1,0.1,100000,2.0
0.46417826,0.05,1,0.1,100000,2.0
0.81731635,0.1,1,0.1,100000,2.0
0.9194299,0.15000000000000002,1,0.1,100000,2.0
0.93377143,0.2,1,0.1,100000,2.0
0.94056886,0.25,1,0.1,100000,2.0
0.94759446,0.30000000000000004,1,0.1,100000,2.0
0.9534316,0.35000000000000003,1,0.1,100000,2.0
0.95754004,0.4,1,0.1,100000,2.0
0.961491,0.45,1,0.1,100000,2.0
0.96538496,0.5,1,0.1,100000,2.0
0.9677276,0.55,1,0.1,100000,2.0
0.9709294,0.6000000000000001,1,0.1,100000,2.0
0.9744919,0.65,1,0.1,100000,2.0
0.9792943,0.7000000000000001,1,0.1,100000,2.0
0.9853406,0.75,1,0.1,100000,2.0
0.9904687,0.8,1,0.1,100000,2.0
0.9941036,0.8500000000000001,1,0.1,100000,2.0
0.9965246,0.9,1,0.1,100000,2.0
0.99966353,0.9500000000000001,1,0.1,100000,2.0
1.0,1.0,1,0.1,100000,2.0
0.0,0.0,1,0.1,100000,3.0
0.47439146,0.05,1,0.1,100000,3.0
0.82482713,0.1,1,0.1,100000,3.0
0.8953901,0.15000000000000002,1,0.1,100000,3.0
0.90885156,0.2,1,0.1,100000,3.0
0.91647154,0.25,1,0.1,100000,3.0
0.92243457,0.30000000000000004,1,0.1,100000,3.0
0.92777777,0.35000000000000003,1,0.1,100000,3.0
0.9333916,0.4,1,0.1,100000,3.0
0.9400257,0.45,1,0.1,100000,3.0
0.9454293,0.5,1,0.1,100000,3.0
0.9533579,0.55,1,0.1,100000,3.0
0.96157956,0.6000000000000001,1,0.1,100000,3.0
0.96885586,0.65,1,0.1,100000,3.0
0.9750802,0.7000000000000001,1,0.1,100000,3.0
0.9812469,0.75,1,0.1,100000,3.0
0.99077964,0.8,1,0.1,100000,3.0
0.99430424,0.8500000000000001,1,0.1,100000,3.0
0.9974023,0.9,1,0.1,100000,3.0
0.9995017,0.9500000000000001,1,0.1,100000,3.0
1.0,1.0,1,0.1,100000,3.0
0.0,0.0,2,0.1,100000,1.0
0.323391,0.05,2,0.1,100000,1.0
0.50847584,0.1,2,0.1,100000,1.0
0.5960478,0.15000000000000002,2,0.1,100000,1.0
0.6633124,0.2,2,0.1,100000,1.0
0.72836906,0.25,2,0.1,100000,1.0
0.7747737,0.30000000000000004,2,0.1,100000,1.0
0.815102,0.35000000000000003,2,0.1,100000,1.0
0.8422621,0.4,2,0.1,100000,1.0
0.86434525,0.45,2,0.1,100000,1.0
0.8872481,0.5,2,0.1,100000,1.0
0.9074259,0.55,2,0.1,100000,1.0
0.9236412,0.6000000000000001,2,0.1,100000,1.0
0.9430217,0.65,2,0.1,100000,1.0
0.9561331,0.7000000000000001,2,0.1,100000,1.0
0.97253364,0.75,2,0.1,100000,1.0
0.98312575,0.8,2,0.1,100000,1.0
0.9920977,0.8500000000000001,2,0.1,100000,1.0
0.9982306,0.9,2,0.1,100000,1.0
1.0,0.9500000000000001,2,0.1,100000,1.0
1.0,1.0,2,0.1,100000,1.0
0.0,0.0,2,0.1,100000,2.0
0.47188497,0.05,2,0.1,100000,2.0
0.82586634,0.1,2,0.1,100000,2.0
0.9156127,0.15000000000000002,2,0.1,100000,2.0
0.9301793,0.2,2,0.1,100000,2.0
0.9407017,0.25,2,0.1,100000,2.0
0.94770694,0.30000000000000004,2,0.1,100000,2.0
0.95537794,0.35000000000000003,2,0.1,100000,2.0
0.9616373,0.4,2,0.1,100000,2.0
0.9659761,0.45,2,0.1,100000,2.0
0.97052276,0.5,2,0.1,100000,2.0
0.9761104,0.55,2,0.1,100000,2.0
0.98076254,0.6000000000000001,2,0.1,100000,2.0
0.9837417,0.65,2,0.1,100000,2.0
0.98871595,0.7000000000000001,2,0.1,100000,2.0
0.9927253,0.75,2,0.1,100000,2.0
0.9949739,0.8,2,0.1,100000,2.0
0.99844813,0.8500000000000001,2,0.1,100000,2.0
0.99966776,0.9,2,0.1,100000,2.0
1.0,0.9500000000000001,2,0.1,100000,2.0
1.0,1.0,2,0.1,100000,2.0
0.0,0.0,2,0.1,100000,3.0
0.47166625,0.05,2,0.1,100000,3.0
0.82644206,0.1,2,0.1,100000,3.0
0.8813593,0.15000000000000002,2,0.1,100000,3.0
0.89626664,0.2,2,0.1,100000,3.0
0.90826434,0.25,2,0.1,100000,3.0
0.91844255,0.30000000000000004,2,0.1,100000,3.0
0.929902,0.35000000000000003,2,0.1,100000,3.0
0.9394183,0.4,2,0.1,100000,3.0
0.94794583,0.45,2,0.1,100000,3.0
0.95630276,0.5,2,0.1,100000,3.0
0.9634204,0.55,2,0.1,100000,3.0
0.97032136,0.6000000000000001,2,0.1,100000,3.0
0.97673,0.65,2,0.1,100000,3.0
0.9843943,0.7000000000000001,2,0.1,100000,3.0
0.9885665,0.75,2,0.1,100000,3.0
0.9936198,0.8,2,0.1,100000,3.0
0.9974412,0.8500000000000001,2,0.1,100000,3.0
0.99950445,0.9,2,0.1,100000,3.0
1.0,0.9500000000000001,2,0.1,100000,3.0
1.0,1.0,2,0.1,100000,3.0
0.0,0.0,3,0.1,100000,1.0
0.13565418,0.05,3,0.1,100000,1.0
0.22498088,0.1,3,0.1,100000,1.0
0.28858078,0.15000000000000002,3,0.1,100000,1.0
0.34045503,0.2,3,0.1,100000,1.0
0.38140413,0.25,3,0.1,100000,1.0
0.41518608,0.30000000000000004,3,0.1,100000,1.0
0.44640738,0.35000000000000003,3,0.1,100000,1.0
0.47155115,0.4,3,0.1,100000,1.0
0.49765205,0.45,3,0.1,100000,1.0
0.5216461,0.5,3,0.1,100000,1.0
0.54850066,0.55,3,0.1,100000,1.0
0.5773862,0.6000000000000001,3,0.1,100000,1.0
0.6156766,0.65,3,0.1,100000,1.0
0.65841824,0.7000000000000001,3,0.1,100000,1.0
0.70588803,0.75,3,0.1,100000,1.0
0.75971824,0.8,3,0.1,100000,1.0
0.8213282,0.8500000000000001,3,0.1,100000,1.0
0.8820348,0.9,3,0.1,100000,1.0
0.9437164,0.9500000000000001,3,0.1,100000,1.0
1.0,1.0,3,0.1,100000,1.0
0.0,0.0,3,0.1,100000,2.0
0.35727033,0.05,3,0.1,100000,2.0
0.70364684,0.1,3,0.1,100000,2.0
0.8016736,0.15000000000000002,3,0.1,100000,2.0
0.8399405,0.2,3,0.1,100000,2.0
0.8624974,0.25,3,0.1,100000,2.0
0.8822772,0.30000000000000004,3,0.1,100000,2.0
0.89423573,0.35000000000000003,3,0.1,100000,2.0
0.90873605,0.4,3,0.1,100000,2.0
0.9212813,0.45,3,0.1,100000,2.0
0.9335609,0.5,3,0.1,100000,2.0
0.9451984,0.55,3,0.1,100000,2.0
0.95940024,0.6000000000000001,3,0.1,100000,2.0
0.9711839,0.65,3,0.1,100000,2.0
0.98215425,0.7000000000000001,3,0.1,100000,2.0
0.9901066,0.75,3,0.1,100000,2.0
0.9965669,0.8,3,0.1,100000,2.0
0.99867564,0.8500000000000001,3,0.1,100000,2.0
0.99939257,0.9,3,0.1,100000,2.0
0.9995559,0.9500000000000001,3,0.1,100000,2.0
1.0,1.0,3,0.1,100000,2.0
0.00019469572,0.0,3,0.1,100000,3.0
0.46959233,0.05,3,0.1,100000,3.0
0.8185768,0.1,3,0.1,100000,3.0
0.87100655,0.15000000000000002,3,0.1,100000,3.0
0.8772594,0.2,3,0.1,100000,3.0
0.88322824,0.25,3,0.1,100000,3.0
0.89051384,0.30000000000000004,3,0.1,100000,3.0
0.8960673,0.35000000000000003,3,0.1,100000,3.0
0.9043164,0.4,3,0.1,100000,3.0
0.9162782,0.45,3,0.1,100000,3.0
0.928048,0.5,3,0.1,100000,3.0
0.9410289,0.55,3,0.1,100000,3.0
0.95388526,0.6000000000000001,3,0.1,100000,3.0
0.96838236,0.65,3,0.1,100000,3.0
0.9788457,0.7000000000000001,3,0.1,100000,3.0
0.98672795,0.75,3,0.1,100000,3.0
0.9947081,0.8,3,0.1,100000,3.0
0.997344,0.8500000000000001,3,0.1,100000,3.0
0.9992313,0.9,3,0.1,100000,3.0
0.99939257,0.9500000000000001,3,0.1,100000,3.0
1.0,1.0,3,0.1,100000,3.0
0.0,0.0,4,0.1,100000,1.0
0.16697522,0.05,4,0.1,100000,1.0
0.21616296,0.1,4,0.1,100000,1.0
0.24332082,0.15000000000000002,4,0.1,100000,1.0
0.2629966,0.2,4,0.1,100000,1.0
0.2819397,0.25,4,0.1,100000,1.0
0.29712602,0.30000000000000004,4,0.1,100000,1.0
0.31082967,0.35000000000000003,4,0.1,100000,1.0
0.32456836,0.4,4,0.1,100000,1.0
0.34198734,0.45,4,0.1,100000,1.0
0.35856673,0.5,4,0.1,100000,1.0
0.37485108,0.55,4,0.1,100000,1.0
0.38983205,0.6000000000000001,4,0.1,100000,1.0
0.40937677,0.65,4,0.1,100000,1.0
0.42993426,0.7000000000000001,4,0.1,100000,1.0
0.4640161,0.75,4,0.1,100000,1.0
0.5084806,0.8,4,0.1,100000,1.0
0.56766194,0.8500000000000001,4,0.1,100000,1.0
0.6597161,0.9,4,0.1,100000,1.0
0.82374096,0.9500000000000001,4,0.1,100000,1.0
1.0,1.0,4,0.1,100000,1.0
0.0,0.0,4,0.1,100000,2.0
0.277457,0.05,4,0.1,100000,2.0
0.36709592,0.1,4,0.1,100000,2.0
0.4074535,0.15000000000000002,4,0.1,100000,2.0
0.4359957,0.2,4,0.1,100000,2.0
0.4591774,0.25,4,0.1,100000,2.0
0.4824919,0.30000000000000004,4,0.1,100000,2.0
0.5068453,0.35000000000000003,4,0.1,100000,2.0
0.5276147,0.4,4,0.1,100000,2.0
0.5549153,0.45,4,0.1,100000,2.0
0.5844837,0.5,4,0.1,100000,2.0
0.62316465,0.55,4,0.1,100000,2.0
0.663249,0.6000000000000001,4,0.1,100000,2.0
0.70982206,0.65,4,0.1,100000,2.0
0.77158505,0.7000000000000001,4,0.1,100000,2.0
0.8380535,0.75,4,0.1,100000,2.0
0.917511,0.8,4,0.1,100000,2.0
0.969796,0.8500000000000001,4,0.1,100000,2.0
0.9928482,0.9,4,0.1,100000,2.0
0.998239,0.9500000000000001,4,0.1,100000,2.0
1.0,1.0,4,0.1,100000,2.0
0.0001928432,0.0,4,0.1,100000,3.0
0.38951048,0.05,4,0.1,100000,3.0
0.786739,0.1,4,0.1,100000,3.0
0.879732,0.15000000000000002,4,0.1,100000,3.0
0.89261264,0.2,4,0.1,100000,3.0
0.902775,0.25,4,0.1,100000,3.0
0.91368437,0.30000000000000004,4,0.1,100000,3.0
0.9236843,0.35000000000000003,4,0.1,100000,3.0
0.9306668,0.4,4,0.1,100000,3.0
0.9402864,0.45,4,0.1,100000,3.0
0.9475532,0.5,4,0.1,100000,3.0
0.95441806,0.55,4,0.1,100000,3.0
0.9655068,0.6000000000000001,4,0.1,100000,3.0
0.9721895,0.65,4,0.1,100000,3.0
0.9797157,0.7000000000000001,4,0.1,100000,3.0
0.9858708,0.75,4,0.1,100000,3.0
0.99157083,0.8,4,0.1,100000,3.0
0.99535954,0.8500000000000001,4,0.1,100000,3.0
0.9979292,0.9,4,0.1,100000,3.0
0.99932325,0.9500000000000001,4,0.1,100000,3.0
1.0,1.0,4,0.1,100000,3.0
0.0,0.0,5,0.1,100000,1.0
0.14290804,0.05,5,0.1,100000,1.0
0.19843838,0.1,5,0.1,100000,1.0
0.23308095,0.15000000000000002,5,0.1,100000,1.0
0.26465812,0.2,5,0.1,100000,1.0
0.2956443,0.25,5,0.1,100000,1.0
0.3212339,0.30000000000000004,5,0.1,100000,1.0
0.34617,0.35000000000000003,5,0.1,100000,1.0
0.3713535,0.4,5,0.1,100000,1.0
0.39696768,0.45,5,0.1,100000,1.0
0.42107326,0.5,5,0.1,100000,1.0
0.44606918,0.55,5,0.1,100000,1.0
0.4712114,0.6000000000000001,5,0.1,100000,1.0
0.49529895,0.65,5,0.1,100000,1.0
0.5253517,0.7000000000000001,5,0.1,100000,1.0
0.55588025,0.75,5,0.1,100000,1.0
0.60260785,0.8,5,0.1,100000,1.0
0.6645217,0.8500000000000001,5,0.1,100000,1.0
0.75373536,0.9,5,0.1,100000,1.0
0.8885601,0.9500000000000001,5,0.1,100000,1.0
0.99982005,1.0,5,0.1,100000,1.0
0.0,0.0,5,0.1,100000,2.0
0.34240818,0.05,5,0.1,100000,2.0
0.6203015,0.1,5,0.1,100000,2.0
0.7880945,0.15000000000000002,5,0.1,100000,2.0
0.8862575,0.2,5,0.1,100000,2.0
0.9073877,0.25,5,0.1,100000,2.0
0.917044,0.30000000000000004,5,0.1,100000,2.0
0.9240428,0.35000000000000003,5,0.1,100000,2.0
0.9314555,0.4,5,0.1,100000,2.0
0.93848133,0.45,5,0.1,100000,2.0
0.94622153,0.5,5,0.1,100000,2.0
0.9574457,0.55,5,0.1,100000,2.0
0.9687125,0.6000000000000001,5,0.1,100000,2.0
0.97600114,0.65,5,0.1,100000,2.0
0.9838509,0.7000000000000001,5,0.1,100000,2.0
0.9891895,0.75,5,0.1,100000,2.0
0.99373627,0.8,5,0.1,100000,2.0
0.9965326,0.8500000000000001,5,0.1,100000,2.0
0.99914944,0.9,5,0.1,100000,2.0
0.99983335,0.9500000000000001,5,0.1,100000,2.0
1.0,1.0,5,0.1,100000,2.0
0.0,0.0,5,0.1,100000,3.0
0.471951,0.05,5,0.1,100000,3.0
0.8235317,0.1,5,0.1,100000,3.0
0.8683551,0.15000000000000002,5,0.1,100000,3.0
0.8833877,0.2,5,0.1,100000,3.0
0.8960647,0.25,5,0.1,100000,3.0
0.90649885,0.30000000000000004,5,0.1,100000,3.0
0.91594803,0.35000000000000003,5,0.1,100000,3.0
0.9249287,0.4,5,0.1,100000,3.0
0.9350728,0.45,5,0.1,100000,3.0
0.9464593,0.5,5,0.1,100000,3.0
0.95809764,0.55,5,0.1,100000,3.0
0.9681504,0.6000000000000001,5,0.1,100000,3.0
0.9787813,0.65,5,0.1,100000,3.0
0.98739976,0.7000000000000001,5,0.1,100000,3.0
0.9926699,0.75,5,0.1,100000,3.0
0.99548113,0.8,5,0.1,100000,3.0
0.9984589,0.8500000000000001,5,0.1,100000,3.0
0.99915963,0.9,5,0.1,100000,3.0
0.99966735,0.9500000000000001,5,0.1,100000,3.0
1.0,1.0,5,0.1,100000,3.0
0.0,0.0,6,0.1,100000,1.0
0.35407463,0.05,6,0.1,100000,1.0
0.48934913,0.1,6,0.1,100000,1.0
0.54351276,0.15000000000000002,6,0.1,100000,1.0
0.5891404,0.2,6,0.1,100000,1.0
0.6224641,0.25,6,0.1,100000,1.0
0.6518142,0.30000000000000004,6,0.1,100000,1.0
0.686651,0.35000000000000003,6,0.1,100000,1.0
0.7187959,0.4,6,0.1,100000,1.0
0.74685526,0.45,6,0.1,100000,1.0
0.7709721,0.5,6,0.1,100000,1.0
0.7957583,0.55,6,0.1,100000,1.0
0.8188627,0.6000000000000001,6,0.1,100000,1.0
0.84182745,0.65,6,0.1,100000,1.0
0.86418045,0.7000000000000001,6,0.1,100000,1.0
0.8803119,0.75,6,0.1,100000,1.0
0.8991714,0.8,6,0.1,100000,1.0
0.9132953,0.8500000000000001,6,0.1,100000,1.0
0.9287648,0.9,6,0.1,100000,1.0
0.95086306,0.9500000000000001,6,0.1,100000,1.0
1.0,1.0,6,0.1,100000,1.0
0.00016587345,0.0,6,0.1,100000,2.0
0.45203412,0.05,6,0.1,100000,2.0
0.8099856,0.1,6,0.1,100000,2.0
0.86840725,0.15000000000000002,6,0.1,100000,2.0
0.8788,0.2,6,0.1,100000,2.0
0.88903785,0.25,6,0.1,100000,2.0
0.8990819,0.30000000000000004,6,0.1,100000,2.0
0.90794176,0.35000000000000003,6,0.1,100000,2.0
0.9175653,0.4,6,0.1,100000,2.0
0.9265186,0.45,6,0.1,100000,2.0
0.9358277,0.5,6,0.1,100000,2.0
0.94673043,0.55,6,0.1,100000,2.0
0.9559481,0.6000000000000001,6,0.1,100000,2.0
0.96496016,0.65,6,0.1,100000,2.0
0.9729583,0.7000000000000001,6,0.1,100000,2.0
0.9807815,0.75,6,0.1,100000,2.0
0.986733,0.8,6,0.1,100000,2.0
0.9920943,0.8500000000000001,6,0.1,100000,2.0
0.9953723,0.9,6,0.1,100000,2.0
0.9989845,0.9500000000000001,6,0.1,100000,2.0
1.0,1.0,6,0.1,100000,2.0
0.00016587345,0.0,6,0.1,100000,3.0
0.46649036,0.05,6,0.1,100000,3.0
0.8242216,0.1,6,0.1,100000,3.0
0.8661011,0.15000000000000002,6,0.1,100000,3.0
0.8755962,0.2,6,0.1,100000,3.0
0.88414824,0.25,6,0.1,100000,3.0
0.8930569,0.30000000000000004,6,0.1,100000,3.0
0.9034459,0.35000000000000003,6,0.1,100000,3.0
0.91320455,0.4,6,0.1,100000,3.0
0.9232135,0.45,6,0.1,100000,3.0
0.9332472,0.5,6,0.1,100000,3.0
0.9432342,0.55,6,0.1,100000,3.0
0.9545678,0.6000000000000001,6,0.1,100000,3.0
0.96446764,0.65,6,0.1,100000,3.0
0.97432214,0.7000000000000001,6,0.1,100000,3.0
0.9842869,0.75,6,0.1,100000,3.0
0.9882798,0.8,6,0.1,100000,3.0
0.99399817,0.8500000000000001,6,0.1,100000,3.0
0.9974354,0.9,6,0.1,100000,3.0
0.9993292,0.9500000000000001,6,0.1,100000,3.0
1.0,1.0,6,0.1,100000,3.0
0.0,0.0,7,0.1,100000,1.0
0.084748246,0.05,7,0.1,100000,1.0
0.12458675,0.1,7,0.1,100000,1.0
0.1658003,0.15000000000000002,7,0.1,100000,1.0
0.21678968,0.2,7,0.1,100000,1.0
0.27381593,0.25,7,0.1,100000,1.0
0.3356279,0.30000000000000004,7,0.1,100000,1.0
0.3907179,0.35000000000000003,7,0.1,100000,1.0
0.4342874,0.4,7,0.1,100000,1.0
0.47388175,0.45,7,0.1,100000,1.0
0.5115444,0.5,7,0.1,100000,1.0
0.55526114,0.55,7,0.1,100000,1.0
0.6019063,0.6000000000000001,7,0.1,100000,1.0
0.6518578,0.65,7,0.1,100000,1.0
0.693876,0.7000000000000001,7,0.1,100000,1.0
0.7324856,0.75,7,0.1,100000,1.0
0.7685857,0.8,7,0.1,100000,1.0
0.80876476,0.8500000000000001,7,0.1,100000,1.0
0.8492884,0.9,7,0.1,100000,1.0
0.89523315,0.9500000000000001,7,0.1,100000,1.0
1.0,1.0,7,0.1,100000,1.0
0.0,0.0,7,0.1,100000,2.0
0.34790328,0.05,7,0.1,100000,2.0
0.57732266,0.1,7,0.1,100000,2.0
0.70498854,0.15000000000000002,7,0.1,100000,2.0
0.7689556,0.2,7,0.1,100000,2.0
0.80578893,0.25,7,0.1,100000,2.0
0.8374116,0.30000000000000004,7,0.1,100000,2.0
0.8671435,0.35000000000000003,7,0.1,100000,2.0
0.89021397,0.4,7,0.1,100000,2.0
0.9074845,0.45,7,0.1,100000,2.0
0.921791,0.5,7,0.1,100000,2.0
0.93090475,0.55,7,0.1,100000,2.0
0.9391664,0.6000000000000001,7,0.1,100000,2.0
0.9482315,0.65,7,0.1,100000,2.0
0.95726395,0.7000000000000001,7,0.1,100000,2.0
0.97063947,0.75,7,0.1,100000,2.0
0.9832852,0.8,7,0.1,100000,2.0
0.9909809,0.8500000000000001,7,0.1,100000,2.0
0.99723476,0.9,7,0.1,100000,2.0
0.9996633,0.9500000000000001,7,0.1,100000,2.0
1.0,1.0,7,0.1,100000,2.0
0.00020704475,0.0,7,0.1,100000,3.0
0.46320948,0.05,7,0.1,100000,3.0
0.814989,0.1,7,0.1,100000,3.0
0.84114426,0.15000000000000002,7,0.1,100000,3.0
0.85237026,0.2,7,0.1,100000,3.0
0.8601957,0.25,7,0.1,100000,3.0
0.8673525,0.30000000000000004,7,0.1,100000,3.0
0.87639725,0.35000000000000003,7,0.1,100000,3.0
0.8909363,0.4,7,0.1,100000,3.0
0.90578306,0.45,7,0.1,100000,3.0
0.92001677,0.5,7,0.1,100000,3.0
0.93950665,0.55,7,0.1,100000,3.0
0.9539138,0.6000000000000001,7,0.1,100000,3.0
0.96714085,0.65,7,0.1,100000,3.0
0.97821933,0.7000000000000001,7,0.1,100000,3.0
0.98766893,0.75,7,0.1,100000,3.0
0.9921856,0.8,7,0.1,100000,3.0
0.9972134,0.8500000000000001,7,0.1,100000,3.0
0.99948704,0.9,7,0.1,100000,3.0
1.0,0.9500000000000001,7,0.1,100000,3.0
1.0,1.0,7,0.1,100000,3.0
0.0,0.0,8,0.1,100000,1.0
0.3554004,0.05,8,0.1,100000,1.0
0.65802234,0.1,8,0.1,100000,1.0
0.80350924,0.15000000000000002,8,0.1,100000,1.0
0.8646459,0.2,8,0.1,100000,1.0
0.89448315,0.25,8,0.1,100000,1.0
0.9133933,0.30000000000000004,8,0.1,100000,1.0
0.92342305,0.35000000000000003,8,0.1,100000,1.0
0.93368506,0.4,8,0.1,100000,1.0
0.940347,0.45,8,0.1,100000,1.0
0.9469609,0.5,8,0.1,100000,1.0
0.9532379,0.55,8,0.1,100000,1.0
0.95748055,0.6000000000000001,8,0.1,100000,1.0
0.9634751,0.65,8,0.1,100000,1.0
0.96831197,0.7000000000000001,8,0.1,100000,1.0
0.9734797,0.75,8,0.1,100000,1.0
0.97814685,0.8,8,0.1,100000,1.0
0.98468345,0.8500000000000001,8,0.1,100000,1.0
0.9891419,0.9,8,0.1,100000,1.0
0.9954293,0.9500000000000001,8,0.1,100000,1.0
1.0,1.0,8,0.1,100000,1.0
0.0,0.0,8,0.1,100000,2.0
0.45505655,0.05,8,0.1,100000,2.0
0.8178465,0.1,8,0.1,100000,2.0
0.8857517,0.15000000000000002,8,0.1,100000,2.0
0.9011103,0.2,8,0.1,100000,2.0
0.91271114,0.25,8,0.1,100000,2.0
0.9221099,0.30000000000000004,8,0.1,100000,2.0
0.93023676,0.35000000000000003,8,0.1,100000,2.0
0.9375137,0.4,8,0.1,100000,2.0
0.94523805,0.45,8,0.1,100000,2.0
0.95151395,0.5,8,0.1,100000,2.0
0.95939434,0.55,8,0.1,100000,2.0
0.96748793,0.6000000000000001,8,0.1,100000,2.0
0.9733858,0.65,8,0.1,100000,2.0
0.9794077,0.7000000000000001,8,0.1,100000,2.0
0.98574275,0.75,8,0.1,100000,2.0
0.9905173,0.8,8,0.1,100000,2.0
0.9956478,0.8500000000000001,8,0.1,100000,2.0
0.9979894,0.9,8,0.1,100000,2.0
0.9993381,0.9500000000000001,8,0.1,100000,2.0
1.0,1.0,8,0.1,100000,2.0
0.0,0.0,8,0.1,100000,3.0
0.46648398,0.05,8,0.1,100000,3.0
0.8170309,0.1,8,0.1,100000,3.0
0.8767716,0.15000000000000002,8,0.1,100000,3.0
0.8905669,0.2,8,0.1,100000,3.0
0.90021175,0.25,8,0.1,100000,3.0
0.9110884,0.30000000000000004,8,0.1,100000,3.0
0.922285,0.35000000000000003,8,0.1,100000,3.0
0.9290537,0.4,8,0.1,100000,3.0
0.9392876,0.45,8,0.1,100000,3.0
0.9504177,0.5,8,0.1,100000,3.0
0.96128434,0.55,8,0.1,100000,3.0
0.9685912,0.6000000000000001,8,0.1,100000,3.0
0.97649175,0.65,8,0.1,100000,3.0
0.98282164,0.7000000000000001,8,0.1,100000,3.0
0.98987436,0.75,8,0.1,100000,3.0
0.9937748,0.8,8,0.1,100000,3.0
0.9971545,0.8500000000000001,8,0.1,100000,3.0
0.99899554,0.9,8,0.1,100000,3.0
0.9998278,0.9500000000000001,8,0.1,100000,3.0
1.0,1.0,8,0.1,100000,3.0
0.0,0.0,9,0.1,100000,1.0
0.25491968,0.05,9,0.1,100000,1.0
0.38520682,0.1,9,0.1,100000,1.0
0.42119452,0.15000000000000002,9,0.1,100000,1.0
0.4472396,0.2,9,0.1,100000,1.0
0.471943,0.25,9,0.1,100000,1.0
0.49654764,0.30000000000000004,9,0.1,100000,1.0
0.5262539,0.35000000000000003,9,0.1,100000,1.0
0.55230755,0.4,9,0.1,100000,1.0
0.58470154,0.45,9,0.1,100000,1.0
0.61632544,0.5,9,0.1,100000,1.0
0.64246505,0.55,9,0.1,100000,1.0
0.6741586,0.6000000000000001,9,0.1,100000,1.0
0.70423895,0.65,9,0.1,100000,1.0
0.74006075,0.7000000000000001,9,0.1,100000,1.0
0.7787827,0.75,9,0.1,100000,1.0
0.8184153,0.8,9,0.1,100000,1.0
0.864856,0.8500000000000001,9,0.1,100000,1.0
0.9201059,0.9,9,0.1,100000,1.0
0.9634745,0.9500000000000001,9,0.1,100000,1.0
1.0,1.0,9,0.1,100000,1.0
0.00018129127,0.0,9,0.1,100000,2.0
0.38027695,0.05,9,0.1,100000,2.0
0.6625759,0.1,9,0.1,100000,2.0
0.72575754,0.15000000000000002,9,0.1,100000,2.0
0.75438803,0.2,9,0.1,100000,2.0
0.7707666,0.25,9,0.1,100000,2.0
0.78542334,0.30000000000000004,9,0.1,100000,2.0
0.7953435,0.35000000000000003,9,0.1,100000,2.0
0.80495787,0.4,9,0.1,100000,2.0
0.8147556,0.45,9,0.1,100000,2.0
0.82241285,0.5,9,0.1,100000,2.0
0.830494,0.55,9,0.1,100000,2.0
0.839052,0.6000000000000001,9,0.1,100000,2.0
0.85032314,0.65,9,0.1,100000,2.0
0.8595995,0.7000000000000001,9,0.1,100000,2.0
0.87229645,0.75,9,0.1,100000,2.0
0.88996935,0.8,9,0.1,100000,2.0
0.90693575,0.8500000000000001,9,0.1,100000,2.0
0.92743766,0.9,9,0.1,100000,2.0
0.95171165,0.9500000000000001,9,0.1,100000,2.0
1.0,1.0,9,0.1,100000,2.0
0.00018745626,0.0,9,0.1,100000,3.0
0.42667872,0.05,9,0.1,100000,3.0
0.77240103,0.1,9,0.1,100000,3.0
0.87107974,0.15000000000000002,9,0.1,100000,3.0
0.8871451,0.2,9,0.1,100000,3.0
0.89887834,0.25,9,0.1,100000,3.0
0.90828764,0.30000000000000004,9,0.1,100000,3.0
0.91645795,0.35000000000000003,9,0.1,100000,3.0
0.9228869,0.4,9,0.1,100000,3.0
0.93040603,0.45,9,0.1,100000,3.0
0.9391723,0.5,9,0.1,100000,3.0
0.94787,0.55,9,0.1,100000,3.0
0.95850056,0.6000000000000001,9,0.1,100000,3.0
0.9695653,0.65,9,0.1,100000,3.0
0.9781999,0.7000000000000001,9,0.1,100000,3.0
0.9860477,0.75,9,0.1,100000,3.0
0.992111,0.8,9,0.1,100000,3.0
0.9952254,0.8500000000000001,9,0.1,100000,3.0
0.99916184,0.9,9,0.1,100000,3.0
0.9996646,0.9500000000000001,9,0.1,100000,3.0
1.0,1.0,9,0.1,100000,3.0
0.0,0.0,0,0.01,1000000,1.0
0.08832596,0.05,0,0.01,1000000,1.0
0.15191409,0.1,0,0.01,1000000,1.0
0.19850445,0.15000000000000002,0,0.01,1000000,1.0
0.24188203,0.2,0,0.01,1000000,1.0
0.2875235,0.25,0,0.01,1000000,1.0
0.33435944,0.30000000000000004,0,0.01,1000000,1.0
0.3964809,0.35000000000000003,0,0.01,1000000,1.0
0.45833924,0.4,0,0.01,1000000,1.0
0.5140558,0.45,0,0.01,1000000,1.0
0.58192176,0.5,0,0.01,1000000,1.0
0.6565202,0.55,0,0.01,1000000,1.0
0.7275749,0.6000000000000001,0,0.01,1000000,1.0
0.80079716,0.65,0,0.01,1000000,1.0
0.86774427,0.7000000000000001,0,0.01,1000000,1.0
0.9173685,0.75,0,0.01,1000000,1.0
0.9543701,0.8,0,0.01,1000000,1.0
0.9784489,0.8500000000000001,0,0.01,1000000,1.0
0.99105066,0.9,0,0.01,1000000,1.0
0.9975103,0.9500000000000001,0,0.01,1000000,1.0
1.0,1.0,0,0.01,1000000,1.0
0.0,0.0,1,0.01,1000000,1.0
0.0011389456,0.05,1,0.01,1000000,1.0
0.0034888992,0.1,1,0.01,1000000,1.0
0.0131084025,0.15000000000000002,1,0.01,1000000,1.0
0.021714013,0.2,1,0.01,1000000,1.0
0.033707295,0.25,1,0.01,1000000,1.0
0.05428324,0.30000000000000004,1,0.01,1000000,1.0
0.0783342,0.35000000000000003,1,0.01,1000000,1.0
0.11344146,0.4,1,0.01,1000000,1.0
0.161082,0.45,1,0.01,1000000,1.0
0.21279864,0.5,1,0.01,1000000,1.0
0.27363417,0.55,1,0.01,1000000,1.0
0.34987018,0.6000000000000001,1,0.01,1000000,1.0
0.43015924,0.65,1,0.01,1000000,1.0
0.5219282,0.7000000000000001,1,0.01,1000000,1.0
0.62908393,0.75,1,0.01,1000000,1.0
0.7292297,0.8,1,0.01,1000000,1.0
0.8171762,0.8500000000000001,1,0.01,1000000,1.0
0.8952099,0.9,1,0.01,1000000,1.0
0.9537004,0.9500000000000001,1,0.01,1000000,1.0
1.0,1.0,1,0.01,1000000,1.0
0.0,0.0,2,0.01,1000000,1.0
0.08892703,0.05,2,0.01,1000000,1.0
0.16808714,0.1,2,0.01,1000000,1.0
0.25627834,0.15000000000000002,2,0.01,1000000,1.0
0.3411428,0.2,2,0.01,1000000,1.0
0.4143124,0.25,2,0.01,1000000,1.0
0.47886586,0.30000000000000004,2,0.01,1000000,1.0
0.5346525,0.35000000000000003,2,0.01,1000000,1.0
0.5801721,0.4,2,0.01,1000000,1.0
0.62655693,0.45,2,0.01,1000000,1.0
0.66622424,0.5,2,0.01,1000000,1.0
0.7086425,0.55,2,0.01,1000000,1.0
0.74326533,0.6000000000000001,2,0.01,1000000,1.0
0.77896804,0.65,2,0.01,1000000,1.0
0.81080395,0.7000000000000001,2,0.01,1000000,1.0
0.84445876,0.75,2,0.01,1000000,1.0
0.87974995,0.8,2,0.01,1000000,1.0
0.9093097,0.8500000000000001,2,0.01,1000000,1.0
0.93648875,0.9,2,0.01,1000000,1.0
0.9641489,0.9500000000000001,2,0.01,1000000,1.0
1.0,1.0,2,0.01,1000000,1.0
0.0,0.0,3,0.01,1000000,1.0
0.54513985,0.05,3,0.01,1000000,1.0
0.60734963,0.1,3,0.01,1000000,1.0
0.65058196,0.15000000000000002,3,0.01,1000000,1.0
0.6817579,0.2,3,0.01,1000000,1.0
0.7135021,0.25,3,0.01,1000000,1.0
0.74806625,0.30000000000000004,3,0.01,1000000,1.0
0.7793255,0.35000000000000003,3,0.01,1000000,1.0
0.8061983,0.4,3,0.01,1000000,1.0
0.82839346,0.45,3,0.01,1000000,1.0
0.8520918,0.5,3,0.01,1000000,1.0
0.87156475,0.55,3,0.01,1000000,1.0
0.89071465,0.6000000000000001,3,0.01,1000000,1.0
0.90651876,0.65,3,0.01,1000000,1.0
0.92297536,0.7000000000000001,3,0.01,1000000,1.0
0.938332,0.75,3,0.01,1000000,1.0
0.9501504,0.8,3,0.01,1000000,1.0
0.95887697,0.8500000000000001,3,0.01,1000000,1.0
0.9707143,0.9,3,0.01,1000000,1.0
0.98180366,0.9500000000000001,3,0.01,1000000,1.0
1.0,1.0,3,0.01,1000000,1.0
0.00057829526,0.0,4,0.01,1000000,1.0
0.38349435,0.05,4,0.01,1000000,1.0
0.495955,0.1,4,0.01,1000000,1.0
0.56296474,0.15000000000000002,4,0.01,1000000,1.0
0.6081711,0.2,4,0.01,1000000,1.0
0.64264464,0.25,4,0.01,1000000,1.0
0.6730871,0.30000000000000004,4,0.01,1000000,1.0
0.7006638,0.35000000000000003,4,0.01,1000000,1.0
0.7240523,0.4,4,0.01,1000000,1.0
0.75462705,0.45,4,0.01,1000000,1.0
0.78381646,0.5,4,0.01,1000000,1.0
0.8065754,0.55,4,0.01,1000000,1.0
0.83053887,0.6000000000000001,4,0.01,1000000,1.0
0.8544858,0.65,4,0.01,1000000,1.0
0.87872,0.7000000000000001,4,0.01,1000000,1.0
0.9048375,0.75,4,0.01,1000000,1.0
0.92418057,0.8,4,0.01,1000000,1.0
0.9493452,0.8500000000000001,4,0.01,1000000,1.0
0.97395706,0.9,4,0.01,1000000,1.0
0.99247515,0.9500000000000001,4,0.01,1000000,1.0
1.0,1.0,4,0.01,1000000,1.0
0.00079380954,0.0,5,0.01,1000000,1.0
0.5543313,0.05,5,0.01,1000000,1.0
0.6331484,0.1,5,0.01,1000000,1.0
0.68862283,0.15000000000000002,5,0.01,1000000,1.0
0.72640985,0.2,5,0.01,1000000,1.0
0.76313454,0.25,5,0.01,1000000,1.0
0.793317,0.30000000000000004,5,0.01,1000000,1.0
0.8193949,0.35000000000000003,5,0.01,1000000,1.0
0.84141684,0.4,5,0.01,1000000,1.0
0.86154956,0.45,5,0.01,1000000,1.0
0.88371164,0.5,5,0.01,1000000,1.0
0.8989482,0.55,5,0.01,1000000,1.0
0.91901994,0.6000000000000001,5,0.01,1000000,1.0
0.9344827,0.65,5,0.01,1000000,1.0
0.9497578,0.7000000000000001,5,0.01,1000000,1.0
0.9652459,0.75,5,0.01,1000000,1.0
0.9765501,0.8,5,0.01,1000000,1.0
0.9875137,0.8500000000000001,5,0.01,1000000,1.0
0.99572545,0.9,5,0.01,1000000,1.0
0.99961805,0.9500000000000001,5,0.01,1000000,1.0
1.0,1.0,5,0.01,1000000,1.0
0.0,0.0,6,0.01,1000000,1.0
0.35011664,0.05,6,0.01,1000000,1.0
0.43117085,0.1,6,0.01,1000000,1.0
0.47776562,0.15000000000000002,6,0.01,1000000,1.0
0.51357466,0.2,6,0.01,1000000,1.0
0.54533947,0.25,6,0.01,1000000,1.0
0.58282524,0.30000000000000004,6,0.01,1000000,1.0
0.61429894,0.35000000000000003,6,0.01,1000000,1.0
0.6433918,0.4,6,0.01,1000000,1.0
0.68162984,0.45,6,0.01,1000000,1.0
0.7213923,0.5,6,0.01,1000000,1.0
0.76245725,0.55,6,0.01,1000000,1.0
0.7996857,0.6000000000000001,6,0.01,1000000,1.0
0.8375715,0.65,6,0.01,1000000,1.0
0.8720037,0.7000000000000001,6,0.01,1000000,1.0
0.9017639,0.75,6,0.01,1000000,1.0
0.9285047,0.8,6,0.01,1000000,1.0
0.9483477,0.8500000000000001,6,0.01,1000000,1.0
0.9641779,0.9,6,0.01,1000000,1.0
0.97785836,0.9500000000000001,6,0.01,1000000,1.0
1.0,1.0,6,0.01,1000000,1.0
0.0,0.0,7,0.01,1000000,1.0
0.14415339,0.05,7,0.01,1000000,1.0
0.24425821,0.1,7,0.01,1000000,1.0
0.3264485,0.15000000000000002,7,0.01,1000000,1.0
0.39820102,0.2,7,0.01,1000000,1.0
0.46188983,0.25,7,0.01,1000000,1.0
0.5172353,0.30000000000000004,7,0.01,1000000,1.0
0.57204443,0.35000000000000003,7,0.01,1000000,1.0
0.6231007,0.4,7,0.01,1000000,1.0
0.6670612,0.45,7,0.01,1000000,1.0
0.71378946,0.5,7,0.01,1000000,1.0
0.7534979,0.55,7,0.01,1000000,1.0
0.7930319,0.6000000000000001,7,0.01,1000000,1.0
0.8295259,0.65,7,0.01,1000000,1.0
0.86342835,0.7000000000000001,7,0.01,1000000,1.0
0.894058,0.75,7,0.01,1000000,1.0
0.9245168,0.8,7,0.01,1000000,1.0
0.9495321,0.8500000000000001,7,0.01,1000000,1.0
0.97216725,0.9,7,0.01,1000000,1.0
0.9895898,0.9500000000000001,7,0.01,1000000,1.0
1.0,1.0,7,0.01,1000000,1.0
0.0,0.0,8,0.01,1000000,1.0
0.31405738,0.05,8,0.01,1000000,1.0
0.4177995,0.1,8,0.01,1000000,1.0
0.49501964,0.15000000000000002,8,0.01,1000000,1.0
0.56219643,0.2,8,0.01,1000000,1.0
0.6146226,0.25,8,0.01,1000000,1.0
0.662121,0.30000000000000004,8,0.01,1000000,1.0
0.70440716,0.35000000000000003,8,0.01,1000000,1.0
0.7430189,0.4,8,0.01,1000000,1.0
0.77648425,0.45,8,0.01,1000000,1.0
0.8062133,0.5,8,0.01,1000000,1.0
0.8347323,0.55,8,0.01,1000000,1.0
0.8602818,0.6000000000000001,8,0.01,1000000,1.0
0.8831713,0.65,8,0.01,1000000,1.0
0.9065855,0.7000000000000001,8,0.01,1000000,1.0
0.9292792,0.75,8,0.01,1000000,1.0
0.9473381,0.8,8,0.01,1000000,1.0
0.96532196,0.8500000000000001,8,0.01,1000000,1.0
0.9797891,0.9,8,0.01,1000000,1.0
0.99180096,0.9500000000000001,8,0.01,1000000,1.0
1.0,1.0,8,0.01,1000000,1.0
0.0,0.0,9,0.01,1000000,1.0
0.12526074,0.05,9,0.01,1000000,1.0
0.25724143,0.1,9,0.01,1000000,1.0
0.38251972,0.15000000000000002,9,0.01,1000000,1.0
0.47856098,0.2,9,0.01,1000000,1.0
0.5666633,0.25,9,0.01,1000000,1.0
0.63358927,0.30000000000000004,9,0.01,1000000,1.0
0.68588334,0.35000000000000003,9,0.01,1000000,1.0
0.72642636,0.4,9,0.01,1000000,1.0
0.7594563,0.45,9,0.01,1000000,1.0
0.79517114,0.5,9,0.01,1000000,1.0
0.82421577,0.55,9,0.01,1000000,1.0
0.8547189,0.6000000000000001,9,0.01,1000000,1.0
0.88077265,0.65,9,0.01,1000000,1.0
0.90278465,0.7000000000000001,9,0.01,1000000,1.0
0.9268663,0.75,9,0.01,1000000,1.0
0.94857305,0.8,9,0.01,1000000,1.0
0.9691068,0.8500000000000001,9,0.01,1000000,1.0
0.9864188,0.9,9,0.01,1000000,1.0
0.9969604,0.9500000000000001,9,0.01,1000000,1.0
1.0,1.0,9,0.01,1000000,1.0
0.0,0.0,0,0.02,1000000,1.0
0.6652854,0.05,0,0.02,1000000,1.0
0.70311487,0.1,0,0.02,1000000,1.0
0.7300086,0.15000000000000002,0,0.02,1000000,1.0
0.75068223,0.2,0,0.02,1000000,1.0
0.7711533,0.25,0,0.02,1000000,1.0
0.7901251,0.30000000000000004,0,0.02,1000000,1.0
0.80737305,0.35000000000000003,0,0.02,1000000,1.0
0.8267922,0.4,0,0.02,1000000,1.0
0.84350604,0.45,0,0.02,1000000,1.0
0.8589266,0.5,0,0.02,1000000,1.0
0.8748696,0.55,0,0.02,1000000,1.0
0.8902462,0.6000000000000001,0,0.02,1000000,1.0
0.9053918,0.65,0,0.02,1000000,1.0
0.9198629,0.7000000000000001,0,0.02,1000000,1.0
0.9351532,0.75,0,0.02,1000000,1.0
0.95321435,0.8,0,0.02,1000000,1.0
0.9706097,0.8500000000000001,0,0.02,1000000,1.0
0.98506975,0.9,0,0.02,1000000,1.0
0.99354124,0.9500000000000001,0,0.02,1000000,1.0
1.0,1.0,0,0.02,1000000,1.0
0.00020528588,0.0,1,0.02,1000000,1.0
0.5630487,0.05,1,0.02,1000000,1.0
0.68765205,0.1,1,0.02,1000000,1.0
0.7434938,0.15000000000000002,1,0.02,1000000,1.0
0.7743274,0.2,1,0.02,1000000,1.0
0.7974884,0.25,1,0.02,1000000,1.0
0.8175563,0.30000000000000004,1,0.02,1000000,1.0
0.8356964,0.35000000000000003,1,0.02,1000000,1.0
0.8542158,0.4,1,0.02,1000000,1.0
0.87046266,0.45,1,0.02,1000000,1.0
0.8842847,0.5,1,0.02,1000000,1.0
0.899138,0.55,1,0.02,1000000,1.0
0.91361654,0.6000000000000001,1,0.02,1000000,1.0
0.9294006,0.65,1,0.02,1000000,1.0
0.9431625,0.7000000000000001,1,0.02,1000000,1.0
0.9581667,0.75,1,0.02,1000000,1.0
0.9710518,0.8,1,0.02,1000000,1.0
0.98230624,0.8500000000000001,1,0.02,1000000,1.0
0.9910581,0.9,1,0.02,1000000,1.0
0.9961834,0.9500000000000001,1,0.02,1000000,1.0
1.0,1.0,1,0.02,1000000,1.0
0.0,0.0,2,0.02,1000000,1.0
0.72881746,0.05,2,0.02,1000000,1.0
0.77872795,0.1,2,0.02,1000000,1.0
0.81009704,0.15000000000000002,2,0.02,1000000,1.0
0.8344185,0.2,2,0.02,1000000,1.0
0.852795,0.25,2,0.02,1000000,1.0
0.86874497,0.30000000000000004,2,0.02,1000000,1.0
0.8815693,0.35000000000000003,2,0.02,1000000,1.0
0.89519715,0.4,2,0.02,1000000,1.0
0.90705335,0.45,2,0.02,1000000,1.0
0.9183053,0.5,2,0.02,1000000,1.0
0.9288758,0.55,2,0.02,1000000,1.0
0.94013053,0.6000000000000001,2,0.02,1000000,1.0
0.9510355,0.65,2,0.02,1000000,1.0
0.959734,0.7000000000000001,2,0.02,1000000,1.0
0.96871567,0.75,2,0.02,1000000,1.0
0.9772715,0.8,2,0.02,1000000,1.0
0.98623705,0.8500000000000001,2,0.02,1000000,1.0
0.9918313,0.9,2,0.02,1000000,1.0
0.9958356,0.9500000000000001,2,0.02,1000000,1.0
0.99991745,1.0,2,0.02,1000000,1.0
0.0,0.0,3,0.02,1000000,1.0
0.7847933,0.05,3,0.02,1000000,1.0
0.83855504,0.1,3,0.02,1000000,1.0
0.86248654,0.15000000000000002,3,0.02,1000000,1.0
0.8807523,0.2,3,0.02,1000000,1.0
0.89089024,0.25,3,0.02,1000000,1.0
0.8991965,0.30000000000000004,3,0.02,1000000,1.0
0.90809804,0.35000000000000003,3,0.02,1000000,1.0
0.916881,0.4,3,0.02,1000000,1.0
0.92651933,0.45,3,0.02,1000000,1.0
0.93622255,0.5,3,0.02,1000000,1.0
0.94615984,0.55,3,0.02,1000000,1.0
0.95376074,0.6000000000000001,3,0.02,1000000,1.0
0.9630563,0.65,3,0.02,1000000,1.0
0.97180516,0.7000000000000001,3,0.02,1000000,1.0
0.97866535,0.75,3,0.02,1000000,1.0
0.98645735,0.8,3,0.02,1000000,1.0
0.99202645,0.8500000000000001,3,0.02,1000000,1.0
0.9963571,0.9,3,0.02,1000000,1.0
0.998485,0.9500000000000001,3,0.02,1000000,1.0
1.0,1.0,3,0.02,1000000,1.0
0.0,0.0,4,0.02,1000000,1.0
0.47143435,0.05,4,0.02,1000000,1.0
0.5956899,0.1,4,0.02,1000000,1.0
0.64806634,0.15000000000000002,4,0.02,1000000,1.0
0.6861585,0.2,4,0.02,1000000,1.0
0.71284497,0.25,4,0.02,1000000,1.0
0.73695976,0.30000000000000004,4,0.02,1000000,1.0
0.7587628,0.35000000000000003,4,0.02,1000000,1.0
0.7803447,0.4,4,0.02,1000000,1.0
0.80131274,0.45,4,0.02,1000000,1.0
0.81995213,0.5,4,0.02,1000000,1.0
0.8363065,0.55,4,0.02,1000000,1.0
0.8537202,0.6000000000000001,4,0.02,1000000,1.0
0.87309116,0.65,4,0.02,1000000,1.0
0.89408314,0.7000000000000001,4,0.02,1000000,1.0
0.9118752,0.75,4,0.02,1000000,1.0
0.9309059,0.8,4,0.02,1000000,1.0
0.9508921,0.8500000000000001,4,0.02,1000000,1.0
0.96962243,0.9,4,0.02,1000000,1.0
0.9884624,0.9500000000000001,4,0.02,1000000,1.0
1.0,1.0,4,0.02,1000000,1.0
0.0,0.0,5,0.02,1000000,1.0
0.30630064,0.05,5,0.02,1000000,1.0
0.41014427,0.1,5,0.02,1000000,1.0
0.48140082,0.15000000000000002,5,0.02,1000000,1.0
0.5252949,0.2,5,0.02,1000000,1.0
0.5571291,0.25,5,0.02,1000000,1.0
0.5806977,0.30000000000000004,5,0.02,1000000,1.0
0.6047585,0.35000000000000003,5,0.02,1000000,1.0
0.625493,0.4,5,0.02,1000000,1.0
0.6462638,0.45,5,0.02,1000000,1.0
0.6669521,0.5,5,0.02,1000000,1.0
0.6886584,0.55,5,0.02,1000000,1.0
0.70742875,0.6000000000000001,5,0.02,1000000,1.0
0.7282836,0.65,5,0.02,1000000,1.0
0.75149816,0.7000000000000001,5,0.02,1000000,1.0
0.7778422,0.75,5,0.02,1000000,1.0
0.80726784,0.8,5,0.02,1000000,1.0
0.8430914,0.8500000000000001,5,0.02,1000000,1.0
0.88738495,0.9,5,0.02,1000000,1.0
0.9370361,0.9500000000000001,5,0.02,1000000,1.0
1.0,1.0,5,0.02,1000000,1.0
0.0,0.0,6,0.02,1000000,1.0
0.68898565,0.05,6,0.02,1000000,1.0
0.7272561,0.1,6,0.02,1000000,1.0
0.75171715,0.15000000000000002,6,0.02,1000000,1.0
0.7694039,0.2,6,0.02,1000000,1.0
0.78418905,0.25,6,0.02,1000000,1.0
0.7987478,0.30000000000000004,6,0.02,1000000,1.0
0.8160847,0.35000000000000003,6,0.02,1000000,1.0
0.83254886,0.4,6,0.02,1000000,1.0
0.8504567,0.45,6,0.02,1000000,1.0
0.86756486,0.5,6,0.02,1000000,1.0
0.88428,0.55,6,0.02,1000000,1.0
0.9024935,0.6000000000000001,6,0.02,1000000,1.0
0.9212877,0.65,6,0.02,1000000,1.0
0.93684316,0.7000000000000001,6,0.02,1000000,1.0
0.95279694,0.75,6,0.02,1000000,1.0
0.96763206,0.8,6,0.02,1000000,1.0
0.97860175,0.8500000000000001,6,0.02,1000000,1.0
0.9891187,0.9,6,0.02,1000000,1.0
0.9959156,0.9500000000000001,6,0.02,1000000,1.0
1.0,1.0,6,0.02,1000000,1.0
0.0,0.0,7,0.02,1000000,1.0
0.617993,0.05,7,0.02,1000000,1.0
0.65847886,0.1,7,0.02,1000000,1.0
0.6883709,0.15000000000000002,7,0.02,1000000,1.0
0.7187193,0.2,7,0.02,1000000,1.0
0.7522511,0.25,7,0.02,1000000,1.0
0.7825361,0.30000000000000004,7,0.02,1000000,1.0
0.8120477,0.35000000000000003,7,0.02,1000000,1.0
0.83908933,0.4,7,0.02,1000000,1.0
0.8640655,0.45,7,0.02,1000000,1.0
0.8869371,0.5,7,0.02,1000000,1.0
0.9084447,0.55,7,0.02,1000000,1.0
0.92716765,0.6000000000000001,7,0.02,1000000,1.0
0.94339335,0.65,7,0.02,1000000,1.0
0.95749515,0.7000000000000001,7,0.02,1000000,1.0
0.9701447,0.75,7,0.02,1000000,1.0
0.98028505,0.8,7,0.02,1000000,1.0
0.9890636,0.8500000000000001,7,0.02,1000000,1.0
0.99563915,0.9,7,0.02,1000000,1.0
0.9991471,0.9500000000000001,7,0.02,1000000,1.0
1.0,1.0,7,0.02,1000000,1.0
0.0,0.0,8,0.02,1000000,1.0
0.13497904,0.05,8,0.02,1000000,1.0
0.16923079,0.1,8,0.02,1000000,1.0
0.19227642,0.15000000000000002,8,0.02,1000000,1.0
0.21451686,0.2,8,0.02,1000000,1.0
0.23542206,0.25,8,0.02,1000000,1.0
0.25800955,0.30000000000000004,8,0.02,1000000,1.0
0.28189942,0.35000000000000003,8,0.02,1000000,1.0
0.3063118,0.4,8,0.02,1000000,1.0
0.33198565,0.45,8,0.02,1000000,1.0
0.35747686,0.5,8,0.02,1000000,1.0
0.3883084,0.55,8,0.02,1000000,1.0
0.41999078,0.6000000000000001,8,0.02,1000000,1.0
0.45768657,0.65,8,0.02,1000000,1.0
0.5069548,0.7000000000000001,8,0.02,1000000,1.0
0.5601856,0.75,8,0.02,1000000,1.0
0.6239719,0.8,8,0.02,1000000,1.0
0.6932699,0.8500000000000001,8,0.02,1000000,1.0
0.75531495,0.9,8,0.02,1000000,1.0
0.8070505,0.9500000000000001,8,0.02,1000000,1.0
0.9999163,1.0,8,0.02,1000000,1.0
0.0,0.0,9,0.02,1000000,1.0
0.5580731,0.05,9,0.02,1000000,1.0
0.6218943,0.1,9,0.02,1000000,1.0
0.66705495,0.15000000000000002,9,0.02,1000000,1.0
0.7049707,0.2,9,0.02,1000000,1.0
0.73810136,0.25,9,0.02,1000000,1.0
0.7658625,0.30000000000000004,9,0.02,1000000,1.0
0.7915302,0.35000000000000003,9,0.02,1000000,1.0
0.81647015,0.4,9,0.02,1000000,1.0
0.8392032,0.45,9,0.02,1000000,1.0
0.8620734,0.5,9,0.02,1000000,1.0
0.8854192,0.55,9,0.02,1000000,1.0
0.9072513,0.6000000000000001,9,0.02,1000000,1.0
0.92649895,0.65,9,0.02,1000000,1.0
0.9467215,0.7000000000000001,9,0.02,1000000,1.0
0.9620662,0.75,9,0.02,1000000,1.0
0.97597194,0.8,9,0.02,1000000,1.0
0.9859424,0.8500000000000001,9,0.02,1000000,1.0
0.99472725,0.9,9,0.02,1000000,1.0
0.99928224,0.9500000000000001,9,0.02,1000000,1.0
1.0,1.0,9,0.02,1000000,1.0
0.0,0.0,0,0.01,1000000,0.1
0.032387894,0.05,0,0.01,1000000,0.1
0.08857871,0.1,0,0.01,1000000,0.1
0.17641963,0.15000000000000002,0,0.01,1000000,0.1
0.27090672,0.2,0,0.01,1000000,0.1
0.35683376,0.25,0,0.01,1000000,0.1
0.43601528,0.30000000000000004,0,0.01,1000000,0.1
0.50925195,0.35000000000000003,0,0.01,1000000,0.1
0.5753072,0.4,0,0.01,1000000,0.1
0.6413403,0.45,0,0.01,1000000,0.1
0.69207406,0.5,0,0.01,1000000,0.1
0.74056447,0.55,0,0.01,1000000,0.1
0.78035134,0.6000000000000001,0,0.01,1000000,0.1
0.82052416,0.65,0,0.01,1000000,0.1
0.8556749,0.7000000000000001,0,0.01,1000000,0.1
0.8927538,0.75,0,0.01,1000000,0.1
0.92089134,0.8,0,0.01,1000000,0.1
0.94628453,0.8500000000000001,0,0.01,1000000,0.1
0.9722219,0.9,0,0.01,1000000,0.1
0.9917634,0.9500000000000001,0,0.01,1000000,0.1
1.0,1.0,0,0.01,1000000,0.1
0.0,0.0,0,0.01,1000000,10.0
0.039668143,0.05,0,0.01,1000000,10.0
0.09040648,0.1,0,0.01,1000000,10.0
0.1397027,0.15000000000000002,0,0.01,1000000,10.0
0.19573577,0.2,0,0.01,1000000,10.0
0.2629123,0.25,0,0.01,1000000,10.0
0.33758247,0.30000000000000004,0,0.01,1000000,10.0
0.42516065,0.35000000000000003,0,0.01,1000000,10.0
0.5169288,0.4,0,0.01,1000000,10.0
0.6131093,0.45,0,0.01,1000000,10.0
0.7020902,0.5,0,0.01,1000000,10.0
0.77582306,0.55,0,0.01,1000000,10.0
0.83496726,0.6000000000000001,0,0.01,1000000,10.0
0.88463384,0.65,0,0.01,1000000,10.0
0.92111456,0.7000000000000001,0,0.01,1000000,10.0
0.950635,0.75,0,0.01,1000000,10.0
0.96979296,0.8,0,0.01,1000000,10.0
0.9853034,0.8500000000000001,0,0.01,1000000,10.0
0.9938487,0.9,0,0.01,1000000,10.0
0.9993068,0.9500000000000001,0,0.01,1000000,10.0
1.0,1.0,0,0.01,1000000,10.0
0.0,0.0,1,0.01,1000000,0.1
0.006474766,0.05,1,0.01,1000000,0.1
0.015555412,0.1,1,0.01,1000000,0.1
0.030598748,0.15000000000000002,1,0.01,1000000,0.1
0.04780908,0.2,1,0.01,1000000,0.1
0.07038529,0.25,1,0.01,1000000,0.1
0.10405166,0.30000000000000004,1,0.01,1000000,0.1
0.13683678,0.35000000000000003,1,0.01,1000000,0.1
0.1725678,0.4,1,0.01,1000000,0.1
0.2170295,0.45,1,0.01,1000000,0.1
0.2605692,0.5,1,0.01,1000000,0.1
0.31080824,0.55,1,0.01,1000000,0.1
0.3643764,0.6000000000000001,1,0.01,1000000,0.1
0.43045518,0.65,1,0.01,1000000,0.1
0.48952776,0.7000000000000001,1,0.01,1000000,0.1
0.5555395,0.75,1,0.01,1000000,0.1
0.6218305,0.8,1,0.01,1000000,0.1
0.68296623,0.8500000000000001,1,0.01,1000000,0.1
0.75179386,0.9,1,0.01,1000000,0.1
0.8416397,0.9500000000000001,1,0.01,1000000,0.1
1.0,1.0,1,0.01,1000000,0.1
0.0,0.0,1,0.01,1000000,10.0
0.00019677657,0.05,1,0.01,1000000,10.0
0.004837885,0.1,1,0.01,1000000,10.0
0.020088287,0.15000000000000002,1,0.01,1000000,10.0
0.06184848,0.2,1,0.01,1000000,10.0
0.13308899,0.25,1,0.01,1000000,10.0
0.21841463,0.30000000000000004,1,0.01,1000000,10.0
0.3191144,0.35000000000000003,1,0.01,1000000,10.0
0.41677895,0.4,1,0.01,1000000,10.0
0.53117603,0.45,1,0.01,1000000,10.0
0.6399626,0.5,1,0.01,1000000,10.0
0.7325735,0.55,1,0.01,1000000,10.0
0.80776733,0.6000000000000001,1,0.01,1000000,10.0
0.8731252,0.65,1,0.01,1000000,10.0
0.9135167,0.7000000000000001,1,0.01,1000000,10.0
0.94408166,0.75,1,0.01,1000000,10.0
0.967187,0.8,1,0.01,1000000,10.0
0.9817373,0.8500000000000001,1,0.01,1000000,10.0
0.99240816,0.9,1,0.01,1000000,10.0
0.99873,0.9500000000000001,1,0.01,1000000,10.0
1.0,1.0,1,0.01,1000000,10.0
0.0,0.0,2,0.01,1000000,0.1
0.033629626,0.05,2,0.01,1000000,0.1
0.06559709,0.1,2,0.01,1000000,0.1
0.11434,0.15000000000000002,2,0.01,1000000,0.1
0.16718668,0.2,2,0.01,1000000,0.1
0.21233328,0.25,2,0.01,1000000,0.1
0.2706875,0.30000000000000004,2,0.01,1000000,0.1
0.3244574,0.35000000000000003,2,0.01,1000000,0.1
0.3794857,0.4,2,0.01,1000000,0.1
0.44257078,0.45,2,0.01,1000000,0.1
0.49894655,0.5,2,0.01,1000000,0.1
0.5575151,0.55,2,0.01,1000000,0.1
0.6142389,0.6000000000000001,2,0.01,1000000,0.1
0.6676774,0.65,2,0.01,1000000,0.1
0.71630704,0.7000000000000001,2,0.01,1000000,0.1
0.76516277,0.75,2,0.01,1000000,0.1
0.80746746,0.8,2,0.01,1000000,0.1
0.8450924,0.8500000000000001,2,0.01,1000000,0.1
0.8808752,0.9,2,0.01,1000000,0.1
0.9187896,0.9500000000000001,2,0.01,1000000,0.1
1.0,1.0,2,0.01,1000000,0.1
0.0,0.0,2,0.01,1000000,10.0
0.00018218224,0.05,2,0.01,1000000,10.0
0.00072111224,0.1,2,0.01,1000000,10.0
0.006124856,0.15000000000000002,2,0.01,1000000,10.0
0.0320991,0.2,2,0.01,1000000,10.0
0.08325044,0.25,2,0.01,1000000,10.0
0.15793644,0.30000000000000004,2,0.01,1000000,10.0
0.26152992,0.35000000000000003,2,0.01,1000000,10.0
0.3801645,0.4,2,0.01,1000000,10.0
0.50547564,0.45,2,0.01,1000000,10.0
0.60806847,0.5,2,0.01,1000000,10.0
0.7012019,0.55,2,0.01,1000000,10.0
0.7805794,0.6000000000000001,2,0.01,1000000,10.0
0.8387417,0.65,2,0.01,1000000,10.0
0.8895657,0.7000000000000001,2,0.01,1000000,10.0
0.9322932,0.75,2,0.01,1000000,10.0
0.9608751,0.8,2,0.01,1000000,10.0
0.97980756,0.8500000000000001,2,0.01,1000000,10.0
0.9923733,0.9,2,0.01,1000000,10.0
0.9981142,0.9500000000000001,2,0.01,1000000,10.0
1.0,1.0,2,0.01,1000000,10.0
0.0,0.0,3,0.01,1000000,10.0
0.35186708,0.05,3,0.01,1000000,10.0
0.4084757,0.1,3,0.01,1000000,10.0
0.4600474,0.15000000000000002,3,0.01,1000000,10.0
0.5086731,0.2,3,0.01,1000000,10.0
0.55589604,0.25,3,0.01,1000000,10.0
0.6001603,0.30000000000000004,3,0.01,1000000,10.0
0.6502982,0.35000000000000003,3,0.01,1000000,10.0
0.7050626,0.4,3,0.01,1000000,10.0
0.7534486,0.45,3,0.01,1000000,10.0
0.80026144,0.5,3,0.01,1000000,10.0
0.83886576,0.55,3,0.01,1000000,10.0
0.8727913,0.6000000000000001,3,0.01,1000000,10.0
0.9062893,0.65,3,0.01,1000000,10.0
0.9315899,0.7000000000000001,3,0.01,1000000,10.0
0.9489033,0.75,3,0.01,1000000,10.0
0.9669991,0.8,3,0.01,1000000,10.0
0.98214304,0.8500000000000001,3,0.01,1000000,10.0
0.99099374,0.9,3,0.01,1000000,10.0
0.9979207,0.9500000000000001,3,0.01,1000000,10.0
1.0,1.0,3,0.01,1000000,10.0
0.0,0.0,3,0.01,1000000,0.1
0.32388034,0.05,3,0.01,1000000,0.1
0.54402226,0.1,3,0.01,1000000,0.1
0.6652654,0.15000000000000002,3,0.01,1000000,0.1
0.7316225,0.2,3,0.01,1000000,0.1
0.77373624,0.25,3,0.01,1000000,0.1
0.80039644,0.30000000000000004,3,0.01,1000000,0.1
0.81794095,0.35000000000000003,3,0.01,1000000,0.1
0.83431685,0.4,3,0.01,1000000,0.1
0.84976125,0.45,3,0.01,1000000,0.1
0.8626419,0.5,3,0.01,1000000,0.1
0.8742649,0.55,3,0.01,1000000,0.1
0.886404,0.6000000000000001,3,0.01,1000000,0.1
0.898142,0.65,3,0.01,1000000,0.1
0.910443,0.7000000000000001,3,0.01,1000000,0.1
0.9250539,0.75,3,0.01,1000000,0.1
0.9396833,0.8,3,0.01,1000000,0.1
0.9564477,0.8500000000000001,3,0.01,1000000,0.1
0.9730857,0.9,3,0.01,1000000,0.1
0.98911184,0.9500000000000001,3,0.01,1000000,0.1
1.0,1.0,3,0.01,1000000,0.1
0.0,0.0,4,0.01,1000000,10.0
0.47510943,0.05,4,0.01,1000000,10.0
0.5141027,0.1,4,0.01,1000000,10.0
0.5482617,0.15000000000000002,4,0.01,1000000,10.0
0.5716071,0.2,4,0.01,1000000,10.0
0.602442,0.25,4,0.01,1000000,10.0
0.629554,0.30000000000000004,4,0.01,1000000,10.0
0.66580606,0.35000000000000003,4,0.01,1000000,10.0
0.7051476,0.4,4,0.01,1000000,10.0
0.7445147,0.45,4,0.01,1000000,10.0
0.78495604,0.5,4,0.01,1000000,10.0
0.82914,0.55,4,0.01,1000000,10.0
0.8674425,0.6000000000000001,4,0.01,1000000,10.0
0.9000335,0.65,4,0.01,1000000,10.0
0.9260542,0.7000000000000001,4,0.01,1000000,10.0
0.9512448,0.75,4,0.01,1000000,10.0
0.9734395,0.8,4,0.01,1000000,10.0
0.9871084,0.8500000000000001,4,0.01,1000000,10.0
0.9953895,0.9,4,0.01,1000000,10.0
0.9993165,0.9500000000000001,4,0.01,1000000,10.0
1.0,1.0,4,0.01,1000000,10.0
0.00097232556,0.0,4,0.01,1000000,0.1
0.17940876,0.05,4,0.01,1000000,0.1
0.22265382,0.1,4,0.01,1000000,0.1
0.24883138,0.15000000000000002,4,0.01,1000000,0.1
0.27395454,0.2,4,0.01,1000000,0.1
0.30092496,0.25,4,0.01,1000000,0.1
0.32417962,0.30000000000000004,4,0.01,1000000,0.1
0.34557328,0.35000000000000003,4,0.01,1000000,0.1
0.3714713,0.4,4,0.01,1000000,0.1
0.39471734,0.45,4,0.01,1000000,0.1
0.42105272,0.5,4,0.01,1000000,0.1
0.45129246,0.55,4,0.01,1000000,0.1
0.4811096,0.6000000000000001,4,0.01,1000000,0.1
0.5198026,0.65,4,0.01,1000000,0.1
0.5544661,0.7000000000000001,4,0.01,1000000,0.1
0.5934444,0.75,4,0.01,1000000,0.1
0.6300668,0.8,4,0.01,1000000,0.1
0.68253154,0.8500000000000001,4,0.01,1000000,0.1
0.73349744,0.9,4,0.01,1000000,0.1
0.8047135,0.9500000000000001,4,0.01,1000000,0.1
1.0,1.0,4,0.01,1000000,0.1
0.0016400297,0.0,5,0.01,1000000,10.0
0.42222512,0.05,5,0.01,1000000,10.0
0.45601726,0.1,5,0.01,1000000,10.0
0.4862568,0.15000000000000002,5,0.01,1000000,10.0
0.51553583,0.2,5,0.01,1000000,10.0
0.55136335,0.25,5,0.01,1000000,10.0
0.5970938,0.30000000000000004,5,0.01,1000000,10.0
0.6463392,0.35000000000000003,5,0.01,1000000,10.0
0.69677496,0.4,5,0.01,1000000,10.0
0.7425297,0.45,5,0.01,1000000,10.0
0.7889214,0.5,5,0.01,1000000,10.0
0.8296176,0.55,5,0.01,1000000,10.0
0.8668076,0.6000000000000001,5,0.01,1000000,10.0
0.90066624,0.65,5,0.01,1000000,10.0
0.92722404,0.7000000000000001,5,0.01,1000000,10.0
0.94905263,0.75,5,0.01,1000000,10.0
0.9702172,0.8,5,0.01,1000000,10.0
0.98448575,0.8500000000000001,5,0.01,1000000,10.0
0.9943357,0.9,5,0.01,1000000,10.0
0.99917436,0.9500000000000001,5,0.01,1000000,10.0
1.0,1.0,5,0.01,1000000,10.0
0.0,0.0,5,0.01,1000000,0.1
0.24593885,0.05,5,0.01,1000000,0.1
0.30709752,0.1,5,0.01,1000000,0.1
0.34175926,0.15000000000000002,5,0.01,1000000,0.1
0.36734626,0.2,5,0.01,1000000,0.1
0.39370483,0.25,5,0.01,1000000,0.1
0.42101926,0.30000000000000004,5,0.01,1000000,0.1
0.44121626,0.35000000000000003,5,0.01,1000000,0.1
0.46630833,0.4,5,0.01,1000000,0.1
0.49045113,0.45,5,0.01,1000000,0.1
0.51080644,0.5,5,0.01,1000000,0.1
0.5303163,0.55,5,0.01,1000000,0.1
0.5517209,0.6000000000000001,5,0.01,1000000,0.1
0.5708374,0.65,5,0.01,1000000,0.1
0.59246135,0.7000000000000001,5,0.01,1000000,0.1
0.616948,0.75,5,0.01,1000000,0.1
0.6409952,0.8,5,0.01,1000000,0.1
0.66217566,0.8500000000000001,5,0.01,1000000,0.1
0.6937468,0.9,5,0.01,1000000,0.1
0.72954744,0.9500000000000001,5,0.01,1000000,0.1
1.0,1.0,5,0.01,1000000,0.1
0.00076786825,0.0,6,0.01,1000000,10.0
0.25564525,0.05,6,0.01,1000000,10.0
0.31586376,0.1,6,0.01,1000000,10.0
0.36599696,0.15000000000000002,6,0.01,1000000,10.0
0.41285434,0.2,6,0.01,1000000,10.0
0.45761657,0.25,6,0.01,1000000,10.0
0.51017594,0.30000000000000004,6,0.01,1000000,10.0
0.57222515,0.35000000000000003,6,0.01,1000000,10.0
0.62982655,0.4,6,0.01,1000000,10.0
0.68752366,0.45,6,0.01,1000000,10.0
0.749589,0.5,6,0.01,1000000,10.0
0.8056373,0.55,6,0.01,1000000,10.0
0.84900814,0.6000000000000001,6,0.01,1000000,10.0
0.8877783,0.65,6,0.01,1000000,10.0
0.92114466,0.7000000000000001,6,0.01,1000000,10.0
0.94348925,0.75,6,0.01,1000000,10.0
0.9639458,0.8,6,0.01,1000000,10.0
0.97891366,0.8500000000000001,6,0.01,1000000,10.0
0.9900545,0.9,6,0.01,1000000,10.0
0.9969758,0.9500000000000001,6,0.01,1000000,10.0
1.0,1.0,6,0.01,1000000,10.0
0.0,0.0,6,0.01,1000000,0.1
0.056947533,0.05,6,0.01,1000000,0.1
0.09929197,0.1,6,0.01,1000000,0.1
0.13210656,0.15000000000000002,6,0.01,1000000,0.1
0.16454557,0.2,6,0.01,1000000,0.1
0.1976022,0.25,6,0.01,1000000,0.1
0.22671449,0.30000000000000004,6,0.01,1000000,0.1
0.25594127,0.35000000000000003,6,0.01,1000000,0.1
0.28562862,0.4,6,0.01,1000000,0.1
0.3136508,0.45,6,0.01,1000000,0.1
0.34338397,0.5,6,0.01,1000000,0.1
0.37815687,0.55,6,0.01,1000000,0.1
0.41313753,0.6000000000000001,6,0.01,1000000,0.1
0.44915202,0.65,6,0.01,1000000,0.1
0.497354,0.7000000000000001,6,0.01,1000000,0.1
0.5536028,0.75,6,0.01,1000000,0.1
0.6170215,0.8,6,0.01,1000000,0.1
0.68258023,0.8500000000000001,6,0.01,1000000,0.1
0.76283765,0.9,6,0.01,1000000,0.1
0.8381213,0.9500000000000001,6,0.01,1000000,0.1
1.0,1.0,6,0.01,1000000,0.1
0.0,0.0,7,0.01,1000000,0.1
0.07411612,0.05,7,0.01,1000000,0.1
0.14159809,0.1,7,0.01,1000000,0.1
0.19697453,0.15000000000000002,7,0.01,1000000,0.1
0.24644293,0.2,7,0.01,1000000,0.1
0.28789216,0.25,7,0.01,1000000,0.1
0.32222104,0.30000000000000004,7,0.01,1000000,0.1
0.35973015,0.35000000000000003,7,0.01,1000000,0.1
0.39744964,0.4,7,0.01,1000000,0.1
0.43854743,0.45,7,0.01,1000000,0.1
0.47741064,0.5,7,0.01,1000000,0.1
0.5194698,0.55,7,0.01,1000000,0.1
0.5600368,0.6000000000000001,7,0.01,1000000,0.1
0.6035271,0.65,7,0.01,1000000,0.1
0.6517967,0.7000000000000001,7,0.01,1000000,0.1
0.7030588,0.75,7,0.01,1000000,0.1
0.7502635,0.8,7,0.01,1000000,0.1
0.803797,0.8500000000000001,7,0.01,1000000,0.1
0.85386485,0.9,7,0.01,1000000,0.1
0.9131213,0.9500000000000001,7,0.01,1000000,0.1
1.0,1.0,7,0.01,1000000,0.1
0.0,0.0,7,0.01,1000000,10.0
0.08450883,0.05,7,0.01,1000000,10.0
0.1636703,0.1,7,0.01,1000000,10.0
0.253177,0.15000000000000002,7,0.01,1000000,10.0
0.34009895,0.2,7,0.01,1000000,10.0
0.41972035,0.25,7,0.01,1000000,10.0
0.5015817,0.30000000000000004,7,0.01,1000000,10.0
0.5855553,0.35000000000000003,7,0.01,1000000,10.0
0.65377456,0.4,7,0.01,1000000,10.0
0.71507883,0.45,7,0.01,1000000,10.0
0.7701508,0.5,7,0.01,1000000,10.0
0.821016,0.55,7,0.01,1000000,10.0
0.8630781,0.6000000000000001,7,0.01,1000000,10.0
0.8989878,0.65,7,0.01,1000000,10.0
0.928394,0.7000000000000001,7,0.01,1000000,10.0
0.9511453,0.75,7,0.01,1000000,10.0
0.9692681,0.8,7,0.01,1000000,10.0
0.98414874,0.8500000000000001,7,0.01,1000000,10.0
0.9928081,0.9,7,0.01,1000000,10.0
0.9993036,0.9500000000000001,7,0.01,1000000,10.0
1.0,1.0,7,0.01,1000000,10.0
0.0009904357,0.0,8,0.01,1000000,10.0
0.15762466,0.05,8,0.01,1000000,10.0
0.2541115,0.1,8,0.01,1000000,10.0
0.34155336,0.15000000000000002,8,0.01,1000000,10.0
0.4173727,0.2,8,0.01,1000000,10.0
0.49278823,0.25,8,0.01,1000000,10.0
0.563543,0.30000000000000004,8,0.01,1000000,10.0
0.63074476,0.35000000000000003,8,0.01,1000000,10.0
0.6962496,0.4,8,0.01,1000000,10.0
0.7464266,0.45,8,0.01,1000000,10.0
0.79491156,0.5,8,0.01,1000000,10.0
0.8396205,0.55,8,0.01,1000000,10.0
0.87802553,0.6000000000000001,8,0.01,1000000,10.0
0.90922695,0.65,8,0.01,1000000,10.0
0.93462354,0.7000000000000001,8,0.01,1000000,10.0
0.95371926,0.75,8,0.01,1000000,10.0
0.9694666,0.8,8,0.01,1000000,10.0
0.9838413,0.8500000000000001,8,0.01,1000000,10.0
0.9943178,0.9,8,0.01,1000000,10.0
0.9996572,0.9500000000000001,8,0.01,1000000,10.0
1.0,1.0,8,0.01,1000000,10.0
0.0,0.0,8,0.01,1000000,0.1
0.37994367,0.05,8,0.01,1000000,0.1
0.54239297,0.1,8,0.01,1000000,0.1
0.6516336,0.15000000000000002,8,0.01,1000000,0.1
0.72278273,0.2,8,0.01,1000000,0.1
0.76510066,0.25,8,0.01,1000000,0.1
0.7965233,0.30000000000000004,8,0.01,1000000,0.1
0.8211733,0.35000000000000003,8,0.01,1000000,0.1
0.8426772,0.4,8,0.01,1000000,0.1
0.8600028,0.45,8,0.01,1000000,0.1
0.87539047,0.5,8,0.01,1000000,0.1
0.8898984,0.55,8,0.01,1000000,0.1
0.9037765,0.6000000000000001,8,0.01,1000000,0.1
0.9166678,0.65,8,0.01,1000000,0.1
0.9272361,0.7000000000000001,8,0.01,1000000,0.1
0.93796945,0.75,8,0.01,1000000,0.1
0.9508427,0.8,8,0.01,1000000,0.1
0.96371865,0.8500000000000001,8,0.01,1000000,0.1
0.97654206,0.9,8,0.01,1000000,0.1
0.9871195,0.9500000000000001,8,0.01,1000000,0.1
1.0,1.0,8,0.01,1000000,0.1
0.0,0.0,9,0.01,1000000,0.1
0.050636243,0.05,9,0.01,1000000,0.1
0.10705589,0.1,9,0.01,1000000,0.1
0.16161925,0.15000000000000002,9,0.01,1000000,0.1
0.20325333,0.2,9,0.01,1000000,0.1
0.24186112,0.25,9,0.01,1000000,0.1
0.27783898,0.30000000000000004,9,0.01,1000000,0.1
0.3091976,0.35000000000000003,9,0.01,1000000,0.1
0.3408738,0.4,9,0.01,1000000,0.1
0.3687759,0.45,9,0.01,1000000,0.1
0.39764845,0.5,9,0.01,1000000,0.1
0.42388573,0.55,9,0.01,1000000,0.1
0.44947785,0.6000000000000001,9,0.01,1000000,0.1
0.47224128,0.65,9,0.01,1000000,0.1
0.49234104,0.7000000000000001,9,0.01,1000000,0.1
0.51851314,0.75,9,0.01,1000000,0.1
0.5487356,0.8,9,0.01,1000000,0.1
0.5831847,0.8500000000000001,9,0.01,1000000,0.1
0.6345875,0.9,9,0.01,1000000,0.1
0.73132765,0.9500000000000001,9,0.01,1000000,0.1
1.0,1.0,9,0.01,1000000,0.1
0.0,0.0,9,0.01,1000000,10.0
0.0,0.05,9,0.01,1000000,10.0
0.015339506,0.1,9,0.01,1000000,10.0
0.070501074,0.15000000000000002,9,0.01,1000000,10.0
0.12657838,0.2,9,0.01,1000000,10.0
0.19923517,0.25,9,0.01,1000000,10.0
0.27635646,0.30000000000000004,9,0.01,1000000,10.0
0.3703379,0.35000000000000003,9,0.01,1000000,10.0
0.47479624,0.4,9,0.01,1000000,10.0
0.57924664,0.45,9,0.01,1000000,10.0
0.6745452,0.5,9,0.01,1000000,10.0
0.7561674,0.55,9,0.01,1000000,10.0
0.8200135,0.6000000000000001,9,0.01,1000000,10.0
0.872772,0.65,9,0.01,1000000,10.0
0.91531503,0.7000000000000001,9,0.01,1000000,10.0
0.9483702,0.75,9,0.01,1000000,10.0
0.9707441,0.8,9,0.01,1000000,10.0
0.98526543,0.8500000000000001,9,0.01,1000000,10.0
0.9949149,0.9,9,0.01,1000000,10.0
0.9991701,0.9500000000000001,9,0.01,1000000,10.0
1.0,1.0,9,0.01,1000000,10.0
8.7030385e-05,0.0,0,0.02,1000000,0.1
0.15007333,0.05,0,0.02,1000000,0.1
0.19720122,0.1,0,0.02,1000000,0.1
0.23008932,0.15000000000000002,0,0.02,1000000,0.1
0.2565042,0.2,0,0.02,1000000,0.1
0.2837879,0.25,0,0.02,1000000,0.1
0.31039917,0.30000000000000004,0,0.02,1000000,0.1
0.3346797,0.35000000000000003,0,0.02,1000000,0.1
0.3593843,0.4,0,0.02,1000000,0.1
0.38774148,0.45,0,0.02,1000000,0.1
0.4144434,0.5,0,0.02,1000000,0.1
0.44647187,0.55,0,0.02,1000000,0.1
0.4790309,0.6000000000000001,0,0.02,1000000,0.1
0.51313686,0.65,0,0.02,1000000,0.1
0.5500647,0.7000000000000001,0,0.02,1000000,0.1
0.59363985,0.75,0,0.02,1000000,0.1
0.64094865,0.8,0,0.02,1000000,0.1
0.6908404,0.8500000000000001,0,0.02,1000000,0.1
0.75743306,0.9,0,0.02,1000000,0.1
0.8424094,0.9500000000000001,0,0.02,1000000,0.1
1.0,1.0,0,0.02,1000000,0.1
0.000100447774,0.0,0,0.02,1000000,10.0
0.58200765,0.05,0,0.02,1000000,10.0
0.6091778,0.1,0,0.02,1000000,10.0
0.6367857,0.15000000000000002,0,0.02,1000000,10.0
0.65816545,0.2,0,0.02,1000000,10.0
0.6847784,0.25,0,0.02,1000000,10.0
0.71272695,0.30000000000000004,0,0.02,1000000,10.0
0.74097955,0.35000000000000003,0,0.02,1000000,10.0
0.77059424,0.4,0,0.02,1000000,10.0
0.8039398,0.45,0,0.02,1000000,10.0
0.83350563,0.5,0,0.02,1000000,10.0
0.86317396,0.55,0,0.02,1000000,10.0
0.8897994,0.6000000000000001,0,0.02,1000000,10.0
0.917776,0.65,0,0.02,1000000,10.0
0.9407413,0.7000000000000001,0,0.02,1000000,10.0
0.95956683,0.75,0,0.02,1000000,10.0
0.9773546,0.8,0,0.02,1000000,10.0
0.9883765,0.8500000000000001,0,0.02,1000000,10.0
0.9960207,0.9,0,0.02,1000000,10.0
0.9991647,0.9500000000000001,0,0.02,1000000,10.0
1.0,1.0,0,0.02,1000000,10.0
0.0,0.0,1,0.02,1000000,0.1
0.0046165613,0.05,1,0.02,1000000,0.1
0.031084435,0.1,1,0.02,1000000,0.1
0.06401133,0.15000000000000002,1,0.02,1000000,0.1
0.09770513,0.2,1,0.02,1000000,0.1
0.12888797,0.25,1,0.02,1000000,0.1
0.15912095,0.30000000000000004,1,0.02,1000000,0.1
0.18542808,0.35000000000000003,1,0.02,1000000,0.1
0.21336032,0.4,1,0.02,1000000,0.1
0.2392335,0.45,1,0.02,1000000,0.1
0.26392388,0.5,1,0.02,1000000,0.1
0.28721663,0.55,1,0.02,1000000,0.1
0.31396958,0.6000000000000001,1,0.02,1000000,0.1
0.34604067,0.65,1,0.02,1000000,0.1
0.37674743,0.7000000000000001,1,0.02,1000000,0.1
0.41094643,0.75,1,0.02,1000000,0.1
0.4511305,0.8,1,0.02,1000000,0.1
0.5054765,0.8500000000000001,1,0.02,1000000,0.1
0.58378375,0.9,1,0.02,1000000,0.1
0.73744524,0.9500000000000001,1,0.02,1000000,0.1
1.0,1.0,1,0.02,1000000,0.1
0.0,0.0,1,0.02,1000000,10.0
0.0953339,0.05,1,0.02,1000000,10.0
0.18365943,0.1,1,0.02,1000000,10.0
0.26710892,0.15000000000000002,1,0.02,1000000,10.0
0.34679955,0.2,1,0.02,1000000,10.0
0.4207942,0.25,1,0.02,1000000,10.0
0.49140647,0.30000000000000004,1,0.02,1000000,10.0
0.55866337,0.35000000000000003,1,0.02,1000000,10.0
0.6225244,0.4,1,0.02,1000000,10.0
0.681267,0.45,1,0.02,1000000,10.0
0.7426324,0.5,1,0.02,1000000,10.0
0.794241,0.55,1,0.02,1000000,10.0
0.8400493,0.6000000000000001,1,0.02,1000000,10.0
0.8824724,0.65,1,0.02,1000000,10.0
0.9176058,0.7000000000000001,1,0.02,1000000,10.0
0.94584924,0.75,1,0.02,1000000,10.0
0.96747446,0.8,1,0.02,1000000,10.0
0.98479074,0.8500000000000001,1,0.02,1000000,10.0
0.99424464,0.9,1,0.02,1000000,10.0
0.9991613,0.9500000000000001,1,0.02,1000000,10.0
1.0,1.0,1,0.02,1000000,10.0
0.0,0.0,2,0.02,1000000,0.1
0.51706856,0.05,2,0.02,1000000,0.1
0.60469127,0.1,2,0.02,1000000,0.1
0.65307003,0.15000000000000002,2,0.02,1000000,0.1
0.6857908,0.2,2,0.02,1000000,0.1
0.7114024,0.25,2,0.02,1000000,0.1
0.7345468,0.30000000000000004,2,0.02,1000000,0.1
0.7571462,0.35000000000000003,2,0.02,1000000,0.1
0.77729,0.4,2,0.02,1000000,0.1
0.797912,0.45,2,0.02,1000000,0.1
0.8150093,0.5,2,0.02,1000000,0.1
0.83342266,0.55,2,0.02,1000000,0.1
0.85195583,0.6000000000000001,2,0.02,1000000,0.1
0.8726153,0.65,2,0.02,1000000,0.1
0.8889763,0.7000000000000001,2,0.02,1000000,0.1
0.90530777,0.75,2,0.02,1000000,0.1
0.92121774,0.8,2,0.02,1000000,0.1
0.93805444,0.8500000000000001,2,0.02,1000000,0.1
0.9557377,0.9,2,0.02,1000000,0.1
0.97027236,0.9500000000000001,2,0.02,1000000,0.1
1.0,1.0,2,0.02,1000000,0.1
0.0,0.0,2,0.02,1000000,10.0
0.5922711,0.05,2,0.02,1000000,10.0
0.61966544,0.1,2,0.02,1000000,10.0
0.644465,0.15000000000000002,2,0.02,1000000,10.0
0.6680556,0.2,2,0.02,1000000,10.0
0.6915281,0.25,2,0.02,1000000,10.0
0.7168664,0.30000000000000004,2,0.02,1000000,10.0
0.7495457,0.35000000000000003,2,0.02,1000000,10.0
0.78063637,0.4,2,0.02,1000000,10.0
0.81560963,0.45,2,0.02,1000000,10.0
0.8494726,0.5,2,0.02,1000000,10.0
0.8815657,0.55,2,0.02,1000000,10.0
0.9078608,0.6000000000000001,2,0.02,1000000,10.0
0.9314919,0.65,2,0.02,1000000,10.0
0.94893044,0.7000000000000001,2,0.02,1000000,10.0
0.96554726,0.75,2,0.02,1000000,10.0
0.97832876,0.8,2,0.02,1000000,10.0
0.98907465,0.8500000000000001,2,0.02,1000000,10.0
0.99520314,0.9,2,0.02,1000000,10.0
0.99932754,0.9500000000000001,2,0.02,1000000,10.0
1.0,1.0,2,0.02,1000000,10.0
0.0,0.0,3,0.02,1000000,0.1
0.20515865,0.05,3,0.02,1000000,0.1
0.24994396,0.1,3,0.02,1000000,0.1
0.2795184,0.15000000000000002,3,0.02,1000000,0.1
0.30535865,0.2,3,0.02,1000000,0.1
0.32705194,0.25,3,0.02,1000000,0.1
0.3477076,0.30000000000000004,3,0.02,1000000,0.1
0.36722878,0.35000000000000003,3,0.02,1000000,0.1
0.3875674,0.4,3,0.02,1000000,0.1
0.41048813,0.45,3,0.02,1000000,0.1
0.4309129,0.5,3,0.02,1000000,0.1
0.4523234,0.55,3,0.02,1000000,0.1
0.47455364,0.6000000000000001,3,0.02,1000000,0.1
0.5003629,0.65,3,0.02,1000000,0.1
0.5272456,0.7000000000000001,3,0.02,1000000,0.1
0.5589574,0.75,3,0.02,1000000,0.1
0.5933639,0.8,3,0.02,1000000,0.1
0.6351743,0.8500000000000001,3,0.02,1000000,0.1
0.68585235,0.9,3,0.02,1000000,0.1
0.75165045,0.9500000000000001,3,0.02,1000000,0.1
1.0,1.0,3,0.02,1000000,0.1
0.0,0.0,3,0.02,1000000,10.0
0.61624074,0.05,3,0.02,1000000,10.0
0.64396834,0.1,3,0.02,1000000,10.0
0.665738,0.15000000000000002,3,0.02,1000000,10.0
0.6894066,0.2,3,0.02,1000000,10.0
0.7137308,0.25,3,0.02,1000000,10.0
0.738448,0.30000000000000004,3,0.02,1000000,10.0
0.7650109,0.35000000000000003,3,0.02,1000000,10.0
0.7958112,0.4,3,0.02,1000000,10.0
0.82639134,0.45,3,0.02,1000000,10.0
0.85515046,0.5,3,0.02,1000000,10.0
0.8816143,0.55,3,0.02,1000000,10.0
0.9058594,0.6000000000000001,3,0.02,1000000,10.0
0.9261112,0.65,3,0.02,1000000,10.0
0.9436257,0.7000000000000001,3,0.02,1000000,10.0
0.9617719,0.75,3,0.02,1000000,10.0
0.9754403,0.8,3,0.02,1000000,10.0
0.98565376,0.8500000000000001,3,0.02,1000000,10.0
0.99400127,0.9,3,0.02,1000000,10.0
0.99916756,0.9500000000000001,3,0.02,1000000,10.0
1.0,1.0,3,0.02,1000000,10.0
0.0,0.0,4,0.02,1000000,0.1
0.30198056,0.05,4,0.02,1000000,0.1
0.40561628,0.1,4,0.02,1000000,0.1
0.46416864,0.15000000000000002,4,0.02,1000000,0.1
0.5141917,0.2,4,0.02,1000000,0.1
0.5548729,0.25,4,0.02,1000000,0.1
0.5916222,0.30000000000000004,4,0.02,1000000,0.1
0.6241055,0.35000000000000003,4,0.02,1000000,0.1
0.6538869,0.4,4,0.02,1000000,0.1
0.6805774,0.45,4,0.02,1000000,0.1
0.7057751,0.5,4,0.02,1000000,0.1
0.732073,0.55,4,0.02,1000000,0.1
0.75690657,0.6000000000000001,4,0.02,1000000,0.1
0.78263575,0.65,4,0.02,1000000,0.1
0.8063066,0.7000000000000001,4,0.02,1000000,0.1
0.82689655,0.75,4,0.02,1000000,0.1
0.85002494,0.8,4,0.02,1000000,0.1
0.87520003,0.8500000000000001,4,0.02,1000000,0.1
0.90257937,0.9,4,0.02,1000000,0.1
0.93361366,0.9500000000000001,4,0.02,1000000,0.1
1.0,1.0,4,0.02,1000000,0.1
0.0,0.0,4,0.02,1000000,10.0
0.6237225,0.05,4,0.02,1000000,10.0
0.6541641,0.1,4,0.02,1000000,10.0
0.6762698,0.15000000000000002,4,0.02,1000000,10.0
0.6993299,0.2,4,0.02,1000000,10.0
0.71881634,0.25,4,0.02,1000000,10.0
0.7401867,0.30000000000000004,4,0.02,1000000,10.0
0.7631853,0.35000000000000003,4,0.02,1000000,10.0
0.7906966,0.4,4,0.02,1000000,10.0
0.81667763,0.45,4,0.02,1000000,10.0
0.8419612,0.5,4,0.02,1000000,10.0
0.87024206,0.55,4,0.02,1000000,10.0
0.8927695,0.6000000000000001,4,0.02,1000000,10.0
0.9173797,0.65,4,0.02,1000000,10.0
0.9394438,0.7000000000000001,4,0.02,1000000,10.0
0.95934004,0.75,4,0.02,1000000,10.0
0.97565573,0.8,4,0.02,1000000,10.0
0.98747647,0.8500000000000001,4,0.02,1000000,10.0
0.99565524,0.9,4,0.02,1000000,10.0
0.9992445,0.9500000000000001,4,0.02,1000000,10.0
1.0,1.0,4,0.02,1000000,10.0
0.0,0.0,5,0.02,1000000,0.1
0.4745312,0.05,5,0.02,1000000,0.1
0.56466216,0.1,5,0.02,1000000,0.1
0.62361646,0.15000000000000002,5,0.02,1000000,0.1
0.6640044,0.2,5,0.02,1000000,0.1
0.6913851,0.25,5,0.02,1000000,0.1
0.7114247,0.30000000000000004,5,0.02,1000000,0.1
0.7308851,0.35000000000000003,5,0.02,1000000,0.1
0.7456409,0.4,5,0.02,1000000,0.1
0.7614358,0.45,5,0.02,1000000,0.1
0.7762556,0.5,5,0.02,1000000,0.1
0.792497,0.55,5,0.02,1000000,0.1
0.80788356,0.6000000000000001,5,0.02,1000000,0.1
0.8232485,0.65,5,0.02,1000000,0.1
0.8401609,0.7000000000000001,5,0.02,1000000,0.1
0.85812336,0.75,5,0.02,1000000,0.1
0.87432,0.8,5,0.02,1000000,0.1
0.8907289,0.8500000000000001,5,0.02,1000000,0.1
0.9053259,0.9,5,0.02,1000000,0.1
0.9261619,0.9500000000000001,5,0.02,1000000,0.1
1.0,1.0,5,0.02,1000000,0.1
0.00010150205,0.0,5,0.02,1000000,10.0
0.6137331,0.05,5,0.02,1000000,10.0
0.631361,0.1,5,0.02,1000000,10.0
0.647122,0.15000000000000002,5,0.02,1000000,10.0
0.66567796,0.2,5,0.02,1000000,10.0
0.6851656,0.25,5,0.02,1000000,10.0
0.7084586,0.30000000000000004,5,0.02,1000000,10.0
0.73649096,0.35000000000000003,5,0.02,1000000,10.0
0.7687031,0.4,5,0.02,1000000,10.0
0.80295646,0.45,5,0.02,1000000,10.0
0.8373788,0.5,5,0.02,1000000,10.0
0.8705961,0.55,5,0.02,1000000,10.0
0.8989337,0.6000000000000001,5,0.02,1000000,10.0
0.9249153,0.65,5,0.02,1000000,10.0
0.94678706,0.7000000000000001,5,0.02,1000000,10.0
0.963124,0.75,5,0.02,1000000,10.0
0.9781029,0.8,5,0.02,1000000,10.0
0.9872766,0.8500000000000001,5,0.02,1000000,10.0
0.9948829,0.9,5,0.02,1000000,10.0
0.999314,0.9500000000000001,5,0.02,1000000,10.0
1.0,1.0,5,0.02,1000000,10.0
0.0,0.0,6,0.02,1000000,0.1
0.16299935,0.05,6,0.02,1000000,0.1
0.2084573,0.1,6,0.02,1000000,0.1
0.24432233,0.15000000000000002,6,0.02,1000000,0.1
0.2744685,0.2,6,0.02,1000000,0.1
0.30156994,0.25,6,0.02,1000000,0.1
0.32581556,0.30000000000000004,6,0.02,1000000,0.1
0.34890616,0.35000000000000003,6,0.02,1000000,0.1
0.37437573,0.4,6,0.02,1000000,0.1
0.40192935,0.45,6,0.02,1000000,0.1
0.42718673,0.5,6,0.02,1000000,0.1
0.45512167,0.55,6,0.02,1000000,0.1
0.481322,0.6000000000000001,6,0.02,1000000,0.1
0.508822,0.65,6,0.02,1000000,0.1
0.5371187,0.7000000000000001,6,0.02,1000000,0.1
0.56848544,0.75,6,0.02,1000000,0.1
0.6063045,0.8,6,0.02,1000000,0.1
0.648402,0.8500000000000001,6,0.02,1000000,0.1
0.6999207,0.9,6,0.02,1000000,0.1
0.768336,0.9500000000000001,6,0.02,1000000,0.1
1.0,1.0,6,0.02,1000000,0.1
0.0,0.0,6,0.02,1000000,10.0
0.58519274,0.05,6,0.02,1000000,10.0
0.6121524,0.1,6,0.02,1000000,10.0
0.63405365,0.15000000000000002,6,0.02,1000000,10.0
0.6579612,0.2,6,0.02,1000000,10.0
0.6821081,0.25,6,0.02,1000000,10.0
0.70892304,0.30000000000000004,6,0.02,1000000,10.0
0.738635,0.35000000000000003,6,0.02,1000000,10.0
0.7695383,0.4,6,0.02,1000000,10.0
0.8047011,0.45,6,0.02,1000000,10.0
0.84064186,0.5,6,0.02,1000000,10.0
0.8712663,0.55,6,0.02,1000000,10.0
0.90120703,0.6000000000000001,6,0.02,1000000,10.0
0.92542493,0.65,6,0.02,1000000,10.0
0.94609916,0.7000000000000001,6,0.02,1000000,10.0
0.9616552,0.75,6,0.02,1000000,10.0
0.9773743,0.8,6,0.02,1000000,10.0
0.98724335,0.8500000000000001,6,0.02,1000000,10.0
0.9945836,0.9,6,0.02,1000000,10.0
0.99900514,0.9500000000000001,6,0.02,1000000,10.0
1.0,1.0,6,0.02,1000000,10.0
0.0,0.0,7,0.02,1000000,0.1
0.15932241,0.05,7,0.02,1000000,0.1
0.21843962,0.1,7,0.02,1000000,0.1
0.25700277,0.15000000000000002,7,0.02,1000000,0.1
0.29024836,0.2,7,0.02,1000000,0.1
0.31435132,0.25,7,0.02,1000000,0.1
0.33693746,0.30000000000000004,7,0.02,1000000,0.1
0.35643965,0.35000000000000003,7,0.02,1000000,0.1
0.3721204,0.4,7,0.02,1000000,0.1
0.3887677,0.45,7,0.02,1000000,0.1
0.40580538,0.5,7,0.02,1000000,0.1
0.42024127,0.55,7,0.02,1000000,0.1
0.43525472,0.6000000000000001,7,0.02,1000000,0.1
0.44814274,0.65,7,0.02,1000000,0.1
0.4639044,0.7000000000000001,7,0.02,1000000,0.1
0.48074812,0.75,7,0.02,1000000,0.1
0.5006158,0.8,7,0.02,1000000,0.1
0.5252395,0.8500000000000001,7,0.02,1000000,0.1
0.5535166,0.9,7,0.02,1000000,0.1
0.5899143,0.9500000000000001,7,0.02,1000000,0.1
0.99991965,1.0,7,0.02,1000000,0.1
0.0,0.0,7,0.02,1000000,10.0
0.5927004,0.05,7,0.02,1000000,10.0
0.6222766,0.1,7,0.02,1000000,10.0
0.64773166,0.15000000000000002,7,0.02,1000000,10.0
0.67459863,0.2,7,0.02,1000000,10.0
0.6991227,0.25,7,0.02,1000000,10.0
0.72852814,0.30000000000000004,7,0.02,1000000,10.0
0.75780183,0.35000000000000003,7,0.02,1000000,10.0
0.7901082,0.4,7,0.02,1000000,10.0
0.8191204,0.45,7,0.02,1000000,10.0
0.84815544,0.5,7,0.02,1000000,10.0
0.8785006,0.55,7,0.02,1000000,10.0
0.9053426,0.6000000000000001,7,0.02,1000000,10.0
0.9285748,0.65,7,0.02,1000000,10.0
0.94769144,0.7000000000000001,7,0.02,1000000,10.0
0.9640327,0.75,7,0.02,1000000,10.0
0.9780158,0.8,7,0.02,1000000,10.0
0.98894626,0.8500000000000001,7,0.02,1000000,10.0
0.9947264,0.9,7,0.02,1000000,10.0
0.9989909,0.9500000000000001,7,0.02,1000000,10.0
1.0,1.0,7,0.02,1000000,10.0
0.0,0.0,8,0.02,1000000,0.1
0.15745293,0.05,8,0.02,1000000,0.1
0.20805824,0.1,8,0.02,1000000,0.1
0.23974514,0.15000000000000002,8,0.02,1000000,0.1
0.26548555,0.2,8,0.02,1000000,0.1
0.28302315,0.25,8,0.02,1000000,0.1
0.29916424,0.30000000000000004,8,0.02,1000000,0.1
0.31480345,0.35000000000000003,8,0.02,1000000,0.1
0.32713157,0.4,8,0.02,1000000,0.1
0.34192187,0.45,8,0.02,1000000,0.1
0.3557242,0.5,8,0.02,1000000,0.1
0.36922398,0.55,8,0.02,1000000,0.1
0.38285577,0.6000000000000001,8,0.02,1000000,0.1
0.4006642,0.65,8,0.02,1000000,0.1
0.41791877,0.7000000000000001,8,0.02,1000000,0.1
0.43911406,0.75,8,0.02,1000000,0.1
0.45948708,0.8,8,0.02,1000000,0.1
0.4797935,0.8500000000000001,8,0.02,1000000,0.1
0.50363314,0.9,8,0.02,1000000,0.1
0.5469602,0.9500000000000001,8,0.02,1000000,0.1
0.99992675,1.0,8,0.02,1000000,0.1
0.0,0.0,8,0.02,1000000,10.0
0.5894439,0.05,8,0.02,1000000,10.0
0.618086,0.1,8,0.02,1000000,10.0
0.64072675,0.15000000000000002,8,0.02,1000000,10.0
0.6637129,0.2,8,0.02,1000000,10.0
0.6859756,0.25,8,0.02,1000000,10.0
0.71215194,0.30000000000000004,8,0.02,1000000,10.0
0.7394293,0.35000000000000003,8,0.02,1000000,10.0
0.7670427,0.4,8,0.02,1000000,10.0
0.79615563,0.45,8,0.02,1000000,10.0
0.8286779,0.5,8,0.02,1000000,10.0
0.8608792,0.55,8,0.02,1000000,10.0
0.8917718,0.6000000000000001,8,0.02,1000000,10.0
0.92131436,0.65,8,0.02,1000000,10.0
0.9466883,0.7000000000000001,8,0.02,1000000,10.0
0.96552473,0.75,8,0.02,1000000,10.0
0.9795734,0.8,8,0.02,1000000,10.0
0.98968303,0.8500000000000001,8,0.02,1000000,10.0
0.9961593,0.9,8,0.02,1000000,10.0
0.9995749,0.9500000000000001,8,0.02,1000000,10.0
1.0,1.0,8,0.02,1000000,10.0
0.0,0.0,9,0.02,1000000,0.1
0.26894695,0.05,9,0.02,1000000,0.1
0.30768558,0.1,9,0.02,1000000,0.1
0.34107512,0.15000000000000002,9,0.02,1000000,0.1
0.37464407,0.2,9,0.02,1000000,0.1
0.4088114,0.25,9,0.02,1000000,0.1
0.43956816,0.30000000000000004,9,0.02,1000000,0.1
0.47075814,0.35000000000000003,9,0.02,1000000,0.1
0.50020325,0.4,9,0.02,1000000,0.1
0.52946424,0.45,9,0.02,1000000,0.1
0.56336707,0.5,9,0.02,1000000,0.1
0.5979344,0.55,9,0.02,1000000,0.1
0.6330498,0.6000000000000001,9,0.02,1000000,0.1
0.669559,0.65,9,0.02,1000000,0.1
0.70504534,0.7000000000000001,9,0.02,1000000,0.1
0.7427427,0.75,9,0.02,1000000,0.1
0.7868608,0.8,9,0.02,1000000,0.1
0.8310079,0.8500000000000001,9,0.02,1000000,0.1
0.88173366,0.9,9,0.02,1000000,0.1
0.9353544,0.9500000000000001,9,0.02,1000000,0.1
1.0,1.0,9,0.02,1000000,0.1
0.00017518572,0.0,9,0.02,1000000,10.0
0.59007883,0.05,9,0.02,1000000,10.0
0.62133306,0.1,9,0.02,1000000,10.0
0.6500029,0.15000000000000002,9,0.02,1000000,10.0
0.67277706,0.2,9,0.02,1000000,10.0
0.6963212,0.25,9,0.02,1000000,10.0
0.72147816,0.30000000000000004,9,0.02,1000000,10.0
0.74871916,0.35000000000000003,9,0.02,1000000,10.0
0.7802044,0.4,9,0.02,1000000,10.0
0.81275225,0.45,9,0.02,1000000,10.0
0.8460858,0.5,9,0.02,1000000,10.0
0.877612,0.55,9,0.02,1000000,10.0
0.9070881,0.6000000000000001,9,0.02,1000000,10.0
0.933392,0.65,9,0.02,1000000,10.0
0.95275074,0.7000000000000001,9,0.02,1000000,10.0
0.96816736,0.75,9,0.02,1000000,10.0
0.97958356,0.8,9,0.02,1000000,10.0
0.9899157,0.8500000000000001,9,0.02,1000000,10.0
0.9960059,0.9,9,0.02,1000000,10.0
0.99940664,0.9500000000000001,9,0.02,1000000,10.0
1.0,1.0,9,0.02,1000000,10.0
0.0,0.0,0,0.01,1000000,0.1
0.032387894,0.05,0,0.01,1000000,0.1
0.08857871,0.1,0,0.01,1000000,0.1
0.17641963,0.15000000000000002,0,0.01,1000000,0.1
0.27090672,0.2,0,0.01,1000000,0.1
0.35683376,0.25,0,0.01,1000000,0.1
0.43601528,0.30000000000000004,0,0.01,1000000,0.1
0.50925195,0.35000000000000003,0,0.01,1000000,0.1
0.5753072,0.4,0,0.01,1000000,0.1
0.6413403,0.45,0,0.01,1000000,0.1
0.69207406,0.5,0,0.01,1000000,0.1
0.74056447,0.55,0,0.01,1000000,0.1
0.78035134,0.6000000000000001,0,0.01,1000000,0.1
0.82052416,0.65,0,0.01,1000000,0.1
0.8556749,0.7000000000000001,0,0.01,1000000,0.1
0.8927538,0.75,0,0.01,1000000,0.1
0.92089134,0.8,0,0.01,1000000,0.1
0.94628453,0.8500000000000001,0,0.01,1000000,0.1
0.9722219,0.9,0,0.01,1000000,0.1
0.9917634,0.9500000000000001,0,0.01,1000000,0.1
1.0,1.0,0,0.01,1000000,0.1
0.0,0.0,0,0.01,1000000,10.0
0.039668143,0.05,0,0.01,1000000,10.0
0.09040648,0.1,0,0.01,1000000,10.0
0.1397027,0.15000000000000002,0,0.01,1000000,10.0
0.19573577,0.2,0,0.01,1000000,10.0
0.2629123,0.25,0,0.01,1000000,10.0
0.33758247,0.30000000000000004,0,0.01,1000000,10.0
0.42516065,0.35000000000000003,0,0.01,1000000,10.0
0.5169288,0.4,0,0.01,1000000,10.0
0.6131093,0.45,0,0.01,1000000,10.0
0.7020902,0.5,0,0.01,1000000,10.0
0.77582306,0.55,0,0.01,1000000,10.0
0.83496726,0.6000000000000001,0,0.01,1000000,10.0
0.88463384,0.65,0,0.01,1000000,10.0
0.92111456,0.7000000000000001,0,0.01,1000000,10.0
0.950635,0.75,0,0.01,1000000,10.0
0.96979296,0.8,0,0.01,1000000,10.0
0.9853034,0.8500000000000001,0,0.01,1000000,10.0
0.9938487,0.9,0,0.01,1000000,10.0
0.9993068,0.9500000000000001,0,0.01,1000000,10.0
1.0,1.0,0,0.01,1000000,10.0
0.0,0.0,0,0.01,1000000,2.0
0.07718568,0.05,0,0.01,1000000,2.0
0.1347958,0.1,0,0.01,1000000,2.0
0.18777792,0.15000000000000002,0,0.01,1000000,2.0
0.23749349,0.2,0,0.01,1000000,2.0
0.2954407,0.25,0,0.01,1000000,2.0
0.35986763,0.30000000000000004,0,0.01,1000000,2.0
0.44029006,0.35000000000000003,0,0.01,1000000,2.0
0.52284366,0.4,0,0.01,1000000,2.0
0.6072534,0.45,0,0.01,1000000,2.0
0.67955,0.5,0,0.01,1000000,2.0
0.75216204,0.55,0,0.01,1000000,2.0
0.8053907,0.6000000000000001,0,0.01,1000000,2.0
0.8559693,0.65,0,0.01,1000000,2.0
0.901985,0.7000000000000001,0,0.01,1000000,2.0
0.9423793,0.75,0,0.01,1000000,2.0
0.971613,0.8,0,0.01,1000000,2.0
0.9905484,0.8500000000000001,0,0.01,1000000,2.0
0.9972245,0.9,0,0.01,1000000,2.0
0.9994854,0.9500000000000001,0,0.01,1000000,2.0
1.0,1.0,0,0.01,1000000,2.0
0.0,0.0,0,0.01,1000000,5.0
0.04566567,0.05,0,0.01,1000000,5.0
0.09826048,0.1,0,0.01,1000000,5.0
0.15035674,0.15000000000000002,0,0.01,1000000,5.0
0.20290467,0.2,0,0.01,1000000,5.0
0.2702828,0.25,0,0.01,1000000,5.0
0.3431475,0.30000000000000004,0,0.01,1000000,5.0
0.43216354,0.35000000000000003,0,0.01,1000000,5.0
0.5240152,0.4,0,0.01,1000000,5.0
0.61882085,0.45,0,0.01,1000000,5.0
0.7099741,0.5,0,0.01,1000000,5.0
0.7817582,0.55,0,0.01,1000000,5.0
0.8381281,0.6000000000000001,0,0.01,1000000,5.0
0.8852501,0.65,0,0.01,1000000,5.0
0.92350394,0.7000000000000001,0,0.01,1000000,5.0
0.9507833,0.75,0,0.01,1000000,5.0
0.9697367,0.8,0,0.01,1000000,5.0
0.9851021,0.8500000000000001,0,0.01,1000000,5.0
0.99401903,0.9,0,0.01,1000000,5.0
0.9993068,0.9500000000000001,0,0.01,1000000,5.0
1.0,1.0,0,0.01,1000000,5.0
0.0,0.0,0,0.01,1000000,3.0
0.050871037,0.05,0,0.01,1000000,3.0
0.10491563,0.1,0,0.01,1000000,3.0
0.15760735,0.15000000000000002,0,0.01,1000000,3.0
0.21092874,0.2,0,0.01,1000000,3.0
0.27458015,0.25,0,0.01,1000000,3.0
0.34636557,0.30000000000000004,0,0.01,1000000,3.0
0.4363455,0.35000000000000003,0,0.01,1000000,3.0
0.5249507,0.4,0,0.01,1000000,3.0
0.62192327,0.45,0,0.01,1000000,3.0
0.70682997,0.5,0,0.01,1000000,3.0
0.7856359,0.55,0,0.01,1000000,3.0
0.83891153,0.6000000000000001,0,0.01,1000000,3.0
0.88477063,0.65,0,0.01,1000000,3.0
0.9223864,0.7000000000000001,0,0.01,1000000,3.0
0.94883657,0.75,0,0.01,1000000,3.0
0.9675644,0.8,0,0.01,1000000,3.0
0.98295116,0.8500000000000001,0,0.01,1000000,3.0
0.9935904,0.9,0,0.01,1000000,3.0
0.9996581,0.9500000000000001,0,0.01,1000000,3.0
1.0,1.0,0,0.01,1000000,3.0
0.0,0.0,1,0.01,1000000,0.1
0.006474766,0.05,1,0.01,1000000,0.1
0.015555412,0.1,1,0.01,1000000,0.1
0.030598748,0.15000000000000002,1,0.01,1000000,0.1
0.04780908,0.2,1,0.01,1000000,0.1
0.07038529,0.25,1,0.01,1000000,0.1
0.10405166,0.30000000000000004,1,0.01,1000000,0.1
0.13683678,0.35000000000000003,1,0.01,1000000,0.1
0.1725678,0.4,1,0.01,1000000,0.1
0.2170295,0.45,1,0.01,1000000,0.1
0.2605692,0.5,1,0.01,1000000,0.1
0.31080824,0.55,1,0.01,1000000,0.1
0.3643764,0.6000000000000001,1,0.01,1000000,0.1
0.43045518,0.65,1,0.01,1000000,0.1
0.48952776,0.7000000000000001,1,0.01,1000000,0.1
0.5555395,0.75,1,0.01,1000000,0.1
0.6218305,0.8,1,0.01,1000000,0.1
0.68296623,0.8500000000000001,1,0.01,1000000,0.1
0.75179386,0.9,1,0.01,1000000,0.1
0.8416397,0.9500000000000001,1,0.01,1000000,0.1
1.0,1.0,1,0.01,1000000,0.1
0.0,0.0,1,0.01,1000000,10.0
0.00019677657,0.05,1,0.01,1000000,10.0
0.004837885,0.1,1,0.01,1000000,10.0
0.020088287,0.15000000000000002,1,0.01,1000000,10.0
0.06184848,0.2,1,0.01,1000000,10.0
0.13308899,0.25,1,0.01,1000000,10.0
0.21841463,0.30000000000000004,1,0.01,1000000,10.0
0.3191144,0.35000000000000003,1,0.01,1000000,10.0
0.41677895,0.4,1,0.01,1000000,10.0
0.53117603,0.45,1,0.01,1000000,10.0
0.6399626,0.5,1,0.01,1000000,10.0
0.7325735,0.55,1,0.01,1000000,10.0
0.80776733,0.6000000000000001,1,0.01,1000000,10.0
0.8731252,0.65,1,0.01,1000000,10.0
0.9135167,0.7000000000000001,1,0.01,1000000,10.0
0.94408166,0.75,1,0.01,1000000,10.0
0.967187,0.8,1,0.01,1000000,10.0
0.9817373,0.8500000000000001,1,0.01,1000000,10.0
0.99240816,0.9,1,0.01,1000000,10.0
0.99873,0.9500000000000001,1,0.01,1000000,10.0
1.0,1.0,1,0.01,1000000,10.0
0.0,0.0,1,0.01,1000000,2.0
0.00020118312,0.05,1,0.01,1000000,2.0
0.0026082369,0.1,1,0.01,1000000,2.0
0.011784263,0.15000000000000002,1,0.01,1000000,2.0
0.028221108,0.2,1,0.01,1000000,2.0
0.06478634,0.25,1,0.01,1000000,2.0
0.11810082,0.30000000000000004,1,0.01,1000000,2.0
0.18752928,0.35000000000000003,1,0.01,1000000,2.0
0.27117535,0.4,1,0.01,1000000,2.0
0.3588201,0.45,1,0.01,1000000,2.0
0.45783505,0.5,1,0.01,1000000,2.0
0.5652399,0.55,1,0.01,1000000,2.0
0.687706,0.6000000000000001,1,0.01,1000000,2.0
0.8003788,0.65,1,0.01,1000000,2.0
0.88020164,0.7000000000000001,1,0.01,1000000,2.0
0.9313452,0.75,1,0.01,1000000,2.0
0.9618883,0.8,1,0.01,1000000,2.0
0.98178655,0.8500000000000001,1,0.01,1000000,2.0
0.9937738,0.9,1,0.01,1000000,2.0
0.9988624,0.9500000000000001,1,0.01,1000000,2.0
1.0,1.0,1,0.01,1000000,2.0
0.0,0.0,1,0.01,1000000,5.0
0.00019677657,0.05,1,0.01,1000000,5.0
0.00342734,0.1,1,0.01,1000000,5.0
0.015656427,0.15000000000000002,1,0.01,1000000,5.0
0.048477516,0.2,1,0.01,1000000,5.0
0.1133757,0.25,1,0.01,1000000,5.0
0.19626918,0.30000000000000004,1,0.01,1000000,5.0
0.30157295,0.35000000000000003,1,0.01,1000000,5.0
0.4021998,0.4,1,0.01,1000000,5.0
0.5165964,0.45,1,0.01,1000000,5.0
0.63203555,0.5,1,0.01,1000000,5.0
0.7266572,0.55,1,0.01,1000000,5.0
0.8044129,0.6000000000000001,1,0.01,1000000,5.0
0.8740265,0.65,1,0.01,1000000,5.0
0.91535324,0.7000000000000001,1,0.01,1000000,5.0
0.94623846,0.75,1,0.01,1000000,5.0
0.96768796,0.8,1,0.01,1000000,5.0
0.9822447,0.8500000000000001,1,0.01,1000000,5.0
0.99257886,0.9,1,0.01,1000000,5.0
0.99873,0.9500000000000001,1,0.01,1000000,5.0
1.0,1.0,1,0.01,1000000,5.0
0.0,0.0,1,0.01,1000000,3.0
0.0,0.05,1,0.01,1000000,3.0
0.0020223246,0.1,1,0.01,1000000,3.0
0.014042995,0.15000000000000002,1,0.01,1000000,3.0
0.040464077,0.2,1,0.01,1000000,3.0
0.102657914,0.25,1,0.01,1000000,3.0
0.18152125,0.30000000000000004,1,0.01,1000000,3.0
0.2733631,0.35000000000000003,1,0.01,1000000,3.0
0.35994217,0.4,1,0.01,1000000,3.0
0.4598385,0.45,1,0.01,1000000,3.0
0.5746418,0.5,1,0.01,1000000,3.0
0.6925195,0.55,1,0.01,1000000,3.0
0.7870451,0.6000000000000001,1,0.01,1000000,3.0
0.86445165,0.65,1,0.01,1000000,3.0
0.9153174,0.7000000000000001,1,0.01,1000000,3.0
0.9463596,0.75,1,0.01,1000000,3.0
0.9677013,0.8,1,0.01,1000000,3.0
0.98277533,0.8500000000000001,1,0.01,1000000,3.0
0.9924118,0.9,1,0.01,1000000,3.0
0.99800664,0.9500000000000001,1,0.01,1000000,3.0
1.0,1.0,1,0.01,1000000,3.0
0.0,0.0,2,0.01,1000000,0.1
0.033629626,0.05,2,0.01,1000000,0.1
0.06559709,0.1,2,0.01,1000000,0.1
0.11434,0.15000000000000002,2,0.01,1000000,0.1
0.16718668,0.2,2,0.01,1000000,0.1
0.21233328,0.25,2,0.01,1000000,0.1
0.2706875,0.30000000000000004,2,0.01,1000000,0.1
0.3244574,0.35000000000000003,2,0.01,1000000,0.1
0.3794857,0.4,2,0.01,1000000,0.1
0.44257078,0.45,2,0.01,1000000,0.1
0.49894655,0.5,2,0.01,1000000,0.1
0.5575151,0.55,2,0.01,1000000,0.1
0.6142389,0.6000000000000001,2,0.01,1000000,0.1
0.6676774,0.65,2,0.01,1000000,0.1
0.71630704,0.7000000000000001,2,0.01,1000000,0.1
0.76516277,0.75,2,0.01,1000000,0.1
0.80746746,0.8,2,0.01,1000000,0.1
0.8450924,0.8500000000000001,2,0.01,1000000,0.1
0.8808752,0.9,2,0.01,1000000,0.1
0.9187896,0.9500000000000001,2,0.01,1000000,0.1
1.0,1.0,2,0.01,1000000,0.1
0.0,0.0,2,0.01,1000000,10.0
0.00018218224,0.05,2,0.01,1000000,10.0
0.00072111224,0.1,2,0.01,1000000,10.0
0.006124856,0.15000000000000002,2,0.01,1000000,10.0
0.0320991,0.2,2,0.01,1000000,10.0
0.08325044,0.25,2,0.01,1000000,10.0
0.15793644,0.30000000000000004,2,0.01,1000000,10.0
0.26152992,0.35000000000000003,2,0.01,1000000,10.0
0.3801645,0.4,2,0.01,1000000,10.0
0.50547564,0.45,2,0.01,1000000,10.0
0.60806847,0.5,2,0.01,1000000,10.0
0.7012019,0.55,2,0.01,1000000,10.0
0.7805794,0.6000000000000001,2,0.01,1000000,10.0
0.8387417,0.65,2,0.01,1000000,10.0
0.8895657,0.7000000000000001,2,0.01,1000000,10.0
0.9322932,0.75,2,0.01,1000000,10.0
0.9608751,0.8,2,0.01,1000000,10.0
0.97980756,0.8500000000000001,2,0.01,1000000,10.0
0.9923733,0.9,2,0.01,1000000,10.0
0.9981142,0.9500000000000001,2,0.01,1000000,10.0
1.0,1.0,2,0.01,1000000,10.0
0.0,0.0,2,0.01,1000000,5.0
0.00018218224,0.05,2,0.01,1000000,5.0
0.0011175115,0.1,2,0.01,1000000,5.0
0.010775195,0.15000000000000002,2,0.01,1000000,5.0
0.041335043,0.2,2,0.01,1000000,5.0
0.09483828,0.25,2,0.01,1000000,5.0
0.16741008,0.30000000000000004,2,0.01,1000000,5.0
0.27089328,0.35000000000000003,2,0.01,1000000,5.0
0.39429736,0.4,2,0.01,1000000,5.0
0.5173596,0.45,2,0.01,1000000,5.0
0.6204043,0.5,2,0.01,1000000,5.0
0.7114266,0.55,2,0.01,1000000,5.0
0.7840386,0.6000000000000001,2,0.01,1000000,5.0
0.84088814,0.65,2,0.01,1000000,5.0
0.8931468,0.7000000000000001,2,0.01,1000000,5.0
0.9322003,0.75,2,0.01,1000000,5.0
0.9597714,0.8,2,0.01,1000000,5.0
0.97941947,0.8500000000000001,2,0.01,1000000,5.0
0.9923556,0.9,2,0.01,1000000,5.0
0.99793315,0.9500000000000001,2,0.01,1000000,5.0
1.0,1.0,2,0.01,1000000,5.0
0.0,0.0,2,0.01,1000000,2.0
0.08547796,0.05,2,0.01,1000000,2.0
0.16229786,0.1,2,0.01,1000000,2.0
0.22795942,0.15000000000000002,2,0.01,1000000,2.0
0.2862022,0.2,2,0.01,1000000,2.0
0.34466657,0.25,2,0.01,1000000,2.0
0.4039303,0.30000000000000004,2,0.01,1000000,2.0
0.47100547,0.35000000000000003,2,0.01,1000000,2.0
0.544543,0.4,2,0.01,1000000,2.0
0.61908185,0.45,2,0.01,1000000,2.0
0.694609,0.5,2,0.01,1000000,2.0
0.7585322,0.55,2,0.01,1000000,2.0
0.8145683,0.6000000000000001,2,0.01,1000000,2.0
0.86311364,0.65,2,0.01,1000000,2.0
0.9041714,0.7000000000000001,2,0.01,1000000,2.0
0.9365319,0.75,2,0.01,1000000,2.0
0.9604543,0.8,2,0.01,1000000,2.0
0.976372,0.8500000000000001,2,0.01,1000000,2.0
0.9881094,0.9,2,0.01,1000000,2.0
0.9965336,0.9500000000000001,2,0.01,1000000,2.0
1.0,1.0,2,0.01,1000000,2.0
0.0,0.0,2,0.01,1000000,3.0
0.0077038445,0.05,2,0.01,1000000,3.0
0.024813598,0.1,2,0.01,1000000,3.0
0.05203898,0.15000000000000002,2,0.01,1000000,3.0
0.097835384,0.2,2,0.01,1000000,3.0
0.168102,0.25,2,0.01,1000000,3.0
0.24604717,0.30000000000000004,2,0.01,1000000,3.0
0.3275236,0.35000000000000003,2,0.01,1000000,3.0
0.43135667,0.4,2,0.01,1000000,3.0
0.5381508,0.45,2,0.01,1000000,3.0
0.6382562,0.5,2,0.01,1000000,3.0
0.72120684,0.55,2,0.01,1000000,3.0
0.79357463,0.6000000000000001,2,0.01,1000000,3.0
0.84863216,0.65,2,0.01,1000000,3.0
0.8972144,0.7000000000000001,2,0.01,1000000,3.0
0.9336471,0.75,2,0.01,1000000,3.0
0.95939213,0.8,2,0.01,1000000,3.0
0.97940034,0.8500000000000001,2,0.01,1000000,3.0
0.99149424,0.9,2,0.01,1000000,3.0
0.997905,0.9500000000000001,2,0.01,1000000,3.0
1.0,1.0,2,0.01,1000000,3.0
0.0,0.0,3,0.01,1000000,10.0
0.35186708,0.05,3,0.01,1000000,10.0
0.4084757,0.1,3,0.01,1000000,10.0
0.4600474,0.15000000000000002,3,0.01,1000000,10.0
0.5086731,0.2,3,0.01,1000000,10.0
0.55589604,0.25,3,0.01,1000000,10.0
0.6001603,0.30000000000000004,3,0.01,1000000,10.0
0.6502982,0.35000000000000003,3,0.01,1000000,10.0
0.7050626,0.4,3,0.01,1000000,10.0
0.7534486,0.45,3,0.01,1000000,10.0
0.80026144,0.5,3,0.01,1000000,10.0
0.83886576,0.55,3,0.01,1000000,10.0
0.8727913,0.6000000000000001,3,0.01,1000000,10.0
0.9062893,0.65,3,0.01,1000000,10.0
0.9315899,0.7000000000000001,3,0.01,1000000,10.0
0.9489033,0.75,3,0.01,1000000,10.0
0.9669991,0.8,3,0.01,1000000,10.0
0.98214304,0.8500000000000001,3,0.01,1000000,10.0
0.99099374,0.9,3,0.01,1000000,10.0
0.9979207,0.9500000000000001,3,0.01,1000000,10.0
1.0,1.0,3,0.01,1000000,10.0
0.0,0.0,3,0.01,1000000,0.1
0.32388034,0.05,3,0.01,1000000,0.1
0.54402226,0.1,3,0.01,1000000,0.1
0.6652654,0.15000000000000002,3,0.01,1000000,0.1
0.7316225,0.2,3,0.01,1000000,0.1
0.77373624,0.25,3,0.01,1000000,0.1
0.80039644,0.30000000000000004,3,0.01,1000000,0.1
0.81794095,0.35000000000000003,3,0.01,1000000,0.1
0.83431685,0.4,3,0.01,1000000,0.1
0.84976125,0.45,3,0.01,1000000,0.1
0.8626419,0.5,3,0.01,1000000,0.1
0.8742649,0.55,3,0.01,1000000,0.1
0.886404,0.6000000000000001,3,0.01,1000000,0.1
0.898142,0.65,3,0.01,1000000,0.1
0.910443,0.7000000000000001,3,0.01,1000000,0.1
0.9250539,0.75,3,0.01,1000000,0.1
0.9396833,0.8,3,0.01,1000000,0.1
0.9564477,0.8500000000000001,3,0.01,1000000,0.1
0.9730857,0.9,3,0.01,1000000,0.1
0.98911184,0.9500000000000001,3,0.01,1000000,0.1
1.0,1.0,3,0.01,1000000,0.1
0.0,0.0,3,0.01,1000000,5.0
0.3593575,0.05,3,0.01,1000000,5.0
0.41780484,0.1,3,0.01,1000000,5.0
0.46849054,0.15000000000000002,3,0.01,1000000,5.0
0.5215984,0.2,3,0.01,1000000,5.0
0.56436294,0.25,3,0.01,1000000,5.0
0.6074018,0.30000000000000004,3,0.01,1000000,5.0
0.6581988,0.35000000000000003,3,0.01,1000000,5.0
0.7113255,0.4,3,0.01,1000000,5.0
0.7617973,0.45,3,0.01,1000000,5.0
0.8057441,0.5,3,0.01,1000000,5.0
0.84546983,0.55,3,0.01,1000000,5.0
0.87832034,0.6000000000000001,3,0.01,1000000,5.0
0.9071777,0.65,3,0.01,1000000,5.0
0.9317684,0.7000000000000001,3,0.01,1000000,5.0
0.9487204,0.75,3,0.01,1000000,5.0
0.96610963,0.8,3,0.01,1000000,5.0
0.9808919,0.8500000000000001,3,0.01,1000000,5.0
0.99027467,0.9,3,0.01,1000000,5.0
0.997389,0.9500000000000001,3,0.01,1000000,5.0
1.0,1.0,3,0.01,1000000,5.0
0.0,0.0,3,0.01,1000000,2.0
0.4945546,0.05,3,0.01,1000000,2.0
0.55089855,0.1,3,0.01,1000000,2.0
0.58809596,0.15000000000000002,3,0.01,1000000,2.0
0.6215408,0.2,3,0.01,1000000,2.0
0.6555611,0.25,3,0.01,1000000,2.0
0.6912174,0.30000000000000004,3,0.01,1000000,2.0
0.7280954,0.35000000000000003,3,0.01,1000000,2.0
0.7615963,0.4,3,0.01,1000000,2.0
0.79725266,0.45,3,0.01,1000000,2.0
0.8349654,0.5,3,0.01,1000000,2.0
0.86573297,0.55,3,0.01,1000000,2.0
0.89211464,0.6000000000000001,3,0.01,1000000,2.0
0.9182855,0.65,3,0.01,1000000,2.0
0.9376848,0.7000000000000001,3,0.01,1000000,2.0
0.95232815,0.75,3,0.01,1000000,2.0
0.96367115,0.8,3,0.01,1000000,2.0
0.97450316,0.8500000000000001,3,0.01,1000000,2.0
0.9845471,0.9,3,0.01,1000000,2.0
0.9918963,0.9500000000000001,3,0.01,1000000,2.0
1.0,1.0,3,0.01,1000000,2.0
0.0,0.0,3,0.01,1000000,3.0
0.3917588,0.05,3,0.01,1000000,3.0
0.4461287,0.1,3,0.01,1000000,3.0
0.4968895,0.15000000000000002,3,0.01,1000000,3.0
0.54593676,0.2,3,0.01,1000000,3.0
0.58329076,0.25,3,0.01,1000000,3.0
0.62713873,0.30000000000000004,3,0.01,1000000,3.0
0.67482615,0.35000000000000003,3,0.01,1000000,3.0
0.7252325,0.4,3,0.01,1000000,3.0
0.7699332,0.45,3,0.01,1000000,3.0
0.8100553,0.5,3,0.01,1000000,3.0
0.8486304,0.55,3,0.01,1000000,3.0
0.88113207,0.6000000000000001,3,0.01,1000000,3.0
0.9083319,0.65,3,0.01,1000000,3.0
0.9332621,0.7000000000000001,3,0.01,1000000,3.0
0.95017505,0.75,3,0.01,1000000,3.0
0.9661068,0.8,3,0.01,1000000,3.0
0.9782888,0.8500000000000001,3,0.01,1000000,3.0
0.98762953,0.9,3,0.01,1000000,3.0
0.99489576,0.9500000000000001,3,0.01,1000000,3.0
1.0,1.0,3,0.01,1000000,3.0
0.0,0.0,4,0.01,1000000,10.0
0.47510943,0.05,4,0.01,1000000,10.0
0.5141027,0.1,4,0.01,1000000,10.0
0.5482617,0.15000000000000002,4,0.01,1000000,10.0
0.5716071,0.2,4,0.01,1000000,10.0
0.602442,0.25,4,0.01,1000000,10.0
0.629554,0.30000000000000004,4,0.01,1000000,10.0
0.66580606,0.35000000000000003,4,0.01,1000000,10.0
0.7051476,0.4,4,0.01,1000000,10.0
0.7445147,0.45,4,0.01,1000000,10.0
0.78495604,0.5,4,0.01,1000000,10.0
0.82914,0.55,4,0.01,1000000,10.0
0.8674425,0.6000000000000001,4,0.01,1000000,10.0
0.9000335,0.65,4,0.01,1000000,10.0
0.9260542,0.7000000000000001,4,0.01,1000000,10.0
0.9512448,0.75,4,0.01,1000000,10.0
0.9734395,0.8,4,0.01,1000000,10.0
0.9871084,0.8500000000000001,4,0.01,1000000,10.0
0.9953895,0.9,4,0.01,1000000,10.0
0.9993165,0.9500000000000001,4,0.01,1000000,10.0
1.0,1.0,4,0.01,1000000,10.0
0.00097232556,0.0,4,0.01,1000000,0.1
0.17940876,0.05,4,0.01,1000000,0.1
0.22265382,0.1,4,0.01,1000000,0.1
0.24883138,0.15000000000000002,4,0.01,1000000,0.1
0.27395454,0.2,4,0.01,1000000,0.1
0.30092496,0.25,4,0.01,1000000,0.1
0.32417962,0.30000000000000004,4,0.01,1000000,0.1
0.34557328,0.35000000000000003,4,0.01,1000000,0.1
0.3714713,0.4,4,0.01,1000000,0.1
0.39471734,0.45,4,0.01,1000000,0.1
0.42105272,0.5,4,0.01,1000000,0.1
0.45129246,0.55,4,0.01,1000000,0.1
0.4811096,0.6000000000000001,4,0.01,1000000,0.1
0.5198026,0.65,4,0.01,1000000,0.1
0.5544661,0.7000000000000001,4,0.01,1000000,0.1
0.5934444,0.75,4,0.01,1000000,0.1
0.6300668,0.8,4,0.01,1000000,0.1
0.68253154,0.8500000000000001,4,0.01,1000000,0.1
0.73349744,0.9,4,0.01,1000000,0.1
0.8047135,0.9500000000000001,4,0.01,1000000,0.1
1.0,1.0,4,0.01,1000000,0.1
0.0,0.0,4,0.01,1000000,5.0
0.5206003,0.05,4,0.01,1000000,5.0
0.5521937,0.1,4,0.01,1000000,5.0
0.57454634,0.15000000000000002,4,0.01,1000000,5.0
0.59994686,0.2,4,0.01,1000000,5.0
0.6191551,0.25,4,0.01,1000000,5.0
0.6437985,0.30000000000000004,4,0.01,1000000,5.0
0.6762901,0.35000000000000003,4,0.01,1000000,5.0
0.7108827,0.4,4,0.01,1000000,5.0
0.74459267,0.45,4,0.01,1000000,5.0
0.7829705,0.5,4,0.01,1000000,5.0
0.8226879,0.55,4,0.01,1000000,5.0
0.8595037,0.6000000000000001,4,0.01,1000000,5.0
0.89319044,0.65,4,0.01,1000000,5.0
0.919167,0.7000000000000001,4,0.01,1000000,5.0
0.94526327,0.75,4,0.01,1000000,5.0
0.9702429,0.8,4,0.01,1000000,5.0
0.9858843,0.8500000000000001,4,0.01,1000000,5.0
0.9950144,0.9,4,0.01,1000000,5.0
0.9993165,0.9500000000000001,4,0.01,1000000,5.0
1.0,1.0,4,0.01,1000000,5.0
0.0,0.0,4,0.01,1000000,2.0
0.5957376,0.05,4,0.01,1000000,2.0
0.6512199,0.1,4,0.01,1000000,2.0
0.69167906,0.15000000000000002,4,0.01,1000000,2.0
0.7215362,0.2,4,0.01,1000000,2.0
0.74470913,0.25,4,0.01,1000000,2.0
0.7609217,0.30000000000000004,4,0.01,1000000,2.0
0.7750752,0.35000000000000003,4,0.01,1000000,2.0
0.7896365,0.4,4,0.01,1000000,2.0
0.8050767,0.45,4,0.01,1000000,2.0
0.8228548,0.5,4,0.01,1000000,2.0
0.8421945,0.55,4,0.01,1000000,2.0
0.8620135,0.6000000000000001,4,0.01,1000000,2.0
0.8816303,0.65,4,0.01,1000000,2.0
0.90324134,0.7000000000000001,4,0.01,1000000,2.0
0.9277511,0.75,4,0.01,1000000,2.0
0.95260495,0.8,4,0.01,1000000,2.0
0.97660905,0.8500000000000001,4,0.01,1000000,2.0
0.990924,0.9,4,0.01,1000000,2.0
0.9986386,0.9500000000000001,4,0.01,1000000,2.0
1.0,1.0,4,0.01,1000000,2.0
0.0,0.0,4,0.01,1000000,3.0
0.6020414,0.05,4,0.01,1000000,3.0
0.62513644,0.1,4,0.01,1000000,3.0
0.6419768,0.15000000000000002,4,0.01,1000000,3.0
0.6568931,0.2,4,0.01,1000000,3.0
0.67324,0.25,4,0.01,1000000,3.0
0.6931194,0.30000000000000004,4,0.01,1000000,3.0
0.71264154,0.35000000000000003,4,0.01,1000000,3.0
0.731693,0.4,4,0.01,1000000,3.0
0.75874877,0.45,4,0.01,1000000,3.0
0.78361416,0.5,4,0.01,1000000,3.0
0.81454307,0.55,4,0.01,1000000,3.0
0.8476116,0.6000000000000001,4,0.01,1000000,3.0
0.8803136,0.65,4,0.01,1000000,3.0
0.90978146,0.7000000000000001,4,0.01,1000000,3.0
0.9374418,0.75,4,0.01,1000000,3.0
0.9619524,0.8,4,0.01,1000000,3.0
0.98254126,0.8500000000000001,4,0.01,1000000,3.0
0.9933019,0.9,4,0.01,1000000,3.0
0.99898154,0.9500000000000001,4,0.01,1000000,3.0
1.0,1.0,4,0.01,1000000,3.0
0.0016400297,0.0,5,0.01,1000000,10.0
0.42222512,0.05,5,0.01,1000000,10.0
0.45601726,0.1,5,0.01,1000000,10.0
0.4862568,0.15000000000000002,5,0.01,1000000,10.0
0.51553583,0.2,5,0.01,1000000,10.0
0.55136335,0.25,5,0.01,1000000,10.0
0.5970938,0.30000000000000004,5,0.01,1000000,10.0
0.6463392,0.35000000000000003,5,0.01,1000000,10.0
0.69677496,0.4,5,0.01,1000000,10.0
0.7425297,0.45,5,0.01,1000000,10.0
0.7889214,0.5,5,0.01,1000000,10.0
0.8296176,0.55,5,0.01,1000000,10.0
0.8668076,0.6000000000000001,5,0.01,1000000,10.0
0.90066624,0.65,5,0.01,1000000,10.0
0.92722404,0.7000000000000001,5,0.01,1000000,10.0
0.94905263,0.75,5,0.01,1000000,10.0
0.9702172,0.8,5,0.01,1000000,10.0
0.98448575,0.8500000000000001,5,0.01,1000000,10.0
0.9943357,0.9,5,0.01,1000000,10.0
0.99917436,0.9500000000000001,5,0.01,1000000,10.0
1.0,1.0,5,0.01,1000000,10.0
0.0,0.0,5,0.01,1000000,0.1
0.24593885,0.05,5,0.01,1000000,0.1
0.30709752,0.1,5,0.01,1000000,0.1
0.34175926,0.15000000000000002,5,0.01,1000000,0.1
0.36734626,0.2,5,0.01,1000000,0.1
0.39370483,0.25,5,0.01,1000000,0.1
0.42101926,0.30000000000000004,5,0.01,1000000,0.1
0.44121626,0.35000000000000003,5,0.01,1000000,0.1
0.46630833,0.4,5,0.01,1000000,0.1
0.49045113,0.45,5,0.01,1000000,0.1
0.51080644,0.5,5,0.01,1000000,0.1
0.5303163,0.55,5,0.01,1000000,0.1
0.5517209,0.6000000000000001,5,0.01,1000000,0.1
0.5708374,0.65,5,0.01,1000000,0.1
0.59246135,0.7000000000000001,5,0.01,1000000,0.1
0.616948,0.75,5,0.01,1000000,0.1
0.6409952,0.8,5,0.01,1000000,0.1
0.66217566,0.8500000000000001,5,0.01,1000000,0.1
0.6937468,0.9,5,0.01,1000000,0.1
0.72954744,0.9500000000000001,5,0.01,1000000,0.1
1.0,1.0,5,0.01,1000000,0.1
0.0016460618,0.0,5,0.01,1000000,5.0
0.43227947,0.05,5,0.01,1000000,5.0
0.464577,0.1,5,0.01,1000000,5.0
0.49237126,0.15000000000000002,5,0.01,1000000,5.0
0.5227131,0.2,5,0.01,1000000,5.0
0.5564918,0.25,5,0.01,1000000,5.0
0.6014027,0.30000000000000004,5,0.01,1000000,5.0
0.6522507,0.35000000000000003,5,0.01,1000000,5.0
0.6976842,0.4,5,0.01,1000000,5.0
0.7452862,0.45,5,0.01,1000000,5.0
0.7901816,0.5,5,0.01,1000000,5.0
0.83275443,0.55,5,0.01,1000000,5.0
0.8684877,0.6000000000000001,5,0.01,1000000,5.0
0.9017648,0.65,5,0.01,1000000,5.0
0.9281401,0.7000000000000001,5,0.01,1000000,5.0
0.9499549,0.75,5,0.01,1000000,5.0
0.97040975,0.8,5,0.01,1000000,5.0
0.9844956,0.8500000000000001,5,0.01,1000000,5.0
0.9941567,0.9,5,0.01,1000000,5.0
0.99917436,0.9500000000000001,5,0.01,1000000,5.0
1.0,1.0,5,0.01,1000000,5.0
0.0016258615,0.0,5,0.01,1000000,2.0
0.4870924,0.05,5,0.01,1000000,2.0
0.54007554,0.1,5,0.01,1000000,2.0
0.57759446,0.15000000000000002,5,0.01,1000000,2.0
0.6146225,0.2,5,0.01,1000000,2.0
0.65212715,0.25,5,0.01,1000000,2.0
0.6822544,0.30000000000000004,5,0.01,1000000,2.0
0.71476424,0.35000000000000003,5,0.01,1000000,2.0
0.7465868,0.4,5,0.01,1000000,2.0
0.7812473,0.45,5,0.01,1000000,2.0
0.81716704,0.5,5,0.01,1000000,2.0
0.85046536,0.55,5,0.01,1000000,2.0
0.8842441,0.6000000000000001,5,0.01,1000000,2.0
0.913513,0.65,5,0.01,1000000,2.0
0.93599737,0.7000000000000001,5,0.01,1000000,2.0
0.95821035,0.75,5,0.01,1000000,2.0
0.97279245,0.8,5,0.01,1000000,2.0
0.98420495,0.8500000000000001,5,0.01,1000000,2.0
0.9938929,0.9,5,0.01,1000000,2.0
0.99915063,0.9500000000000001,5,0.01,1000000,2.0
1.0,1.0,5,0.01,1000000,2.0
0.0014375934,0.0,5,0.01,1000000,3.0
0.45426592,0.05,5,0.01,1000000,3.0
0.48533985,0.1,5,0.01,1000000,3.0
0.51610994,0.15000000000000002,5,0.01,1000000,3.0
0.54398715,0.2,5,0.01,1000000,3.0
0.57823575,0.25,5,0.01,1000000,3.0
0.6200016,0.30000000000000004,5,0.01,1000000,3.0
0.6659005,0.35000000000000003,5,0.01,1000000,3.0
0.70840776,0.4,5,0.01,1000000,3.0
0.7546266,0.45,5,0.01,1000000,3.0
0.7945542,0.5,5,0.01,1000000,3.0
0.8348588,0.55,5,0.01,1000000,3.0
0.87150514,0.6000000000000001,5,0.01,1000000,3.0
0.90199536,0.65,5,0.01,1000000,3.0
0.9278852,0.7000000000000001,5,0.01,1000000,3.0
0.9511343,0.75,5,0.01,1000000,3.0
0.9698806,0.8,5,0.01,1000000,3.0
0.9840611,0.8500000000000001,5,0.01,1000000,3.0
0.99390316,0.9,5,0.01,1000000,3.0
0.9993182,0.9500000000000001,5,0.01,1000000,3.0
1.0,1.0,5,0.01,1000000,3.0
0.00076786825,0.0,6,0.01,1000000,10.0
0.25564525,0.05,6,0.01,1000000,10.0
0.31586376,0.1,6,0.01,1000000,10.0
0.36599696,0.15000000000000002,6,0.01,1000000,10.0
0.41285434,0.2,6,0.01,1000000,10.0
0.45761657,0.25,6,0.01,1000000,10.0
0.51017594,0.30000000000000004,6,0.01,1000000,10.0
0.57222515,0.35000000000000003,6,0.01,1000000,10.0
0.62982655,0.4,6,0.01,1000000,10.0
0.68752366,0.45,6,0.01,1000000,10.0
0.749589,0.5,6,0.01,1000000,10.0
0.8056373,0.55,6,0.01,1000000,10.0
0.84900814,0.6000000000000001,6,0.01,1000000,10.0
0.8877783,0.65,6,0.01,1000000,10.0
0.92114466,0.7000000000000001,6,0.01,1000000,10.0
0.94348925,0.75,6,0.01,1000000,10.0
0.9639458,0.8,6,0.01,1000000,10.0
0.97891366,0.8500000000000001,6,0.01,1000000,10.0
0.9900545,0.9,6,0.01,1000000,10.0
0.9969758,0.9500000000000001,6,0.01,1000000,10.0
1.0,1.0,6,0.01,1000000,10.0
0.0,0.0,6,0.01,1000000,0.1
0.056947533,0.05,6,0.01,1000000,0.1
0.09929197,0.1,6,0.01,1000000,0.1
0.13210656,0.15000000000000002,6,0.01,1000000,0.1
0.16454557,0.2,6,0.01,1000000,0.1
0.1976022,0.25,6,0.01,1000000,0.1
0.22671449,0.30000000000000004,6,0.01,1000000,0.1
0.25594127,0.35000000000000003,6,0.01,1000000,0.1
0.28562862,0.4,6,0.01,1000000,0.1
0.3136508,0.45,6,0.01,1000000,0.1
0.34338397,0.5,6,0.01,1000000,0.1
0.37815687,0.55,6,0.01,1000000,0.1
0.41313753,0.6000000000000001,6,0.01,1000000,0.1
0.44915202,0.65,6,0.01,1000000,0.1
0.497354,0.7000000000000001,6,0.01,1000000,0.1
0.5536028,0.75,6,0.01,1000000,0.1
0.6170215,0.8,6,0.01,1000000,0.1
0.68258023,0.8500000000000001,6,0.01,1000000,0.1
0.76283765,0.9,6,0.01,1000000,0.1
0.8381213,0.9500000000000001,6,0.01,1000000,0.1
1.0,1.0,6,0.01,1000000,0.1
0.00056832307,0.0,6,0.01,1000000,5.0
0.2744328,0.05,6,0.01,1000000,5.0
0.33212447,0.1,6,0.01,1000000,5.0
0.38096526,0.15000000000000002,6,0.01,1000000,5.0
0.42465177,0.2,6,0.01,1000000,5.0
0.46565208,0.25,6,0.01,1000000,5.0
0.5168438,0.30000000000000004,6,0.01,1000000,5.0
0.5756334,0.35000000000000003,6,0.01,1000000,5.0
0.6255473,0.4,6,0.01,1000000,5.0
0.6863006,0.45,6,0.01,1000000,5.0
0.74497503,0.5,6,0.01,1000000,5.0
0.80279124,0.55,6,0.01,1000000,5.0
0.8465537,0.6000000000000001,6,0.01,1000000,5.0
0.88426536,0.65,6,0.01,1000000,5.0
0.91779953,0.7000000000000001,6,0.01,1000000,5.0
0.94102347,0.75,6,0.01,1000000,5.0
0.96118724,0.8,6,0.01,1000000,5.0
0.9758196,0.8500000000000001,6,0.01,1000000,5.0
0.9869656,0.9,6,0.01,1000000,5.0
0.9952679,0.9500000000000001,6,0.01,1000000,5.0
1.0,1.0,6,0.01,1000000,5.0
0.0,0.0,6,0.01,1000000,2.0
0.29868472,0.05,6,0.01,1000000,2.0
0.36551434,0.1,6,0.01,1000000,2.0
0.41528055,0.15000000000000002,6,0.01,1000000,2.0
0.46068436,0.2,6,0.01,1000000,2.0
0.5056473,0.25,6,0.01,1000000,2.0
0.5496929,0.30000000000000004,6,0.01,1000000,2.0
0.59448606,0.35000000000000003,6,0.01,1000000,2.0
0.6364986,0.4,6,0.01,1000000,2.0
0.67391086,0.45,6,0.01,1000000,2.0
0.7139926,0.5,6,0.01,1000000,2.0
0.752619,0.55,6,0.01,1000000,2.0
0.7986478,0.6000000000000001,6,0.01,1000000,2.0
0.8428696,0.65,6,0.01,1000000,2.0
0.88402444,0.7000000000000001,6,0.01,1000000,2.0
0.9173034,0.75,6,0.01,1000000,2.0
0.939388,0.8,6,0.01,1000000,2.0
0.9574409,0.8500000000000001,6,0.01,1000000,2.0
0.9720156,0.9,6,0.01,1000000,2.0
0.98013633,0.9500000000000001,6,0.01,1000000,2.0
1.0,1.0,6,0.01,1000000,2.0
0.0,0.0,6,0.01,1000000,3.0
0.2877356,0.05,6,0.01,1000000,3.0
0.34941545,0.1,6,0.01,1000000,3.0
0.392499,0.15000000000000002,6,0.01,1000000,3.0
0.43355,0.2,6,0.01,1000000,3.0
0.47645715,0.25,6,0.01,1000000,3.0
0.5221568,0.30000000000000004,6,0.01,1000000,3.0
0.5792811,0.35000000000000003,6,0.01,1000000,3.0
0.62815833,0.4,6,0.01,1000000,3.0
0.6845648,0.45,6,0.01,1000000,3.0
0.73791677,0.5,6,0.01,1000000,3.0
0.79260796,0.55,6,0.01,1000000,3.0
0.8381476,0.6000000000000001,6,0.01,1000000,3.0
0.87817067,0.65,6,0.01,1000000,3.0
0.90975845,0.7000000000000001,6,0.01,1000000,3.0
0.9364974,0.75,6,0.01,1000000,3.0
0.9547226,0.8,6,0.01,1000000,3.0
0.96987325,0.8500000000000001,6,0.01,1000000,3.0
0.9814067,0.9,6,0.01,1000000,3.0
0.9911135,0.9500000000000001,6,0.01,1000000,3.0
1.0,1.0,6,0.01,1000000,3.0
0.0,0.0,7,0.01,1000000,0.1
0.07411612,0.05,7,0.01,1000000,0.1
0.14159809,0.1,7,0.01,1000000,0.1
0.19697453,0.15000000000000002,7,0.01,1000000,0.1
0.24644293,0.2,7,0.01,1000000,0.1
0.28789216,0.25,7,0.01,1000000,0.1
0.32222104,0.30000000000000004,7,0.01,1000000,0.1
0.35973015,0.35000000000000003,7,0.01,1000000,0.1
0.39744964,0.4,7,0.01,1000000,0.1
0.43854743,0.45,7,0.01,1000000,0.1
0.47741064,0.5,7,0.01,1000000,0.1
0.5194698,0.55,7,0.01,1000000,0.1
0.5600368,0.6000000000000001,7,0.01,1000000,0.1
0.6035271,0.65,7,0.01,1000000,0.1
0.6517967,0.7000000000000001,7,0.01,1000000,0.1
0.7030588,0.75,7,0.01,1000000,0.1
0.7502635,0.8,7,0.01,1000000,0.1
0.803797,0.8500000000000001,7,0.01,1000000,0.1
0.85386485,0.9,7,0.01,1000000,0.1
0.9131213,0.9500000000000001,7,0.01,1000000,0.1
1.0,1.0,7,0.01,1000000,0.1
0.0,0.0,7,0.01,1000000,10.0
0.08450883,0.05,7,0.01,1000000,10.0
0.1636703,0.1,7,0.01,1000000,10.0
0.253177,0.15000000000000002,7,0.01,1000000,10.0
0.34009895,0.2,7,0.01,1000000,10.0
0.41972035,0.25,7,0.01,1000000,10.0
0.5015817,0.30000000000000004,7,0.01,1000000,10.0
0.5855553,0.35000000000000003,7,0.01,1000000,10.0
0.65377456,0.4,7,0.01,1000000,10.0
0.71507883,0.45,7,0.01,1000000,10.0
0.7701508,0.5,7,0.01,1000000,10.0
0.821016,0.55,7,0.01,1000000,10.0
0.8630781,0.6000000000000001,7,0.01,1000000,10.0
0.8989878,0.65,7,0.01,1000000,10.0
0.928394,0.7000000000000001,7,0.01,1000000,10.0
0.9511453,0.75,7,0.01,1000000,10.0
0.9692681,0.8,7,0.01,1000000,10.0
0.98414874,0.8500000000000001,7,0.01,1000000,10.0
0.9928081,0.9,7,0.01,1000000,10.0
0.9993036,0.9500000000000001,7,0.01,1000000,10.0
1.0,1.0,7,0.01,1000000,10.0
0.0,0.0,7,0.01,1000000,5.0
0.09096143,0.05,7,0.01,1000000,5.0
0.1715634,0.1,7,0.01,1000000,5.0
0.25987977,0.15000000000000002,7,0.01,1000000,5.0
0.3476743,0.2,7,0.01,1000000,5.0
0.42820314,0.25,7,0.01,1000000,5.0
0.5051438,0.30000000000000004,7,0.01,1000000,5.0
0.58728844,0.35000000000000003,7,0.01,1000000,5.0
0.65548223,0.4,7,0.01,1000000,5.0
0.7147885,0.45,7,0.01,1000000,5.0
0.7700034,0.5,7,0.01,1000000,5.0
0.81972826,0.55,7,0.01,1000000,5.0
0.8621946,0.6000000000000001,7,0.01,1000000,5.0
0.89471805,0.65,7,0.01,1000000,5.0
0.9268008,0.7000000000000001,7,0.01,1000000,5.0
0.9495678,0.75,7,0.01,1000000,5.0
0.96803564,0.8,7,0.01,1000000,5.0
0.98395413,0.8500000000000001,7,0.01,1000000,5.0
0.99246234,0.9,7,0.01,1000000,5.0
0.9993036,0.9500000000000001,7,0.01,1000000,5.0
1.0,1.0,7,0.01,1000000,5.0
0.0,0.0,7,0.01,1000000,2.0
0.08452622,0.05,7,0.01,1000000,2.0
0.17251824,0.1,7,0.01,1000000,2.0
0.26156682,0.15000000000000002,7,0.01,1000000,2.0
0.34502125,0.2,7,0.01,1000000,2.0
0.42917553,0.25,7,0.01,1000000,2.0
0.5116876,0.30000000000000004,7,0.01,1000000,2.0
0.5895926,0.35000000000000003,7,0.01,1000000,2.0
0.659317,0.4,7,0.01,1000000,2.0
0.718806,0.45,7,0.01,1000000,2.0
0.7703958,0.5,7,0.01,1000000,2.0
0.81169724,0.55,7,0.01,1000000,2.0
0.85331416,0.6000000000000001,7,0.01,1000000,2.0
0.8856182,0.65,7,0.01,1000000,2.0
0.91312164,0.7000000000000001,7,0.01,1000000,2.0
0.93885326,0.75,7,0.01,1000000,2.0
0.9592589,0.8,7,0.01,1000000,2.0
0.97589815,0.8500000000000001,7,0.01,1000000,2.0
0.9889413,0.9,7,0.01,1000000,2.0
0.99808866,0.9500000000000001,7,0.01,1000000,2.0
1.0,1.0,7,0.01,1000000,2.0
0.0,0.0,7,0.01,1000000,3.0
0.098149315,0.05,7,0.01,1000000,3.0
0.18154076,0.1,7,0.01,1000000,3.0
0.27013367,0.15000000000000002,7,0.01,1000000,3.0
0.35913426,0.2,7,0.01,1000000,3.0
0.4410847,0.25,7,0.01,1000000,3.0
0.52098465,0.30000000000000004,7,0.01,1000000,3.0
0.5974323,0.35000000000000003,7,0.01,1000000,3.0
0.66212654,0.4,7,0.01,1000000,3.0
0.72185177,0.45,7,0.01,1000000,3.0
0.77321684,0.5,7,0.01,1000000,3.0
0.82063526,0.55,7,0.01,1000000,3.0
0.8618792,0.6000000000000001,7,0.01,1000000,3.0
0.8943325,0.65,7,0.01,1000000,3.0
0.92378646,0.7000000000000001,7,0.01,1000000,3.0
0.9478626,0.75,7,0.01,1000000,3.0
0.9667291,0.8,7,0.01,1000000,3.0
0.98308533,0.8500000000000001,7,0.01,1000000,3.0
0.9907079,0.9,7,0.01,1000000,3.0
0.9986151,0.9500000000000001,7,0.01,1000000,3.0
1.0,1.0,7,0.01,1000000,3.0
0.0009904357,0.0,8,0.01,1000000,10.0
0.15762466,0.05,8,0.01,1000000,10.0
0.2541115,0.1,8,0.01,1000000,10.0
0.34155336,0.15000000000000002,8,0.01,1000000,10.0
0.4173727,0.2,8,0.01,1000000,10.0
0.49278823,0.25,8,0.01,1000000,10.0
0.563543,0.30000000000000004,8,0.01,1000000,10.0
0.63074476,0.35000000000000003,8,0.01,1000000,10.0
0.6962496,0.4,8,0.01,1000000,10.0
0.7464266,0.45,8,0.01,1000000,10.0
0.79491156,0.5,8,0.01,1000000,10.0
0.8396205,0.55,8,0.01,1000000,10.0
0.87802553,0.6000000000000001,8,0.01,1000000,10.0
0.90922695,0.65,8,0.01,1000000,10.0
0.93462354,0.7000000000000001,8,0.01,1000000,10.0
0.95371926,0.75,8,0.01,1000000,10.0
0.9694666,0.8,8,0.01,1000000,10.0
0.9838413,0.8500000000000001,8,0.01,1000000,10.0
0.9943178,0.9,8,0.01,1000000,10.0
0.9996572,0.9500000000000001,8,0.01,1000000,10.0
1.0,1.0,8,0.01,1000000,10.0
0.0,0.0,8,0.01,1000000,0.1
0.37994367,0.05,8,0.01,1000000,0.1
0.54239297,0.1,8,0.01,1000000,0.1
0.6516336,0.15000000000000002,8,0.01,1000000,0.1
0.72278273,0.2,8,0.01,1000000,0.1
0.76510066,0.25,8,0.01,1000000,0.1
0.7965233,0.30000000000000004,8,0.01,1000000,0.1
0.8211733,0.35000000000000003,8,0.01,1000000,0.1
0.8426772,0.4,8,0.01,1000000,0.1
0.8600028,0.45,8,0.01,1000000,0.1
0.87539047,0.5,8,0.01,1000000,0.1
0.8898984,0.55,8,0.01,1000000,0.1
0.9037765,0.6000000000000001,8,0.01,1000000,0.1
0.9166678,0.65,8,0.01,1000000,0.1
0.9272361,0.7000000000000001,8,0.01,1000000,0.1
0.93796945,0.75,8,0.01,1000000,0.1
0.9508427,0.8,8,0.01,1000000,0.1
0.96371865,0.8500000000000001,8,0.01,1000000,0.1
0.97654206,0.9,8,0.01,1000000,0.1
0.9871195,0.9500000000000001,8,0.01,1000000,0.1
1.0,1.0,8,0.01,1000000,0.1
0.0007867524,0.0,8,0.01,1000000,5.0
0.17190884,0.05,8,0.01,1000000,5.0
0.27680668,0.1,8,0.01,1000000,5.0
0.36135978,0.15000000000000002,8,0.01,1000000,5.0
0.44003874,0.2,8,0.01,1000000,5.0
0.5112282,0.25,8,0.01,1000000,5.0
0.5821512,0.30000000000000004,8,0.01,1000000,5.0
0.64561397,0.35000000000000003,8,0.01,1000000,5.0
0.7066371,0.4,8,0.01,1000000,5.0
0.75357515,0.45,8,0.01,1000000,5.0
0.79992896,0.5,8,0.01,1000000,5.0
0.8436019,0.55,8,0.01,1000000,5.0
0.8803129,0.6000000000000001,8,0.01,1000000,5.0
0.9101461,0.65,8,0.01,1000000,5.0
0.9355233,0.7000000000000001,8,0.01,1000000,5.0
0.95355165,0.75,8,0.01,1000000,5.0
0.9698071,0.8,8,0.01,1000000,5.0
0.98332494,0.8500000000000001,8,0.01,1000000,5.0
0.99448985,0.9,8,0.01,1000000,5.0
0.9996572,0.9500000000000001,8,0.01,1000000,5.0
1.0,1.0,8,0.01,1000000,5.0
0.0,0.0,8,0.01,1000000,2.0
0.31729567,0.05,8,0.01,1000000,2.0
0.4140568,0.1,8,0.01,1000000,2.0
0.48889345,0.15000000000000002,8,0.01,1000000,2.0
0.5591556,0.2,8,0.01,1000000,2.0
0.6156486,0.25,8,0.01,1000000,2.0
0.6623026,0.30000000000000004,8,0.01,1000000,2.0
0.70616883,0.35000000000000003,8,0.01,1000000,2.0
0.7458438,0.4,8,0.01,1000000,2.0
0.78181404,0.45,8,0.01,1000000,2.0
0.81348526,0.5,8,0.01,1000000,2.0
0.84221375,0.55,8,0.01,1000000,2.0
0.87240696,0.6000000000000001,8,0.01,1000000,2.0
0.90144014,0.65,8,0.01,1000000,2.0
0.927247,0.7000000000000001,8,0.01,1000000,2.0
0.95082515,0.75,8,0.01,1000000,2.0
0.9665025,0.8,8,0.01,1000000,2.0
0.9800009,0.8500000000000001,8,0.01,1000000,2.0
0.99227726,0.9,8,0.01,1000000,2.0
0.9981627,0.9500000000000001,8,0.01,1000000,2.0
1.0,1.0,8,0.01,1000000,2.0
0.0,0.0,8,0.01,1000000,3.0
0.23357396,0.05,8,0.01,1000000,3.0
0.33812764,0.1,8,0.01,1000000,3.0
0.42545757,0.15000000000000002,8,0.01,1000000,3.0
0.49880674,0.2,8,0.01,1000000,3.0
0.5634721,0.25,8,0.01,1000000,3.0
0.62793994,0.30000000000000004,8,0.01,1000000,3.0
0.68076915,0.35000000000000003,8,0.01,1000000,3.0
0.7299344,0.4,8,0.01,1000000,3.0
0.77425826,0.45,8,0.01,1000000,3.0
0.8127138,0.5,8,0.01,1000000,3.0
0.84869623,0.55,8,0.01,1000000,3.0
0.8791328,0.6000000000000001,8,0.01,1000000,3.0
0.90974855,0.65,8,0.01,1000000,3.0
0.9357304,0.7000000000000001,8,0.01,1000000,3.0
0.95339423,0.75,8,0.01,1000000,3.0
0.97025216,0.8,8,0.01,1000000,3.0
0.9828939,0.8500000000000001,8,0.01,1000000,3.0
0.9943214,0.9,8,0.01,1000000,3.0
0.9994872,0.9500000000000001,8,0.01,1000000,3.0
1.0,1.0,8,0.01,1000000,3.0
0.0,0.0,9,0.01,1000000,0.1
0.050636243,0.05,9,0.01,1000000,0.1
0.10705589,0.1,9,0.01,1000000,0.1
0.16161925,0.15000000000000002,9,0.01,1000000,0.1
0.20325333,0.2,9,0.01,1000000,0.1
0.24186112,0.25,9,0.01,1000000,0.1
0.27783898,0.30000000000000004,9,0.01,1000000,0.1
0.3091976,0.35000000000000003,9,0.01,1000000,0.1
0.3408738,0.4,9,0.01,1000000,0.1
0.3687759,0.45,9,0.01,1000000,0.1
0.39764845,0.5,9,0.01,1000000,0.1
0.42388573,0.55,9,0.01,1000000,0.1
0.44947785,0.6000000000000001,9,0.01,1000000,0.1
0.47224128,0.65,9,0.01,1000000,0.1
0.49234104,0.7000000000000001,9,0.01,1000000,0.1
0.51851314,0.75,9,0.01,1000000,0.1
0.5487356,0.8,9,0.01,1000000,0.1
0.5831847,0.8500000000000001,9,0.01,1000000,0.1
0.6345875,0.9,9,0.01,1000000,0.1
0.73132765,0.9500000000000001,9,0.01,1000000,0.1
1.0,1.0,9,0.01,1000000,0.1
0.0,0.0,9,0.01,1000000,10.0
0.0,0.05,9,0.01,1000000,10.0
0.015339506,0.1,9,0.01,1000000,10.0
0.070501074,0.15000000000000002,9,0.01,1000000,10.0
0.12657838,0.2,9,0.01,1000000,10.0
0.19923517,0.25,9,0.01,1000000,10.0
0.27635646,0.30000000000000004,9,0.01,1000000,10.0
0.3703379,0.35000000000000003,9,0.01,1000000,10.0
0.47479624,0.4,9,0.01,1000000,10.0
0.57924664,0.45,9,0.01,1000000,10.0
0.6745452,0.5,9,0.01,1000000,10.0
0.7561674,0.55,9,0.01,1000000,10.0
0.8200135,0.6000000000000001,9,0.01,1000000,10.0
0.872772,0.65,9,0.01,1000000,10.0
0.91531503,0.7000000000000001,9,0.01,1000000,10.0
0.9483702,0.75,9,0.01,1000000,10.0
0.9707441,0.8,9,0.01,1000000,10.0
0.98526543,0.8500000000000001,9,0.01,1000000,10.0
0.9949149,0.9,9,0.01,1000000,10.0
0.9991701,0.9500000000000001,9,0.01,1000000,10.0
1.0,1.0,9,0.01,1000000,10.0
0.0,0.0,9,0.01,1000000,5.0
0.0,0.05,9,0.01,1000000,5.0
0.01778793,0.1,9,0.01,1000000,5.0
0.074523896,0.15000000000000002,9,0.01,1000000,5.0
0.1311852,0.2,9,0.01,1000000,5.0
0.20256169,0.25,9,0.01,1000000,5.0
0.28175643,0.30000000000000004,9,0.01,1000000,5.0
0.38175642,0.35000000000000003,9,0.01,1000000,5.0
0.48971665,0.4,9,0.01,1000000,5.0
0.6015314,0.45,9,0.01,1000000,5.0
0.69493616,0.5,9,0.01,1000000,5.0
0.7761059,0.55,9,0.01,1000000,5.0
0.8336166,0.6000000000000001,9,0.01,1000000,5.0
0.8818853,0.65,9,0.01,1000000,5.0
0.9223288,0.7000000000000001,9,0.01,1000000,5.0
0.9504654,0.75,9,0.01,1000000,5.0
0.9719103,0.8,9,0.01,1000000,5.0
0.9850593,0.8500000000000001,9,0.01,1000000,5.0
0.99525464,0.9,9,0.01,1000000,5.0
0.99951625,0.9500000000000001,9,0.01,1000000,5.0
1.0,1.0,9,0.01,1000000,5.0
0.0,0.0,9,0.01,1000000,2.0
0.003460547,0.05,9,0.01,1000000,2.0
0.047197707,0.1,9,0.01,1000000,2.0
0.13798763,0.15000000000000002,9,0.01,1000000,2.0
0.2400418,0.2,9,0.01,1000000,2.0
0.33770722,0.25,9,0.01,1000000,2.0
0.42916054,0.30000000000000004,9,0.01,1000000,2.0
0.53108597,0.35000000000000003,9,0.01,1000000,2.0
0.6196442,0.4,9,0.01,1000000,2.0
0.68829286,0.45,9,0.01,1000000,2.0
0.7525788,0.5,9,0.01,1000000,2.0
0.8090447,0.55,9,0.01,1000000,2.0
0.851129,0.6000000000000001,9,0.01,1000000,2.0
0.8841173,0.65,9,0.01,1000000,2.0
0.9097283,0.7000000000000001,9,0.01,1000000,2.0
0.93889135,0.75,9,0.01,1000000,2.0
0.9609274,0.8,9,0.01,1000000,2.0
0.9811471,0.8500000000000001,9,0.01,1000000,2.0
0.9936399,0.9,9,0.01,1000000,2.0
0.9993153,0.9500000000000001,9,0.01,1000000,2.0
1.0,1.0,9,0.01,1000000,2.0
0.0,0.0,9,0.01,1000000,3.0
0.0,0.05,9,0.01,1000000,3.0
0.022835026,0.1,9,0.01,1000000,3.0
0.08263778,0.15000000000000002,9,0.01,1000000,3.0
0.14818543,0.2,9,0.01,1000000,3.0
0.23007171,0.25,9,0.01,1000000,3.0
0.32074875,0.30000000000000004,9,0.01,1000000,3.0
0.43136448,0.35000000000000003,9,0.01,1000000,3.0
0.54261374,0.4,9,0.01,1000000,3.0
0.64030486,0.45,9,0.01,1000000,3.0
0.728986,0.5,9,0.01,1000000,3.0
0.7992514,0.55,9,0.01,1000000,3.0
0.85199857,0.6000000000000001,9,0.01,1000000,3.0
0.8938849,0.65,9,0.01,1000000,3.0
0.9259299,0.7000000000000001,9,0.01,1000000,3.0
0.9552615,0.75,9,0.01,1000000,3.0
0.97379583,0.8,9,0.01,1000000,3.0
0.9849823,0.8500000000000001,9,0.01,1000000,3.0
0.99599916,0.9,9,0.01,1000000,3.0
0.9993585,0.9500000000000001,9,0.01,1000000,3.0
1.0,1.0,9,0.01,1000000,3.0
8.7030385e-05,0.0,0,0.02,1000000,0.1
0.15007333,0.05,0,0.02,1000000,0.1
0.19720122,0.1,0,0.02,1000000,0.1
0.23008932,0.15000000000000002,0,0.02,1000000,0.1
0.2565042,0.2,0,0.02,1000000,0.1
0.2837879,0.25,0,0.02,1000000,0.1
0.31039917,0.30000000000000004,0,0.02,1000000,0.1
0.3346797,0.35000000000000003,0,0.02,1000000,0.1
0.3593843,0.4,0,0.02,1000000,0.1
0.38774148,0.45,0,0.02,1000000,0.1
0.4144434,0.5,0,0.02,1000000,0.1
0.44647187,0.55,0,0.02,1000000,0.1
0.4790309,0.6000000000000001,0,0.02,1000000,0.1
0.51313686,0.65,0,0.02,1000000,0.1
0.5500647,0.7000000000000001,0,0.02,1000000,0.1
0.59363985,0.75,0,0.02,1000000,0.1
0.64094865,0.8,0,0.02,1000000,0.1
0.6908404,0.8500000000000001,0,0.02,1000000,0.1
0.75743306,0.9,0,0.02,1000000,0.1
0.8424094,0.9500000000000001,0,0.02,1000000,0.1
1.0,1.0,0,0.02,1000000,0.1
0.000100447774,0.0,0,0.02,1000000,10.0
0.58200765,0.05,0,0.02,1000000,10.0
0.6091778,0.1,0,0.02,1000000,10.0
0.6367857,0.15000000000000002,0,0.02,1000000,10.0
0.65816545,0.2,0,0.02,1000000,10.0
0.6847784,0.25,0,0.02,1000000,10.0
0.71272695,0.30000000000000004,0,0.02,1000000,10.0
0.74097955,0.35000000000000003,0,0.02,1000000,10.0
0.77059424,0.4,0,0.02,1000000,10.0
0.8039398,0.45,0,0.02,1000000,10.0
0.83350563,0.5,0,0.02,1000000,10.0
0.86317396,0.55,0,0.02,1000000,10.0
0.8897994,0.6000000000000001,0,0.02,1000000,10.0
0.917776,0.65,0,0.02,1000000,10.0
0.9407413,0.7000000000000001,0,0.02,1000000,10.0
0.95956683,0.75,0,0.02,1000000,10.0
0.9773546,0.8,0,0.02,1000000,10.0
0.9883765,0.8500000000000001,0,0.02,1000000,10.0
0.9960207,0.9,0,0.02,1000000,10.0
0.9991647,0.9500000000000001,0,0.02,1000000,10.0
1.0,1.0,0,0.02,1000000,10.0
0.00029709595,0.0,0,0.02,1000000,2.0
0.6718029,0.05,0,0.02,1000000,2.0
0.7023681,0.1,0,0.02,1000000,2.0
0.7237736,0.15000000000000002,0,0.02,1000000,2.0
0.7446378,0.2,0,0.02,1000000,2.0
0.75833637,0.25,0,0.02,1000000,2.0
0.77837896,0.30000000000000004,0,0.02,1000000,2.0
0.79866177,0.35000000000000003,0,0.02,1000000,2.0
0.81691676,0.4,0,0.02,1000000,2.0
0.8371194,0.45,0,0.02,1000000,2.0
0.8554987,0.5,0,0.02,1000000,2.0
0.8780568,0.55,0,0.02,1000000,2.0
0.8967022,0.6000000000000001,0,0.02,1000000,2.0
0.91710216,0.65,0,0.02,1000000,2.0
0.93736523,0.7000000000000001,0,0.02,1000000,2.0
0.9551143,0.75,0,0.02,1000000,2.0
0.9725124,0.8,0,0.02,1000000,2.0
0.9853802,0.8500000000000001,0,0.02,1000000,2.0
0.9918755,0.9,0,0.02,1000000,2.0
0.997407,0.9500000000000001,0,0.02,1000000,2.0
1.0,1.0,0,0.02,1000000,2.0
0.00029515376,0.0,0,0.02,1000000,5.0
0.5942393,0.05,0,0.02,1000000,5.0
0.6217247,0.1,0,0.02,1000000,5.0
0.6447802,0.15000000000000002,0,0.02,1000000,5.0
0.66477126,0.2,0,0.02,1000000,5.0
0.69126,0.25,0,0.02,1000000,5.0
0.7186666,0.30000000000000004,0,0.02,1000000,5.0
0.7441946,0.35000000000000003,0,0.02,1000000,5.0
0.7731276,0.4,0,0.02,1000000,5.0
0.8075595,0.45,0,0.02,1000000,5.0
0.83706796,0.5,0,0.02,1000000,5.0
0.864439,0.55,0,0.02,1000000,5.0
0.8916939,0.6000000000000001,0,0.02,1000000,5.0
0.9191068,0.65,0,0.02,1000000,5.0
0.9418075,0.7000000000000001,0,0.02,1000000,5.0
0.95950246,0.75,0,0.02,1000000,5.0
0.9770024,0.8,0,0.02,1000000,5.0
0.9879497,0.8500000000000001,0,0.02,1000000,5.0
0.9954851,0.9,0,0.02,1000000,5.0
0.9991647,0.9500000000000001,0,0.02,1000000,5.0
1.0,1.0,0,0.02,1000000,5.0
0.00046368246,0.0,0,0.02,1000000,3.0
0.6361192,0.05,0,0.02,1000000,3.0
0.65847224,0.1,0,0.02,1000000,3.0
0.673875,0.15000000000000002,0,0.02,1000000,3.0
0.6912117,0.2,0,0.02,1000000,3.0
0.7106263,0.25,0,0.02,1000000,3.0
0.72896236,0.30000000000000004,0,0.02,1000000,3.0
0.7521784,0.35000000000000003,0,0.02,1000000,3.0
0.7791284,0.4,0,0.02,1000000,3.0
0.81133825,0.45,0,0.02,1000000,3.0
0.8409409,0.5,0,0.02,1000000,3.0
0.8688175,0.55,0,0.02,1000000,3.0
0.8942244,0.6000000000000001,0,0.02,1000000,3.0
0.91946226,0.65,0,0.02,1000000,3.0
0.9418959,0.7000000000000001,0,0.02,1000000,3.0
0.9600527,0.75,0,0.02,1000000,3.0
0.9760204,0.8,0,0.02,1000000,3.0
0.98707116,0.8500000000000001,0,0.02,1000000,3.0
0.9946053,0.9,0,0.02,1000000,3.0
0.9988196,0.9500000000000001,0,0.02,1000000,3.0
1.0,1.0,0,0.02,1000000,3.0
0.0,0.0,1,0.02,1000000,0.1
0.0046165613,0.05,1,0.02,1000000,0.1
0.031084435,0.1,1,0.02,1000000,0.1
0.06401133,0.15000000000000002,1,0.02,1000000,0.1
0.09770513,0.2,1,0.02,1000000,0.1
0.12888797,0.25,1,0.02,1000000,0.1
0.15912095,0.30000000000000004,1,0.02,1000000,0.1
0.18542808,0.35000000000000003,1,0.02,1000000,0.1
0.21336032,0.4,1,0.02,1000000,0.1
0.2392335,0.45,1,0.02,1000000,0.1
0.26392388,0.5,1,0.02,1000000,0.1
0.28721663,0.55,1,0.02,1000000,0.1
0.31396958,0.6000000000000001,1,0.02,1000000,0.1
0.34604067,0.65,1,0.02,1000000,0.1
0.37674743,0.7000000000000001,1,0.02,1000000,0.1
0.41094643,0.75,1,0.02,1000000,0.1
0.4511305,0.8,1,0.02,1000000,0.1
0.5054765,0.8500000000000001,1,0.02,1000000,0.1
0.58378375,0.9,1,0.02,1000000,0.1
0.73744524,0.9500000000000001,1,0.02,1000000,0.1
1.0,1.0,1,0.02,1000000,0.1
0.0,0.0,1,0.02,1000000,10.0
0.0953339,0.05,1,0.02,1000000,10.0
0.18365943,0.1,1,0.02,1000000,10.0
0.26710892,0.15000000000000002,1,0.02,1000000,10.0
0.34679955,0.2,1,0.02,1000000,10.0
0.4207942,0.25,1,0.02,1000000,10.0
0.49140647,0.30000000000000004,1,0.02,1000000,10.0
0.55866337,0.35000000000000003,1,0.02,1000000,10.0
0.6225244,0.4,1,0.02,1000000,10.0
0.681267,0.45,1,0.02,1000000,10.0
0.7426324,0.5,1,0.02,1000000,10.0
0.794241,0.55,1,0.02,1000000,10.0
0.8400493,0.6000000000000001,1,0.02,1000000,10.0
0.8824724,0.65,1,0.02,1000000,10.0
0.9176058,0.7000000000000001,1,0.02,1000000,10.0
0.94584924,0.75,1,0.02,1000000,10.0
0.96747446,0.8,1,0.02,1000000,10.0
0.98479074,0.8500000000000001,1,0.02,1000000,10.0
0.99424464,0.9,1,0.02,1000000,10.0
0.9991613,0.9500000000000001,1,0.02,1000000,10.0
1.0,1.0,1,0.02,1000000,10.0
0.00030730804,0.0,1,0.02,1000000,2.0
0.5530608,0.05,1,0.02,1000000,2.0
0.67594063,0.1,1,0.02,1000000,2.0
0.7352987,0.15000000000000002,1,0.02,1000000,2.0
0.7674441,0.2,1,0.02,1000000,2.0
0.789813,0.25,1,0.02,1000000,2.0
0.8083489,0.30000000000000004,1,0.02,1000000,2.0
0.8254476,0.35000000000000003,1,0.02,1000000,2.0
0.84019506,0.4,1,0.02,1000000,2.0
0.8567325,0.45,1,0.02,1000000,2.0
0.87137705,0.5,1,0.02,1000000,2.0
0.8834884,0.55,1,0.02,1000000,2.0
0.8971032,0.6000000000000001,1,0.02,1000000,2.0
0.91424334,0.65,1,0.02,1000000,2.0
0.9347359,0.7000000000000001,1,0.02,1000000,2.0
0.9552132,0.75,1,0.02,1000000,2.0
0.97306156,0.8,1,0.02,1000000,2.0
0.9878029,0.8500000000000001,1,0.02,1000000,2.0
0.9947981,0.9,1,0.02,1000000,2.0
0.9986319,0.9500000000000001,1,0.02,1000000,2.0
1.0,1.0,1,0.02,1000000,2.0
0.00020528588,0.0,1,0.02,1000000,3.0
0.526126,0.05,1,0.02,1000000,3.0
0.6108452,0.1,1,0.02,1000000,3.0
0.6475067,0.15000000000000002,1,0.02,1000000,3.0
0.67642564,0.2,1,0.02,1000000,3.0
0.70019484,0.25,1,0.02,1000000,3.0
0.72247356,0.30000000000000004,1,0.02,1000000,3.0
0.74176943,0.35000000000000003,1,0.02,1000000,3.0
0.76143956,0.4,1,0.02,1000000,3.0
0.78218216,0.45,1,0.02,1000000,3.0
0.80400634,0.5,1,0.02,1000000,3.0
0.83138835,0.55,1,0.02,1000000,3.0
0.86319625,0.6000000000000001,1,0.02,1000000,3.0
0.8914541,0.65,1,0.02,1000000,3.0
0.9218464,0.7000000000000001,1,0.02,1000000,3.0
0.9477107,0.75,1,0.02,1000000,3.0
0.9689874,0.8,1,0.02,1000000,3.0
0.9871542,0.8500000000000001,1,0.02,1000000,3.0
0.9950076,0.9,1,0.02,1000000,3.0
0.99908036,0.9500000000000001,1,0.02,1000000,3.0
1.0,1.0,1,0.02,1000000,3.0
0.00020528588,0.0,1,0.02,1000000,5.0
0.31088457,0.05,1,0.02,1000000,5.0
0.39023176,0.1,1,0.02,1000000,5.0
0.44737387,0.15000000000000002,1,0.02,1000000,5.0
0.49627745,0.2,1,0.02,1000000,5.0
0.54339004,0.25,1,0.02,1000000,5.0
0.5871402,0.30000000000000004,1,0.02,1000000,5.0
0.6289915,0.35000000000000003,1,0.02,1000000,5.0
0.66816366,0.4,1,0.02,1000000,5.0
0.7187697,0.45,1,0.02,1000000,5.0
0.7626519,0.5,1,0.02,1000000,5.0
0.8041205,0.55,1,0.02,1000000,5.0
0.848132,0.6000000000000001,1,0.02,1000000,5.0
0.8858865,0.65,1,0.02,1000000,5.0
0.9185712,0.7000000000000001,1,0.02,1000000,5.0
0.94606405,0.75,1,0.02,1000000,5.0
0.9678469,0.8,1,0.02,1000000,5.0
0.9857493,0.8500000000000001,1,0.02,1000000,5.0
0.99433297,0.9,1,0.02,1000000,5.0
0.9991648,0.9500000000000001,1,0.02,1000000,5.0
1.0,1.0,1,0.02,1000000,5.0
0.0,0.0,2,0.02,1000000,0.1
0.51706856,0.05,2,0.02,1000000,0.1
0.60469127,0.1,2,0.02,1000000,0.1
0.65307003,0.15000000000000002,2,0.02,1000000,0.1
0.6857908,0.2,2,0.02,1000000,0.1
0.7114024,0.25,2,0.02,1000000,0.1
0.7345468,0.30000000000000004,2,0.02,1000000,0.1
0.7571462,0.35000000000000003,2,0.02,1000000,0.1
0.77729,0.4,2,0.02,1000000,0.1
0.797912,0.45,2,0.02,1000000,0.1
0.8150093,0.5,2,0.02,1000000,0.1
0.83342266,0.55,2,0.02,1000000,0.1
0.85195583,0.6000000000000001,2,0.02,1000000,0.1
0.8726153,0.65,2,0.02,1000000,0.1
0.8889763,0.7000000000000001,2,0.02,1000000,0.1
0.90530777,0.75,2,0.02,1000000,0.1
0.92121774,0.8,2,0.02,1000000,0.1
0.93805444,0.8500000000000001,2,0.02,1000000,0.1
0.9557377,0.9,2,0.02,1000000,0.1
0.97027236,0.9500000000000001,2,0.02,1000000,0.1
1.0,1.0,2,0.02,1000000,0.1
0.0,0.0,2,0.02,1000000,10.0
0.5922711,0.05,2,0.02,1000000,10.0
0.61966544,0.1,2,0.02,1000000,10.0
0.644465,0.15000000000000002,2,0.02,1000000,10.0
0.6680556,0.2,2,0.02,1000000,10.0
0.6915281,0.25,2,0.02,1000000,10.0
0.7168664,0.30000000000000004,2,0.02,1000000,10.0
0.7495457,0.35000000000000003,2,0.02,1000000,10.0
0.78063637,0.4,2,0.02,1000000,10.0
0.81560963,0.45,2,0.02,1000000,10.0
0.8494726,0.5,2,0.02,1000000,10.0
0.8815657,0.55,2,0.02,1000000,10.0
0.9078608,0.6000000000000001,2,0.02,1000000,10.0
0.9314919,0.65,2,0.02,1000000,10.0
0.94893044,0.7000000000000001,2,0.02,1000000,10.0
0.96554726,0.75,2,0.02,1000000,10.0
0.97832876,0.8,2,0.02,1000000,10.0
0.98907465,0.8500000000000001,2,0.02,1000000,10.0
0.99520314,0.9,2,0.02,1000000,10.0
0.99932754,0.9500000000000001,2,0.02,1000000,10.0
1.0,1.0,2,0.02,1000000,10.0
0.0,0.0,2,0.02,1000000,2.0
0.72120523,0.05,2,0.02,1000000,2.0
0.7631511,0.1,2,0.02,1000000,2.0
0.7910614,0.15000000000000002,2,0.02,1000000,2.0
0.81398773,0.2,2,0.02,1000000,2.0
0.8330208,0.25,2,0.02,1000000,2.0
0.8488691,0.30000000000000004,2,0.02,1000000,2.0
0.86521465,0.35000000000000003,2,0.02,1000000,2.0
0.87745285,0.4,2,0.02,1000000,2.0
0.8872549,0.45,2,0.02,1000000,2.0
0.8991112,0.5,2,0.02,1000000,2.0
0.9130297,0.55,2,0.02,1000000,2.0
0.9236459,0.6000000000000001,2,0.02,1000000,2.0
0.93558717,0.65,2,0.02,1000000,2.0
0.95002866,0.7000000000000001,2,0.02,1000000,2.0
0.96567774,0.75,2,0.02,1000000,2.0
0.9785096,0.8,2,0.02,1000000,2.0
0.98881876,0.8500000000000001,2,0.02,1000000,2.0
0.99565995,0.9,2,0.02,1000000,2.0
0.9996619,0.9500000000000001,2,0.02,1000000,2.0
1.0,1.0,2,0.02,1000000,2.0
0.0,0.0,2,0.02,1000000,3.0
0.6890816,0.05,2,0.02,1000000,3.0
0.7072365,0.1,2,0.02,1000000,3.0
0.72184855,0.15000000000000002,2,0.02,1000000,3.0
0.7374325,0.2,2,0.02,1000000,3.0
0.7534006,0.25,2,0.02,1000000,3.0
0.76937264,0.30000000000000004,2,0.02,1000000,3.0
0.7890466,0.35000000000000003,2,0.02,1000000,3.0
0.80912375,0.4,2,0.02,1000000,3.0
0.83151454,0.45,2,0.02,1000000,3.0
0.85561514,0.5,2,0.02,1000000,3.0
0.8821988,0.55,2,0.02,1000000,3.0
0.905774,0.6000000000000001,2,0.02,1000000,3.0
0.9299566,0.65,2,0.02,1000000,3.0
0.9469968,0.7000000000000001,2,0.02,1000000,3.0
0.96517676,0.75,2,0.02,1000000,3.0
0.97739255,0.8,2,0.02,1000000,3.0
0.9886614,0.8500000000000001,2,0.02,1000000,3.0
0.9951088,0.9,2,0.02,1000000,3.0
0.9991858,0.9500000000000001,2,0.02,1000000,3.0
1.0,1.0,2,0.02,1000000,3.0
0.0,0.0,2,0.02,1000000,5.0
0.60514075,0.05,2,0.02,1000000,5.0
0.63325626,0.1,2,0.02,1000000,5.0
0.6565256,0.15000000000000002,2,0.02,1000000,5.0
0.67734176,0.2,2,0.02,1000000,5.0
0.7002569,0.25,2,0.02,1000000,5.0
0.7276424,0.30000000000000004,2,0.02,1000000,5.0
0.75617284,0.35000000000000003,2,0.02,1000000,5.0
0.78511256,0.4,2,0.02,1000000,5.0
0.81884307,0.45,2,0.02,1000000,5.0
0.85037655,0.5,2,0.02,1000000,5.0
0.8815445,0.55,2,0.02,1000000,5.0
0.906794,0.6000000000000001,2,0.02,1000000,5.0
0.9306438,0.65,2,0.02,1000000,5.0
0.94847566,0.7000000000000001,2,0.02,1000000,5.0
0.9651058,0.75,2,0.02,1000000,5.0
0.97772574,0.8,2,0.02,1000000,5.0
0.98871946,0.8500000000000001,2,0.02,1000000,5.0
0.9948519,0.9,2,0.02,1000000,5.0
0.99932754,0.9500000000000001,2,0.02,1000000,5.0
1.0,1.0,2,0.02,1000000,5.0
0.0,0.0,3,0.02,1000000,0.1
0.20515865,0.05,3,0.02,1000000,0.1
0.24994396,0.1,3,0.02,1000000,0.1
0.2795184,0.15000000000000002,3,0.02,1000000,0.1
0.30535865,0.2,3,0.02,1000000,0.1
0.32705194,0.25,3,0.02,1000000,0.1
0.3477076,0.30000000000000004,3,0.02,1000000,0.1
0.36722878,0.35000000000000003,3,0.02,1000000,0.1
0.3875674,0.4,3,0.02,1000000,0.1
0.41048813,0.45,3,0.02,1000000,0.1
0.4309129,0.5,3,0.02,1000000,0.1
0.4523234,0.55,3,0.02,1000000,0.1
0.47455364,0.6000000000000001,3,0.02,1000000,0.1
0.5003629,0.65,3,0.02,1000000,0.1
0.5272456,0.7000000000000001,3,0.02,1000000,0.1
0.5589574,0.75,3,0.02,1000000,0.1
0.5933639,0.8,3,0.02,1000000,0.1
0.6351743,0.8500000000000001,3,0.02,1000000,0.1
0.68585235,0.9,3,0.02,1000000,0.1
0.75165045,0.9500000000000001,3,0.02,1000000,0.1
1.0,1.0,3,0.02,1000000,0.1
0.0,0.0,3,0.02,1000000,10.0
0.61624074,0.05,3,0.02,1000000,10.0
0.64396834,0.1,3,0.02,1000000,10.0
0.665738,0.15000000000000002,3,0.02,1000000,10.0
0.6894066,0.2,3,0.02,1000000,10.0
0.7137308,0.25,3,0.02,1000000,10.0
0.738448,0.30000000000000004,3,0.02,1000000,10.0
0.7650109,0.35000000000000003,3,0.02,1000000,10.0
0.7958112,0.4,3,0.02,1000000,10.0
0.82639134,0.45,3,0.02,1000000,10.0
0.85515046,0.5,3,0.02,1000000,10.0
0.8816143,0.55,3,0.02,1000000,10.0
0.9058594,0.6000000000000001,3,0.02,1000000,10.0
0.9261112,0.65,3,0.02,1000000,10.0
0.9436257,0.7000000000000001,3,0.02,1000000,10.0
0.9617719,0.75,3,0.02,1000000,10.0
0.9754403,0.8,3,0.02,1000000,10.0
0.98565376,0.8500000000000001,3,0.02,1000000,10.0
0.99400127,0.9,3,0.02,1000000,10.0
0.99916756,0.9500000000000001,3,0.02,1000000,10.0
1.0,1.0,3,0.02,1000000,10.0
0.00039836633,0.0,3,0.02,1000000,2.0
0.79363805,0.05,3,0.02,1000000,2.0
0.8288836,0.1,3,0.02,1000000,2.0
0.84902924,0.15000000000000002,3,0.02,1000000,2.0
0.86425024,0.2,3,0.02,1000000,2.0
0.87621665,0.25,3,0.02,1000000,2.0
0.88438284,0.30000000000000004,3,0.02,1000000,2.0
0.8913219,0.35000000000000003,3,0.02,1000000,2.0
0.8996974,0.4,3,0.02,1000000,2.0
0.9084241,0.45,3,0.02,1000000,2.0
0.91540325,0.5,3,0.02,1000000,2.0
0.9234325,0.55,3,0.02,1000000,2.0
0.9323115,0.6000000000000001,3,0.02,1000000,2.0
0.94455224,0.65,3,0.02,1000000,2.0
0.95596194,0.7000000000000001,3,0.02,1000000,2.0
0.96834666,0.75,3,0.02,1000000,2.0
0.9791684,0.8,3,0.02,1000000,2.0
0.989147,0.8500000000000001,3,0.02,1000000,2.0
0.99636775,0.9,3,0.02,1000000,2.0
0.9994209,0.9500000000000001,3,0.02,1000000,2.0
1.0,1.0,3,0.02,1000000,2.0
0.0,0.0,3,0.02,1000000,3.0
0.71862924,0.05,3,0.02,1000000,3.0
0.73153454,0.1,3,0.02,1000000,3.0
0.7446665,0.15000000000000002,3,0.02,1000000,3.0
0.7584491,0.2,3,0.02,1000000,3.0
0.77488947,0.25,3,0.02,1000000,3.0
0.79399127,0.30000000000000004,3,0.02,1000000,3.0
0.8138511,0.35000000000000003,3,0.02,1000000,3.0
0.8339964,0.4,3,0.02,1000000,3.0
0.8581444,0.45,3,0.02,1000000,3.0
0.87780607,0.5,3,0.02,1000000,3.0
0.8988712,0.55,3,0.02,1000000,3.0
0.9185774,0.6000000000000001,3,0.02,1000000,3.0
0.93374634,0.65,3,0.02,1000000,3.0
0.9506677,0.7000000000000001,3,0.02,1000000,3.0
0.96575296,0.75,3,0.02,1000000,3.0
0.9773787,0.8,3,0.02,1000000,3.0
0.988186,0.8500000000000001,3,0.02,1000000,3.0
0.99521685,0.9,3,0.02,1000000,3.0
0.99918276,0.9500000000000001,3,0.02,1000000,3.0
1.0,1.0,3,0.02,1000000,3.0
0.0,0.0,3,0.02,1000000,5.0
0.65136063,0.05,3,0.02,1000000,5.0
0.6733971,0.1,3,0.02,1000000,5.0
0.69547,0.15000000000000002,3,0.02,1000000,5.0
0.7156383,0.2,3,0.02,1000000,5.0
0.73490477,0.25,3,0.02,1000000,5.0
0.7554118,0.30000000000000004,3,0.02,1000000,5.0
0.7805677,0.35000000000000003,3,0.02,1000000,5.0
0.8077865,0.4,3,0.02,1000000,5.0
0.8352082,0.45,3,0.02,1000000,5.0
0.86107004,0.5,3,0.02,1000000,5.0
0.887569,0.55,3,0.02,1000000,5.0
0.9091438,0.6000000000000001,3,0.02,1000000,5.0
0.9278986,0.65,3,0.02,1000000,5.0
0.945666,0.7000000000000001,3,0.02,1000000,5.0
0.96243644,0.75,3,0.02,1000000,5.0
0.9756373,0.8,3,0.02,1000000,5.0
0.98609275,0.8500000000000001,3,0.02,1000000,5.0
0.9941704,0.9,3,0.02,1000000,5.0
0.99918276,0.9500000000000001,3,0.02,1000000,5.0
1.0,1.0,3,0.02,1000000,5.0
0.0,0.0,4,0.02,1000000,0.1
0.30198056,0.05,4,0.02,1000000,0.1
0.40561628,0.1,4,0.02,1000000,0.1
0.46416864,0.15000000000000002,4,0.02,1000000,0.1
0.5141917,0.2,4,0.02,1000000,0.1
0.5548729,0.25,4,0.02,1000000,0.1
0.5916222,0.30000000000000004,4,0.02,1000000,0.1
0.6241055,0.35000000000000003,4,0.02,1000000,0.1
0.6538869,0.4,4,0.02,1000000,0.1
0.6805774,0.45,4,0.02,1000000,0.1
0.7057751,0.5,4,0.02,1000000,0.1
0.732073,0.55,4,0.02,1000000,0.1
0.75690657,0.6000000000000001,4,0.02,1000000,0.1
0.78263575,0.65,4,0.02,1000000,0.1
0.8063066,0.7000000000000001,4,0.02,1000000,0.1
0.82689655,0.75,4,0.02,1000000,0.1
0.85002494,0.8,4,0.02,1000000,0.1
0.87520003,0.8500000000000001,4,0.02,1000000,0.1
0.90257937,0.9,4,0.02,1000000,0.1
0.93361366,0.9500000000000001,4,0.02,1000000,0.1
1.0,1.0,4,0.02,1000000,0.1
0.0,0.0,4,0.02,1000000,10.0
0.6237225,0.05,4,0.02,1000000,10.0
0.6541641,0.1,4,0.02,1000000,10.0
0.6762698,0.15000000000000002,4,0.02,1000000,10.0
0.6993299,0.2,4,0.02,1000000,10.0
0.71881634,0.25,4,0.02,1000000,10.0
0.7401867,0.30000000000000004,4,0.02,1000000,10.0
0.7631853,0.35000000000000003,4,0.02,1000000,10.0
0.7906966,0.4,4,0.02,1000000,10.0
0.81667763,0.45,4,0.02,1000000,10.0
0.8419612,0.5,4,0.02,1000000,10.0
0.87024206,0.55,4,0.02,1000000,10.0
0.8927695,0.6000000000000001,4,0.02,1000000,10.0
0.9173797,0.65,4,0.02,1000000,10.0
0.9394438,0.7000000000000001,4,0.02,1000000,10.0
0.95934004,0.75,4,0.02,1000000,10.0
0.97565573,0.8,4,0.02,1000000,10.0
0.98747647,0.8500000000000001,4,0.02,1000000,10.0
0.99565524,0.9,4,0.02,1000000,10.0
0.9992445,0.9500000000000001,4,0.02,1000000,10.0
1.0,1.0,4,0.02,1000000,10.0
0.0,0.0,4,0.02,1000000,2.0
0.70358527,0.05,4,0.02,1000000,2.0
0.72528195,0.1,4,0.02,1000000,2.0
0.7396975,0.15000000000000002,4,0.02,1000000,2.0
0.7518231,0.2,4,0.02,1000000,2.0
0.7658446,0.25,4,0.02,1000000,2.0
0.77914214,0.30000000000000004,4,0.02,1000000,2.0
0.7923589,0.35000000000000003,4,0.02,1000000,2.0
0.80934656,0.4,4,0.02,1000000,2.0
0.82504207,0.45,4,0.02,1000000,2.0
0.84289074,0.5,4,0.02,1000000,2.0
0.85967284,0.55,4,0.02,1000000,2.0
0.87880534,0.6000000000000001,4,0.02,1000000,2.0
0.89804804,0.65,4,0.02,1000000,2.0
0.9165994,0.7000000000000001,4,0.02,1000000,2.0
0.9369848,0.75,4,0.02,1000000,2.0
0.95438445,0.8,4,0.02,1000000,2.0
0.971737,0.8500000000000001,4,0.02,1000000,2.0
0.9862287,0.9,4,0.02,1000000,2.0
0.9957632,0.9500000000000001,4,0.02,1000000,2.0
1.0,1.0,4,0.02,1000000,2.0
0.0,0.0,4,0.02,1000000,3.0
0.66818696,0.05,4,0.02,1000000,3.0
0.6898864,0.1,4,0.02,1000000,3.0
0.7064646,0.15000000000000002,4,0.02,1000000,3.0
0.7232901,0.2,4,0.02,1000000,3.0
0.7401839,0.25,4,0.02,1000000,3.0
0.7570116,0.30000000000000004,4,0.02,1000000,3.0
0.7757383,0.35000000000000003,4,0.02,1000000,3.0
0.79643655,0.4,4,0.02,1000000,3.0
0.8169204,0.45,4,0.02,1000000,3.0
0.83786124,0.5,4,0.02,1000000,3.0
0.859381,0.55,4,0.02,1000000,3.0
0.88169473,0.6000000000000001,4,0.02,1000000,3.0
0.90478814,0.65,4,0.02,1000000,3.0
0.92571557,0.7000000000000001,4,0.02,1000000,3.0
0.9472623,0.75,4,0.02,1000000,3.0
0.9645385,0.8,4,0.02,1000000,3.0
0.9808716,0.8500000000000001,4,0.02,1000000,3.0
0.9911813,0.9,4,0.02,1000000,3.0
0.9980653,0.9500000000000001,4,0.02,1000000,3.0
1.0,1.0,4,0.02,1000000,3.0
0.0,0.0,4,0.02,1000000,5.0
0.63925034,0.05,4,0.02,1000000,5.0
0.6673696,0.1,4,0.02,1000000,5.0
0.68930155,0.15000000000000002,4,0.02,1000000,5.0
0.7080666,0.2,4,0.02,1000000,5.0
0.7266668,0.25,4,0.02,1000000,5.0
0.7456486,0.30000000000000004,4,0.02,1000000,5.0
0.7684445,0.35000000000000003,4,0.02,1000000,5.0
0.79406524,0.4,4,0.02,1000000,5.0
0.81589997,0.45,4,0.02,1000000,5.0
0.8413362,0.5,4,0.02,1000000,5.0
0.8661907,0.55,4,0.02,1000000,5.0
0.8882479,0.6000000000000001,4,0.02,1000000,5.0
0.9122013,0.65,4,0.02,1000000,5.0
0.9342269,0.7000000000000001,4,0.02,1000000,5.0
0.9551854,0.75,4,0.02,1000000,5.0
0.97101706,0.8,4,0.02,1000000,5.0
0.9861088,0.8500000000000001,4,0.02,1000000,5.0
0.9943665,0.9,4,0.02,1000000,5.0
0.9992425,0.9500000000000001,4,0.02,1000000,5.0
1.0,1.0,4,0.02,1000000,5.0
0.0,0.0,5,0.02,1000000,0.1
0.4745312,0.05,5,0.02,1000000,0.1
0.56466216,0.1,5,0.02,1000000,0.1
0.62361646,0.15000000000000002,5,0.02,1000000,0.1
0.6640044,0.2,5,0.02,1000000,0.1
0.6913851,0.25,5,0.02,1000000,0.1
0.7114247,0.30000000000000004,5,0.02,1000000,0.1
0.7308851,0.35000000000000003,5,0.02,1000000,0.1
0.7456409,0.4,5,0.02,1000000,0.1
0.7614358,0.45,5,0.02,1000000,0.1
0.7762556,0.5,5,0.02,1000000,0.1
0.792497,0.55,5,0.02,1000000,0.1
0.80788356,0.6000000000000001,5,0.02,1000000,0.1
0.8232485,0.65,5,0.02,1000000,0.1
0.8401609,0.7000000000000001,5,0.02,1000000,0.1
0.85812336,0.75,5,0.02,1000000,0.1
0.87432,0.8,5,0.02,1000000,0.1
0.8907289,0.8500000000000001,5,0.02,1000000,0.1
0.9053259,0.9,5,0.02,1000000,0.1
0.9261619,0.9500000000000001,5,0.02,1000000,0.1
1.0,1.0,5,0.02,1000000,0.1
0.00010150205,0.0,5,0.02,1000000,10.0
0.6137331,0.05,5,0.02,1000000,10.0
0.631361,0.1,5,0.02,1000000,10.0
0.647122,0.15000000000000002,5,0.02,1000000,10.0
0.66567796,0.2,5,0.02,1000000,10.0
0.6851656,0.25,5,0.02,1000000,10.0
0.7084586,0.30000000000000004,5,0.02,1000000,10.0
0.73649096,0.35000000000000003,5,0.02,1000000,10.0
0.7687031,0.4,5,0.02,1000000,10.0
0.80295646,0.45,5,0.02,1000000,10.0
0.8373788,0.5,5,0.02,1000000,10.0
0.8705961,0.55,5,0.02,1000000,10.0
0.8989337,0.6000000000000001,5,0.02,1000000,10.0
0.9249153,0.65,5,0.02,1000000,10.0
0.94678706,0.7000000000000001,5,0.02,1000000,10.0
0.963124,0.75,5,0.02,1000000,10.0
0.9781029,0.8,5,0.02,1000000,10.0
0.9872766,0.8500000000000001,5,0.02,1000000,10.0
0.9948829,0.9,5,0.02,1000000,10.0
0.999314,0.9500000000000001,5,0.02,1000000,10.0
1.0,1.0,5,0.02,1000000,10.0
0.0,0.0,5,0.02,1000000,2.0
0.46823338,0.05,5,0.02,1000000,2.0
0.5228482,0.1,5,0.02,1000000,2.0
0.557446,0.15000000000000002,5,0.02,1000000,2.0
0.58512574,0.2,5,0.02,1000000,2.0
0.60612,0.25,5,0.02,1000000,2.0
0.62274665,0.30000000000000004,5,0.02,1000000,2.0
0.63616896,0.35000000000000003,5,0.02,1000000,2.0
0.64821947,0.4,5,0.02,1000000,2.0
0.6608691,0.45,5,0.02,1000000,2.0
0.6749772,0.5,5,0.02,1000000,2.0
0.6929138,0.55,5,0.02,1000000,2.0
0.71721494,0.6000000000000001,5,0.02,1000000,2.0
0.7511812,0.65,5,0.02,1000000,2.0
0.79568374,0.7000000000000001,5,0.02,1000000,2.0
0.83839935,0.75,5,0.02,1000000,2.0
0.8862923,0.8,5,0.02,1000000,2.0
0.93150884,0.8500000000000001,5,0.02,1000000,2.0
0.97218424,0.9,5,0.02,1000000,2.0
0.9960777,0.9500000000000001,5,0.02,1000000,2.0
1.0,1.0,5,0.02,1000000,2.0
0.0,0.0,5,0.02,1000000,5.0
0.63878226,0.05,5,0.02,1000000,5.0
0.65343255,0.1,5,0.02,1000000,5.0
0.66869813,0.15000000000000002,5,0.02,1000000,5.0
0.68439686,0.2,5,0.02,1000000,5.0
0.7020177,0.25,5,0.02,1000000,5.0
0.7216095,0.30000000000000004,5,0.02,1000000,5.0
0.74536026,0.35000000000000003,5,0.02,1000000,5.0
0.7761726,0.4,5,0.02,1000000,5.0
0.80761003,0.45,5,0.02,1000000,5.0
0.83802086,0.5,5,0.02,1000000,5.0
0.86968017,0.55,5,0.02,1000000,5.0
0.8964691,0.6000000000000001,5,0.02,1000000,5.0
0.9218121,0.65,5,0.02,1000000,5.0
0.94434494,0.7000000000000001,5,0.02,1000000,5.0
0.96160764,0.75,5,0.02,1000000,5.0
0.97675514,0.8,5,0.02,1000000,5.0
0.98657864,0.8500000000000001,5,0.02,1000000,5.0
0.9945318,0.9,5,0.02,1000000,5.0
0.9990592,0.9500000000000001,5,0.02,1000000,5.0
1.0,1.0,5,0.02,1000000,5.0
0.0,0.0,5,0.02,1000000,3.0
0.70471364,0.05,5,0.02,1000000,3.0
0.7121423,0.1,5,0.02,1000000,3.0
0.71977425,0.15000000000000002,5,0.02,1000000,3.0
0.7282621,0.2,5,0.02,1000000,3.0
0.7381117,0.25,5,0.02,1000000,3.0
0.75149876,0.30000000000000004,5,0.02,1000000,3.0
0.77008724,0.35000000000000003,5,0.02,1000000,3.0
0.79266787,0.4,5,0.02,1000000,3.0
0.81482637,0.45,5,0.02,1000000,3.0
0.84275484,0.5,5,0.02,1000000,3.0
0.8699318,0.55,5,0.02,1000000,3.0
0.894261,0.6000000000000001,5,0.02,1000000,3.0
0.91743755,0.65,5,0.02,1000000,3.0
0.94139886,0.7000000000000001,5,0.02,1000000,3.0
0.95881426,0.75,5,0.02,1000000,3.0
0.97502834,0.8,5,0.02,1000000,3.0
0.98480844,0.8500000000000001,5,0.02,1000000,3.0
0.99417955,0.9,5,0.02,1000000,3.0
0.99914306,0.9500000000000001,5,0.02,1000000,3.0
1.0,1.0,5,0.02,1000000,3.0
0.0,0.0,6,0.02,1000000,0.1
0.16299935,0.05,6,0.02,1000000,0.1
0.2084573,0.1,6,0.02,1000000,0.1
0.24432233,0.15000000000000002,6,0.02,1000000,0.1
0.2744685,0.2,6,0.02,1000000,0.1
0.30156994,0.25,6,0.02,1000000,0.1
0.32581556,0.30000000000000004,6,0.02,1000000,0.1
0.34890616,0.35000000000000003,6,0.02,1000000,0.1
0.37437573,0.4,6,0.02,1000000,0.1
0.40192935,0.45,6,0.02,1000000,0.1
0.42718673,0.5,6,0.02,1000000,0.1
0.45512167,0.55,6,0.02,1000000,0.1
0.481322,0.6000000000000001,6,0.02,1000000,0.1
0.508822,0.65,6,0.02,1000000,0.1
0.5371187,0.7000000000000001,6,0.02,1000000,0.1
0.56848544,0.75,6,0.02,1000000,0.1
0.6063045,0.8,6,0.02,1000000,0.1
0.648402,0.8500000000000001,6,0.02,1000000,0.1
0.6999207,0.9,6,0.02,1000000,0.1
0.768336,0.9500000000000001,6,0.02,1000000,0.1
1.0,1.0,6,0.02,1000000,0.1
0.0,0.0,6,0.02,1000000,10.0
0.58519274,0.05,6,0.02,1000000,10.0
0.6121524,0.1,6,0.02,1000000,10.0
0.63405365,0.15000000000000002,6,0.02,1000000,10.0
0.6579612,0.2,6,0.02,1000000,10.0
0.6821081,0.25,6,0.02,1000000,10.0
0.70892304,0.30000000000000004,6,0.02,1000000,10.0
0.738635,0.35000000000000003,6,0.02,1000000,10.0
0.7695383,0.4,6,0.02,1000000,10.0
0.8047011,0.45,6,0.02,1000000,10.0
0.84064186,0.5,6,0.02,1000000,10.0
0.8712663,0.55,6,0.02,1000000,10.0
0.90120703,0.6000000000000001,6,0.02,1000000,10.0
0.92542493,0.65,6,0.02,1000000,10.0
0.94609916,0.7000000000000001,6,0.02,1000000,10.0
0.9616552,0.75,6,0.02,1000000,10.0
0.9773743,0.8,6,0.02,1000000,10.0
0.98724335,0.8500000000000001,6,0.02,1000000,10.0
0.9945836,0.9,6,0.02,1000000,10.0
0.99900514,0.9500000000000001,6,0.02,1000000,10.0
1.0,1.0,6,0.02,1000000,10.0
0.0,0.0,6,0.02,1000000,2.0
0.67695934,0.05,6,0.02,1000000,2.0
0.69525176,0.1,6,0.02,1000000,2.0
0.7071584,0.15000000000000002,6,0.02,1000000,2.0
0.719168,0.2,6,0.02,1000000,2.0
0.7296115,0.25,6,0.02,1000000,2.0
0.7441707,0.30000000000000004,6,0.02,1000000,2.0
0.75940883,0.35000000000000003,6,0.02,1000000,2.0
0.77813226,0.4,6,0.02,1000000,2.0
0.79979223,0.45,6,0.02,1000000,2.0
0.82853633,0.5,6,0.02,1000000,2.0
0.85844743,0.55,6,0.02,1000000,2.0
0.88790745,0.6000000000000001,6,0.02,1000000,2.0
0.91332227,0.65,6,0.02,1000000,2.0
0.9390442,0.7000000000000001,6,0.02,1000000,2.0
0.9596754,0.75,6,0.02,1000000,2.0
0.9772199,0.8,6,0.02,1000000,2.0
0.9891503,0.8500000000000001,6,0.02,1000000,2.0
0.99595827,0.9,6,0.02,1000000,2.0
0.99934256,0.9500000000000001,6,0.02,1000000,2.0
1.0,1.0,6,0.02,1000000,2.0
0.0,0.0,6,0.02,1000000,5.0
0.5995682,0.05,6,0.02,1000000,5.0
0.6237712,0.1,6,0.02,1000000,5.0
0.6444673,0.15000000000000002,6,0.02,1000000,5.0
0.66525686,0.2,6,0.02,1000000,5.0
0.68766063,0.25,6,0.02,1000000,5.0
0.7115128,0.30000000000000004,6,0.02,1000000,5.0
0.73734516,0.35000000000000003,6,0.02,1000000,5.0
0.76579344,0.4,6,0.02,1000000,5.0
0.80059654,0.45,6,0.02,1000000,5.0
0.8354759,0.5,6,0.02,1000000,5.0
0.8668536,0.55,6,0.02,1000000,5.0
0.8975135,0.6000000000000001,6,0.02,1000000,5.0
0.92246115,0.65,6,0.02,1000000,5.0
0.94373894,0.7000000000000001,6,0.02,1000000,5.0
0.96150625,0.75,6,0.02,1000000,5.0
0.97716695,0.8,6,0.02,1000000,5.0
0.9875795,0.8500000000000001,6,0.02,1000000,5.0
0.9947705,0.9,6,0.02,1000000,5.0
0.99900514,0.9500000000000001,6,0.02,1000000,5.0
1.0,1.0,6,0.02,1000000,5.0
0.0,0.0,6,0.02,1000000,3.0
0.6396912,0.05,6,0.02,1000000,3.0
0.6587845,0.1,6,0.02,1000000,3.0
0.67309445,0.15000000000000002,6,0.02,1000000,3.0
0.6861604,0.2,6,0.02,1000000,3.0
0.6995422,0.25,6,0.02,1000000,3.0
0.71781456,0.30000000000000004,6,0.02,1000000,3.0
0.73830694,0.35000000000000003,6,0.02,1000000,3.0
0.76167625,0.4,6,0.02,1000000,3.0
0.79241425,0.45,6,0.02,1000000,3.0
0.82592607,0.5,6,0.02,1000000,3.0
0.85935163,0.55,6,0.02,1000000,3.0
0.890285,0.6000000000000001,6,0.02,1000000,3.0
0.9176926,0.65,6,0.02,1000000,3.0
0.9401507,0.7000000000000001,6,0.02,1000000,3.0
0.96146965,0.75,6,0.02,1000000,3.0
0.97721136,0.8,6,0.02,1000000,3.0
0.9890518,0.8500000000000001,6,0.02,1000000,3.0
0.99605393,0.9,6,0.02,1000000,3.0
0.99958265,0.9500000000000001,6,0.02,1000000,3.0
1.0,1.0,6,0.02,1000000,3.0
0.0,0.0,7,0.02,1000000,0.1
0.15932241,0.05,7,0.02,1000000,0.1
0.21843962,0.1,7,0.02,1000000,0.1
0.25700277,0.15000000000000002,7,0.02,1000000,0.1
0.29024836,0.2,7,0.02,1000000,0.1
0.31435132,0.25,7,0.02,1000000,0.1
0.33693746,0.30000000000000004,7,0.02,1000000,0.1
0.35643965,0.35000000000000003,7,0.02,1000000,0.1
0.3721204,0.4,7,0.02,1000000,0.1
0.3887677,0.45,7,0.02,1000000,0.1
0.40580538,0.5,7,0.02,1000000,0.1
0.42024127,0.55,7,0.02,1000000,0.1
0.43525472,0.6000000000000001,7,0.02,1000000,0.1
0.44814274,0.65,7,0.02,1000000,0.1
0.4639044,0.7000000000000001,7,0.02,1000000,0.1
0.48074812,0.75,7,0.02,1000000,0.1
0.5006158,0.8,7,0.02,1000000,0.1
0.5252395,0.8500000000000001,7,0.02,1000000,0.1
0.5535166,0.9,7,0.02,1000000,0.1
0.5899143,0.9500000000000001,7,0.02,1000000,0.1
0.99991965,1.0,7,0.02,1000000,0.1
0.0,0.0,7,0.02,1000000,10.0
0.5927004,0.05,7,0.02,1000000,10.0
0.6222766,0.1,7,0.02,1000000,10.0
0.64773166,0.15000000000000002,7,0.02,1000000,10.0
0.67459863,0.2,7,0.02,1000000,10.0
0.6991227,0.25,7,0.02,1000000,10.0
0.72852814,0.30000000000000004,7,0.02,1000000,10.0
0.75780183,0.35000000000000003,7,0.02,1000000,10.0
0.7901082,0.4,7,0.02,1000000,10.0
0.8191204,0.45,7,0.02,1000000,10.0
0.84815544,0.5,7,0.02,1000000,10.0
0.8785006,0.55,7,0.02,1000000,10.0
0.9053426,0.6000000000000001,7,0.02,1000000,10.0
0.9285748,0.65,7,0.02,1000000,10.0
0.94769144,0.7000000000000001,7,0.02,1000000,10.0
0.9640327,0.75,7,0.02,1000000,10.0
0.9780158,0.8,7,0.02,1000000,10.0
0.98894626,0.8500000000000001,7,0.02,1000000,10.0
0.9947264,0.9,7,0.02,1000000,10.0
0.9989909,0.9500000000000001,7,0.02,1000000,10.0
1.0,1.0,7,0.02,1000000,10.0
0.0,0.0,7,0.02,1000000,2.0
0.61171204,0.05,7,0.02,1000000,2.0
0.6449748,0.1,7,0.02,1000000,2.0
0.6691912,0.15000000000000002,7,0.02,1000000,2.0
0.6938487,0.2,7,0.02,1000000,2.0
0.7190252,0.25,7,0.02,1000000,2.0
0.7462279,0.30000000000000004,7,0.02,1000000,2.0
0.7777519,0.35000000000000003,7,0.02,1000000,2.0
0.80834454,0.4,7,0.02,1000000,2.0
0.8359858,0.45,7,0.02,1000000,2.0
0.8645453,0.5,7,0.02,1000000,2.0
0.8921824,0.55,7,0.02,1000000,2.0
0.916994,0.6000000000000001,7,0.02,1000000,2.0
0.9371215,0.65,7,0.02,1000000,2.0
0.9552136,0.7000000000000001,7,0.02,1000000,2.0
0.96848047,0.75,7,0.02,1000000,2.0
0.9813437,0.8,7,0.02,1000000,2.0
0.99036,0.8500000000000001,7,0.02,1000000,2.0
0.9968938,0.9,7,0.02,1000000,2.0
0.99956775,0.9500000000000001,7,0.02,1000000,2.0
1.0,1.0,7,0.02,1000000,2.0
0.0,0.0,7,0.02,1000000,5.0
0.59763,0.05,7,0.02,1000000,5.0
0.627267,0.1,7,0.02,1000000,5.0
0.6539649,0.15000000000000002,7,0.02,1000000,5.0
0.67883074,0.2,7,0.02,1000000,5.0
0.70404017,0.25,7,0.02,1000000,5.0
0.7317088,0.30000000000000004,7,0.02,1000000,5.0
0.7627347,0.35000000000000003,7,0.02,1000000,5.0
0.79351485,0.4,7,0.02,1000000,5.0
0.82239044,0.45,7,0.02,1000000,5.0
0.850686,0.5,7,0.02,1000000,5.0
0.881725,0.55,7,0.02,1000000,5.0
0.90696955,0.6000000000000001,7,0.02,1000000,5.0
0.92991227,0.65,7,0.02,1000000,5.0
0.9483268,0.7000000000000001,7,0.02,1000000,5.0
0.9645479,0.75,7,0.02,1000000,5.0
0.9785518,0.8,7,0.02,1000000,5.0
0.98937553,0.8500000000000001,7,0.02,1000000,5.0
0.99507856,0.9,7,0.02,1000000,5.0
0.99924266,0.9500000000000001,7,0.02,1000000,5.0
1.0,1.0,7,0.02,1000000,5.0
0.0,0.0,7,0.02,1000000,3.0
0.60331476,0.05,7,0.02,1000000,3.0
0.6332378,0.1,7,0.02,1000000,3.0
0.6597449,0.15000000000000002,7,0.02,1000000,3.0
0.68248796,0.2,7,0.02,1000000,3.0
0.7093225,0.25,7,0.02,1000000,3.0
0.73559767,0.30000000000000004,7,0.02,1000000,3.0
0.76847625,0.35000000000000003,7,0.02,1000000,3.0
0.7976093,0.4,7,0.02,1000000,3.0
0.826898,0.45,7,0.02,1000000,3.0
0.8547113,0.5,7,0.02,1000000,3.0
0.8849197,0.55,7,0.02,1000000,3.0
0.9109896,0.6000000000000001,7,0.02,1000000,3.0
0.93255746,0.65,7,0.02,1000000,3.0
0.95075905,0.7000000000000001,7,0.02,1000000,3.0
0.9655759,0.75,7,0.02,1000000,3.0
0.98046625,0.8,7,0.02,1000000,3.0
0.99139667,0.8500000000000001,7,0.02,1000000,3.0
0.9969614,0.9,7,0.02,1000000,3.0
0.9995707,0.9500000000000001,7,0.02,1000000,3.0
1.0,1.0,7,0.02,1000000,3.0
0.0,0.0,8,0.02,1000000,0.1
0.15745293,0.05,8,0.02,1000000,0.1
0.20805824,0.1,8,0.02,1000000,0.1
0.23974514,0.15000000000000002,8,0.02,1000000,0.1
0.26548555,0.2,8,0.02,1000000,0.1
0.28302315,0.25,8,0.02,1000000,0.1
0.29916424,0.30000000000000004,8,0.02,1000000,0.1
0.31480345,0.35000000000000003,8,0.02,1000000,0.1
0.32713157,0.4,8,0.02,1000000,0.1
0.34192187,0.45,8,0.02,1000000,0.1
0.3557242,0.5,8,0.02,1000000,0.1
0.36922398,0.55,8,0.02,1000000,0.1
0.38285577,0.6000000000000001,8,0.02,1000000,0.1
0.4006642,0.65,8,0.02,1000000,0.1
0.41791877,0.7000000000000001,8,0.02,1000000,0.1
0.43911406,0.75,8,0.02,1000000,0.1
0.45948708,0.8,8,0.02,1000000,0.1
0.4797935,0.8500000000000001,8,0.02,1000000,0.1
0.50363314,0.9,8,0.02,1000000,0.1
0.5469602,0.9500000000000001,8,0.02,1000000,0.1
0.99992675,1.0,8,0.02,1000000,0.1
0.0,0.0,8,0.02,1000000,10.0
0.5894439,0.05,8,0.02,1000000,10.0
0.618086,0.1,8,0.02,1000000,10.0
0.64072675,0.15000000000000002,8,0.02,1000000,10.0
0.6637129,0.2,8,0.02,1000000,10.0
0.6859756,0.25,8,0.02,1000000,10.0
0.71215194,0.30000000000000004,8,0.02,1000000,10.0
0.7394293,0.35000000000000003,8,0.02,1000000,10.0
0.7670427,0.4,8,0.02,1000000,10.0
0.79615563,0.45,8,0.02,1000000,10.0
0.8286779,0.5,8,0.02,1000000,10.0
0.8608792,0.55,8,0.02,1000000,10.0
0.8917718,0.6000000000000001,8,0.02,1000000,10.0
0.92131436,0.65,8,0.02,1000000,10.0
0.9466883,0.7000000000000001,8,0.02,1000000,10.0
0.96552473,0.75,8,0.02,1000000,10.0
0.9795734,0.8,8,0.02,1000000,10.0
0.98968303,0.8500000000000001,8,0.02,1000000,10.0
0.9961593,0.9,8,0.02,1000000,10.0
0.9995749,0.9500000000000001,8,0.02,1000000,10.0
1.0,1.0,8,0.02,1000000,10.0
0.0,0.0,8,0.02,1000000,2.0
0.1837292,0.05,8,0.02,1000000,2.0
0.21303725,0.1,8,0.02,1000000,2.0
0.23802248,0.15000000000000002,8,0.02,1000000,2.0
0.2599824,0.2,8,0.02,1000000,2.0
0.28518307,0.25,8,0.02,1000000,2.0
0.30951604,0.30000000000000004,8,0.02,1000000,2.0
0.3367336,0.35000000000000003,8,0.02,1000000,2.0
0.37527743,0.4,8,0.02,1000000,2.0
0.41943267,0.45,8,0.02,1000000,2.0
0.4770916,0.5,8,0.02,1000000,2.0
0.54601526,0.55,8,0.02,1000000,2.0
0.61979634,0.6000000000000001,8,0.02,1000000,2.0
0.6900872,0.65,8,0.02,1000000,2.0
0.7619321,0.7000000000000001,8,0.02,1000000,2.0
0.832708,0.75,8,0.02,1000000,2.0
0.8829931,0.8,8,0.02,1000000,2.0
0.92208976,0.8500000000000001,8,0.02,1000000,2.0
0.9531058,0.9,8,0.02,1000000,2.0
0.9740509,0.9500000000000001,8,0.02,1000000,2.0
0.9999259,1.0,8,0.02,1000000,2.0
0.0,0.0,8,0.02,1000000,5.0
0.5605666,0.05,8,0.02,1000000,5.0
0.6000312,0.1,8,0.02,1000000,5.0
0.6348545,0.15000000000000002,8,0.02,1000000,5.0
0.6645299,0.2,8,0.02,1000000,5.0
0.69045544,0.25,8,0.02,1000000,5.0
0.718858,0.30000000000000004,8,0.02,1000000,5.0
0.7448957,0.35000000000000003,8,0.02,1000000,5.0
0.7729601,0.4,8,0.02,1000000,5.0
0.80204517,0.45,8,0.02,1000000,5.0
0.8338663,0.5,8,0.02,1000000,5.0
0.86415654,0.55,8,0.02,1000000,5.0
0.8938238,0.6000000000000001,8,0.02,1000000,5.0
0.9230087,0.65,8,0.02,1000000,5.0
0.94736016,0.7000000000000001,8,0.02,1000000,5.0
0.9657081,0.75,8,0.02,1000000,5.0
0.9793883,0.8,8,0.02,1000000,5.0
0.99012077,0.8500000000000001,8,0.02,1000000,5.0
0.9961673,0.9,8,0.02,1000000,5.0
0.99948925,0.9500000000000001,8,0.02,1000000,5.0
1.0,1.0,8,0.02,1000000,5.0
0.0,0.0,8,0.02,1000000,3.0
0.26382297,0.05,8,0.02,1000000,3.0
0.29365662,0.1,8,0.02,1000000,3.0
0.32000834,0.15000000000000002,8,0.02,1000000,3.0
0.34800535,0.2,8,0.02,1000000,3.0
0.37181967,0.25,8,0.02,1000000,3.0
0.401791,0.30000000000000004,8,0.02,1000000,3.0
0.43381536,0.35000000000000003,8,0.02,1000000,3.0
0.4738627,0.4,8,0.02,1000000,3.0
0.51529956,0.45,8,0.02,1000000,3.0
0.5648909,0.5,8,0.02,1000000,3.0
0.62302303,0.55,8,0.02,1000000,3.0
0.6856065,0.6000000000000001,8,0.02,1000000,3.0
0.7510086,0.65,8,0.02,1000000,3.0
0.81264895,0.7000000000000001,8,0.02,1000000,3.0
0.8751136,0.75,8,0.02,1000000,3.0
0.92233044,0.8,8,0.02,1000000,3.0
0.96060646,0.8500000000000001,8,0.02,1000000,3.0
0.9829708,0.9,8,0.02,1000000,3.0
0.9964216,0.9500000000000001,8,0.02,1000000,3.0
1.0,1.0,8,0.02,1000000,3.0
0.0,0.0,9,0.02,1000000,0.1
0.26894695,0.05,9,0.02,1000000,0.1
0.30768558,0.1,9,0.02,1000000,0.1
0.34107512,0.15000000000000002,9,0.02,1000000,0.1
0.37464407,0.2,9,0.02,1000000,0.1
0.4088114,0.25,9,0.02,1000000,0.1
0.43956816,0.30000000000000004,9,0.02,1000000,0.1
0.47075814,0.35000000000000003,9,0.02,1000000,0.1
0.50020325,0.4,9,0.02,1000000,0.1
0.52946424,0.45,9,0.02,1000000,0.1
0.56336707,0.5,9,0.02,1000000,0.1
0.5979344,0.55,9,0.02,1000000,0.1
0.6330498,0.6000000000000001,9,0.02,1000000,0.1
0.669559,0.65,9,0.02,1000000,0.1
0.70504534,0.7000000000000001,9,0.02,1000000,0.1
0.7427427,0.75,9,0.02,1000000,0.1
0.7868608,0.8,9,0.02,1000000,0.1
0.8310079,0.8500000000000001,9,0.02,1000000,0.1
0.88173366,0.9,9,0.02,1000000,0.1
0.9353544,0.9500000000000001,9,0.02,1000000,0.1
1.0,1.0,9,0.02,1000000,0.1
0.00017518572,0.0,9,0.02,1000000,10.0
0.59007883,0.05,9,0.02,1000000,10.0
0.62133306,0.1,9,0.02,1000000,10.0
0.6500029,0.15000000000000002,9,0.02,1000000,10.0
0.67277706,0.2,9,0.02,1000000,10.0
0.6963212,0.25,9,0.02,1000000,10.0
0.72147816,0.30000000000000004,9,0.02,1000000,10.0
0.74871916,0.35000000000000003,9,0.02,1000000,10.0
0.7802044,0.4,9,0.02,1000000,10.0
0.81275225,0.45,9,0.02,1000000,10.0
0.8460858,0.5,9,0.02,1000000,10.0
0.877612,0.55,9,0.02,1000000,10.0
0.9070881,0.6000000000000001,9,0.02,1000000,10.0
0.933392,0.65,9,0.02,1000000,10.0
0.95275074,0.7000000000000001,9,0.02,1000000,10.0
0.96816736,0.75,9,0.02,1000000,10.0
0.97958356,0.8,9,0.02,1000000,10.0
0.9899157,0.8500000000000001,9,0.02,1000000,10.0
0.9960059,0.9,9,0.02,1000000,10.0
0.99940664,0.9500000000000001,9,0.02,1000000,10.0
1.0,1.0,9,0.02,1000000,10.0
9.251858e-05,0.0,9,0.02,1000000,2.0
0.6135819,0.05,9,0.02,1000000,2.0
0.6602617,0.1,9,0.02,1000000,2.0
0.6919294,0.15000000000000002,9,0.02,1000000,2.0
0.7180432,0.2,9,0.02,1000000,2.0
0.7385755,0.25,9,0.02,1000000,2.0
0.76012594,0.30000000000000004,9,0.02,1000000,2.0
0.781955,0.35000000000000003,9,0.02,1000000,2.0
0.80491054,0.4,9,0.02,1000000,2.0
0.8303593,0.45,9,0.02,1000000,2.0
0.8573622,0.5,9,0.02,1000000,2.0
0.8824731,0.55,9,0.02,1000000,2.0
0.9074602,0.6000000000000001,9,0.02,1000000,2.0
0.93214107,0.65,9,0.02,1000000,2.0
0.95503557,0.7000000000000001,9,0.02,1000000,2.0
0.9735132,0.75,9,0.02,1000000,2.0
0.98656034,0.8,9,0.02,1000000,2.0
0.9951474,0.8500000000000001,9,0.02,1000000,2.0
0.9991235,0.9,9,0.02,1000000,2.0
1.0,0.9500000000000001,9,0.02,1000000,2.0
1.0,1.0,9,0.02,1000000,2.0
0.00015927518,0.0,9,0.02,1000000,3.0
0.6049214,0.05,9,0.02,1000000,3.0
0.6398526,0.1,9,0.02,1000000,3.0
0.6718436,0.15000000000000002,9,0.02,1000000,3.0
0.6942794,0.2,9,0.02,1000000,3.0
0.7210337,0.25,9,0.02,1000000,3.0
0.7458631,0.30000000000000004,9,0.02,1000000,3.0
0.7726891,0.35000000000000003,9,0.02,1000000,3.0
0.8012563,0.4,9,0.02,1000000,3.0
0.82900846,0.45,9,0.02,1000000,3.0
0.8593222,0.5,9,0.02,1000000,3.0
0.88564336,0.55,9,0.02,1000000,3.0
0.91044027,0.6000000000000001,9,0.02,1000000,3.0
0.9355836,0.65,9,0.02,1000000,3.0
0.9558241,0.7000000000000001,9,0.02,1000000,3.0
0.9715477,0.75,9,0.02,1000000,3.0
0.9859499,0.8,9,0.02,1000000,3.0
0.99411184,0.8500000000000001,9,0.02,1000000,3.0
0.9976533,0.9,9,0.02,1000000,3.0
1.0,0.9500000000000001,9,0.02,1000000,3.0
1.0,1.0,9,0.02,1000000,3.0
0.00036286426,0.0,9,0.02,1000000,5.0
0.593271,0.05,9,0.02,1000000,5.0
0.6263266,0.1,9,0.02,1000000,5.0
0.6551463,0.15000000000000002,9,0.02,1000000,5.0
0.6779519,0.2,9,0.02,1000000,5.0
0.7022138,0.25,9,0.02,1000000,5.0
0.7285351,0.30000000000000004,9,0.02,1000000,5.0
0.75606287,0.35000000000000003,9,0.02,1000000,5.0
0.78831846,0.4,9,0.02,1000000,5.0
0.82078,0.45,9,0.02,1000000,5.0
0.85326993,0.5,9,0.02,1000000,5.0
0.88309187,0.55,9,0.02,1000000,5.0
0.9111697,0.6000000000000001,9,0.02,1000000,5.0
0.93597335,0.65,9,0.02,1000000,5.0
0.95478904,0.7000000000000001,9,0.02,1000000,5.0
0.9701226,0.75,9,0.02,1000000,5.0
0.9823544,0.8,9,0.02,1000000,5.0
0.9916587,0.8500000000000001,9,0.02,1000000,5.0
0.9965412,0.9,9,0.02,1000000,5.0
0.9995775,0.9500000000000001,9,0.02,1000000,5.0
1.0,1.0,9,0.02,1000000,5.0
