tstinfo_hash	seed	signal_ratio	auc_score_0	p_value_auc_bootstrap	p_value_auc_permutation	mce_score_0	p_value_mce_bootstrap	p_value_mce_permutation
664cUROS3NxH	0	0.0	0.5061795	0.097	0.122	0.4961845874786377	0.193	0.184
mKajuWSuMck8	0	0.01	0.50660664	0.097	0.09	0.5001463890075684	0.517	0.504
zg4D08vDRAsT	0	0.02	0.5447791	0.0	0.0	0.464713990688324	0.0	0.0
5CrWZaPfh2co	1	0.0	0.50230783	0.333	0.306	0.4968007206916809	0.236	0.259
9AhkoUg4x84s	1	0.01	0.5138898	0.005	0.006	0.48987066745758057	0.016	0.017
pDgOca8sKBtd	1	0.02	0.53266084	0.0	0.0	0.4798688292503357	0.0	0.0
